{"type": "FeatureCollection", "features": [{"type": "Feature", "geometry": {"type": "LineString", "coordinates": [[80.795708, 6.029348], [80.795676, 6.029347], [80.795578, 6.029337]]}, "properties": {"id": 0, "u": 33389561, "v": 1725074293, "safety": "unsafe", "district": "tangalle", "source": "ground_truth"}}, {"type": "Feature", "geometry": {"type": "LineString", "coordinates": [[80.795727, 6.029887], [80.795695, 6.029762], [80.795578, 6.029337]]}, "properties": {"id": 1, "u": 33389561, "v": 3960868158, "safety": "unsafe", "district": "tangalle", "source": "ground_truth"}}, {"type": "Feature", "geometry": {"type": "LineString", "coordinates": [[80.794891, 6.02867], [80.794921, 6.028697], [80.794983, 6.028751], [80.795211, 6.028951], [80.795468, 6.029166], [80.795578, 6.029337]]}, "properties": {"id": 2, "u": 33389561, "v": 77379074, "safety": "unsafe", "district": "tangalle", "source": "ground_truth"}}, {"type": "Feature", "geometry": {"type": "LineString", "coordinates": [[80.847211, 6.072906], [80.848012, 6.073746]]}, "properties": {"id": 3, "u": 33389570, "v": 3634924744, "safety": "safe", "district": "tangalle", "source": "ground_truth"}}, {"type": "Feature", "geometry": {"type": "LineString", "coordinates": [[80.847211, 6.072906], [80.845859, 6.071492]]}, "properties": {"id": 4, "u": 33389570, "v": 3634912894, "safety": "safe", "district": "tangalle", "source": "ground_truth"}}, {"type": "Feature", "geometry": {"type": "LineString", "coordinates": [[80.852512, 6.070431], [80.851986, 6.070312], [80.851858, 6.070082], [80.851595, 6.070019], [80.851452, 6.069773], [80.851316, 6.069733], [80.850527, 6.06986], [80.847211, 6.072906]]}, "properties": {"id": 5, "u": 33389570, "v": 3634910692, "safety": "safe", "district": "tangalle", "source": "ground_truth"}}, {"type": "Feature", "geometry": {"type": "LineString", "coordinates": [[80.856655, 6.083893], [80.855916, 6.083037]]}, "properties": {"id": 6, "u": 33389571, "v": 3634912901, "safety": "safe", "district": "tangalle", "source": "ground_truth"}}, {"type": "Feature", "geometry": {"type": "LineString", "coordinates": [[80.860559, 6.086586], [80.859755, 6.086017], [80.857357, 6.084472], [80.856655, 6.083893]]}, "properties": {"id": 7, "u": 33389571, "v": 1748833873, "safety": "safe", "district": "tangalle", "source": "ground_truth"}}, {"type": "Feature", "geometry": {"type": "LineString", "coordinates": [[80.867658, 6.081256], [80.867036, 6.081287], [80.864629, 6.08138], [80.864483, 6.081406], [80.86365, 6.081182], [80.863193, 6.081186], [80.862668, 6.081302], [80.861506, 6.081652], [80.859763, 6.082315], [80.859542, 6.08242], [80.858646, 6.082483], [80.857532, 6.082718], [80.857304, 6.082934], [80.857015, 6.083441], [80.856771, 6.083691], [80.856655, 6.083893]]}, "properties": {"id": 8, "u": 33389571, "v": 2018446852, "safety": "safe", "district": "tangalle", "source": "ground_truth"}}, {"type": "Feature", "geometry": {"type": "LineString", "coordinates": [[80.78206, 6.036455], [80.783377, 6.035989], [80.783698, 6.035864]]}, "properties": {"id": 9, "u": 77375394, "v": 3634843170, "safety": "safe", "district": "tangalle", "source": "ground_truth"}}, {"type": "Feature", "geometry": {"type": "LineString", "coordinates": [[80.784115, 6.035472], [80.784024, 6.035627], [80.783872, 6.035755], [80.783698, 6.035864]]}, "properties": {"id": 10, "u": 77375394, "v": 3592199658, "safety": "safe", "district": "tangalle", "source": "ground_truth"}}, {"type": "Feature", "geometry": {"type": "LineString", "coordinates": [[80.784068, 6.038535], [80.783882, 6.038328], [80.783352, 6.038406], [80.78329, 6.038272], [80.783323, 6.038003], [80.783543, 6.037823], [80.78391, 6.037599], [80.783752, 6.037206], [80.783622, 6.036786], [80.783712, 6.036067], [80.783698, 6.035864]]}, "properties": {"id": 11, "u": 77375394, "v": 3634843045, "safety": "safe", "district": "tangalle", "source": "ground_truth"}}, {"type": "Feature", "geometry": {"type": "LineString", "coordinates": [[80.796539, 6.032887], [80.796477, 6.032792]]}, "properties": {"id": 12, "u": 77379011, "v": 3592218454, "safety": "unsafe", "district": "tangalle", "source": "ground_truth"}}, {"type": "Feature", "geometry": {"type": "LineString", "coordinates": [[80.797219, 6.034209], [80.796657, 6.033121], [80.796539, 6.032887]]}, "properties": {"id": 13, "u": 77379011, "v": 3279688923, "safety": "unsafe", "district": "tangalle", "source": "ground_truth"}}, {"type": "Feature", "geometry": {"type": "LineString", "coordinates": [[80.796539, 6.032887], [80.796258, 6.032979]]}, "properties": {"id": 14, "u": 77379011, "v": 3669997743, "safety": "unsafe", "district": "tangalle", "source": "ground_truth"}}, {"type": "Feature", "geometry": {"type": "LineString", "coordinates": [[80.794891, 6.02867], [80.794853, 6.028537]]}, "properties": {"id": 15, "u": 77379074, "v": 3960797189, "safety": "unsafe", "district": "tangalle", "source": "ground_truth"}}, {"type": "Feature", "geometry": {"type": "LineString", "coordinates": [[80.794891, 6.02867], [80.794765, 6.02863]]}, "properties": {"id": 16, "u": 77379074, "v": 6545241018, "safety": "unsafe", "district": "tangalle", "source": "ground_truth"}}, {"type": "Feature", "geometry": {"type": "LineString", "coordinates": [[80.837111, 6.063992], [80.837675, 6.064359]]}, "properties": {"id": 17, "u": 102736776, "v": 4323161664, "safety": "safe", "district": "tangalle", "source": "ground_truth"}}, {"type": "Feature", "geometry": {"type": "LineString", "coordinates": [[80.830839, 6.059943], [80.831379, 6.060334], [80.834346, 6.062249], [80.837111, 6.063992]]}, "properties": {"id": 18, "u": 102736776, "v": 102736809, "safety": "safe", "district": "tangalle", "source": "ground_truth"}}, {"type": "Feature", "geometry": {"type": "LineString", "coordinates": [[80.838273, 6.063167], [80.83724, 6.063842], [80.837161, 6.063923], [80.837111, 6.063992]]}, "properties": {"id": 19, "u": 102736776, "v": 1750174492, "safety": "safe", "district": "tangalle", "source": "ground_truth"}}, {"type": "Feature", "geometry": {"type": "LineString", "coordinates": [[80.837156, 6.066829], [80.83703, 6.065131], [80.83702, 6.06448], [80.837041, 6.06426], [80.837111, 6.063992]]}, "properties": {"id": 20, "u": 102736776, "v": 1750174588, "safety": "safe", "district": "tangalle", "source": "ground_truth"}}, {"type": "Feature", "geometry": {"type": "LineString", "coordinates": [[80.830839, 6.059943], [80.829852, 6.059176]]}, "properties": {"id": 21, "u": 102736809, "v": 3635239150, "safety": "safe", "district": "tangalle", "source": "ground_truth"}}, {"type": "Feature", "geometry": {"type": "LineString", "coordinates": [[80.831834, 6.058407], [80.831767, 6.058695], [80.831693, 6.058808], [80.831531, 6.058913], [80.831373, 6.059298], [80.831248, 6.059429], [80.830971, 6.059644], [80.830941, 6.059756], [80.830941, 6.059897], [80.830839, 6.059943]]}, "properties": {"id": 22, "u": 102736809, "v": 3635239131, "safety": "safe", "district": "tangalle", "source": "ground_truth"}}, {"type": "Feature", "geometry": {"type": "LineString", "coordinates": [[80.841769, 6.05934], [80.841806, 6.058591]]}, "properties": {"id": 23, "u": 102737221, "v": 3635239138, "safety": "safe", "district": "tangalle", "source": "ground_truth"}}, {"type": "Feature", "geometry": {"type": "LineString", "coordinates": [[80.841769, 6.05934], [80.841837, 6.06176]]}, "properties": {"id": 24, "u": 102737221, "v": 102737303, "safety": "safe", "district": "tangalle", "source": "ground_truth"}}, {"type": "Feature", "geometry": {"type": "LineString", "coordinates": [[80.84317, 6.05938], [80.84292, 6.059375], [80.841769, 6.05934]]}, "properties": {"id": 25, "u": 102737221, "v": 3635239153, "safety": "safe", "district": "tangalle", "source": "ground_truth"}}, {"type": "Feature", "geometry": {"type": "LineString", "coordinates": [[80.845551, 6.060385], [80.844921, 6.060567], [80.844776, 6.060574], [80.844333, 6.060539], [80.843931, 6.060555], [80.843589, 6.060642], [80.843248, 6.060839], [80.8428, 6.061171], [80.842351, 6.061484], [80.841959, 6.061708], [80.841837, 6.06176]]}, "properties": {"id": 26, "u": 102737303, "v": 3635199117, "safety": "safe", "district": "tangalle", "source": "ground_truth"}}, {"type": "Feature", "geometry": {"type": "LineString", "coordinates": [[80.838588, 6.063013], [80.839559, 6.062374], [80.840072, 6.062149], [80.840617, 6.061981], [80.841837, 6.06176]]}, "properties": {"id": 27, "u": 102737303, "v": 102737397, "safety": "safe", "district": "tangalle", "source": "ground_truth"}}, {"type": "Feature", "geometry": {"type": "LineString", "coordinates": [[80.838588, 6.063013], [80.838273, 6.063167]]}, "properties": {"id": 28, "u": 102737397, "v": 1750174492, "safety": "safe", "district": "tangalle", "source": "ground_truth"}}, {"type": "Feature", "geometry": {"type": "LineString", "coordinates": [[80.839013, 6.063838], [80.83901, 6.063712], [80.838588, 6.063013]]}, "properties": {"id": 29, "u": 102737397, "v": 3634919733, "safety": "safe", "district": "tangalle", "source": "ground_truth"}}, {"type": "Feature", "geometry": {"type": "LineString", "coordinates": [[80.842783, 6.0555], [80.841425, 6.055349], [80.840945, 6.055253], [80.840437, 6.055267], [80.839765, 6.055143]]}, "properties": {"id": 30, "u": 102737527, "v": 102737733, "safety": "safe", "district": "tangalle", "source": "ground_truth"}}, {"type": "Feature", "geometry": {"type": "LineString", "coordinates": [[80.842783, 6.0555], [80.842823, 6.054952]]}, "properties": {"id": 31, "u": 102737733, "v": 3635239104, "safety": "safe", "district": "tangalle", "source": "ground_truth"}}, {"type": "Feature", "geometry": {"type": "LineString", "coordinates": [[80.842783, 6.0555], [80.842771, 6.055646]]}, "properties": {"id": 32, "u": 102737733, "v": 3635239109, "safety": "safe", "district": "tangalle", "source": "ground_truth"}}, {"type": "Feature", "geometry": {"type": "LineString", "coordinates": [[80.796156, 6.021965], [80.796163, 6.022314]]}, "properties": {"id": 33, "u": 102737773, "v": 2993960268, "safety": "safe", "district": "tangalle", "source": "ground_truth"}}, {"type": "Feature", "geometry": {"type": "LineString", "coordinates": [[80.79597, 6.022163], [80.796047, 6.02208], [80.796156, 6.021965]]}, "properties": {"id": 34, "u": 102737773, "v": 3258778443, "safety": "safe", "district": "tangalle", "source": "ground_truth"}}, {"type": "Feature", "geometry": {"type": "LineString", "coordinates": [[80.796352, 6.021639], [80.796274, 6.021821], [80.796156, 6.021965]]}, "properties": {"id": 35, "u": 102737773, "v": 3256396052, "safety": "safe", "district": "tangalle", "source": "ground_truth"}}, {"type": "Feature", "geometry": {"type": "LineString", "coordinates": [[80.793952, 6.022337], [80.794225, 6.022327], [80.794445, 6.022349], [80.794846, 6.022473], [80.795364, 6.022623], [80.795574, 6.022697]]}, "properties": {"id": 36, "u": 102737846, "v": 12048751732, "safety": "safe", "district": "tangalle", "source": "ground_truth"}}, {"type": "Feature", "geometry": {"type": "LineString", "coordinates": [[80.794838, 6.024029], [80.795032, 6.023758], [80.795282, 6.023335], [80.795448, 6.022972], [80.795574, 6.022697]]}, "properties": {"id": 37, "u": 102737846, "v": 3279674166, "safety": "safe", "district": "tangalle", "source": "ground_truth"}}, {"type": "Feature", "geometry": {"type": "LineString", "coordinates": [[80.795846, 6.02228], [80.795709, 6.022428], [80.795574, 6.022697]]}, "properties": {"id": 38, "u": 102737846, "v": 102737884, "safety": "safe", "district": "tangalle", "source": "ground_truth"}}, {"type": "Feature", "geometry": {"type": "LineString", "coordinates": [[80.795846, 6.02228], [80.79597, 6.022163]]}, "properties": {"id": 39, "u": 102737884, "v": 3258778443, "safety": "safe", "district": "tangalle", "source": "ground_truth"}}, {"type": "Feature", "geometry": {"type": "LineString", "coordinates": [[80.796163, 6.022314], [80.796003, 6.022271], [80.795846, 6.02228]]}, "properties": {"id": 40, "u": 102737884, "v": 2993960268, "safety": "safe", "district": "tangalle", "source": "ground_truth"}}, {"type": "Feature", "geometry": {"type": "LineString", "coordinates": [[80.793689, 6.024895], [80.793584, 6.024716]]}, "properties": {"id": 41, "u": 308864603, "v": 308864604, "safety": "safe", "district": "tangalle", "source": "ground_truth"}}, {"type": "Feature", "geometry": {"type": "LineString", "coordinates": [[80.794273, 6.025618], [80.794088, 6.025402], [80.793777, 6.025046], [80.793689, 6.024895]]}, "properties": {"id": 42, "u": 308864603, "v": 3592218007, "safety": "safe", "district": "tangalle", "source": "ground_truth"}}, {"type": "Feature", "geometry": {"type": "LineString", "coordinates": [[80.794838, 6.024029], [80.794549, 6.024284], [80.794304, 6.024437], [80.794001, 6.024595], [80.793866, 6.024676], [80.793749, 6.024809], [80.793689, 6.024895]]}, "properties": {"id": 43, "u": 308864603, "v": 3279674166, "safety": "safe", "district": "tangalle", "source": "ground_truth"}}, {"type": "Feature", "geometry": {"type": "LineString", "coordinates": [[80.791971, 6.024862], [80.792243, 6.024907], [80.792686, 6.02496], [80.7928, 6.024954], [80.793144, 6.024858], [80.793182, 6.02483], [80.793224, 6.024772], [80.793273, 6.024733], [80.793352, 6.024721], [80.793584, 6.024716]]}, "properties": {"id": 44, "u": 308864604, "v": 3960800799, "safety": "safe", "district": "tangalle", "source": "ground_truth"}}, {"type": "Feature", "geometry": {"type": "LineString", "coordinates": [[80.792475, 6.022528], [80.792553, 6.022642], [80.792725, 6.022943], [80.792839, 6.023163], [80.792937, 6.023351], [80.793124, 6.023738], [80.793584, 6.024716]]}, "properties": {"id": 45, "u": 308864604, "v": 308864609, "safety": "safe", "district": "tangalle", "source": "ground_truth"}}, {"type": "Feature", "geometry": {"type": "LineString", "coordinates": [[80.792475, 6.022528], [80.793092, 6.022443]]}, "properties": {"id": 46, "u": 308864609, "v": 3258779163, "safety": "safe", "district": "tangalle", "source": "ground_truth"}}, {"type": "Feature", "geometry": {"type": "LineString", "coordinates": [[80.791254, 6.022529], [80.791507, 6.022566], [80.791756, 6.022578], [80.79194, 6.022576], [80.79212, 6.022577], [80.792475, 6.022528]]}, "properties": {"id": 47, "u": 308864609, "v": 308864611, "safety": "safe", "district": "tangalle", "source": "ground_truth"}}, {"type": "Feature", "geometry": {"type": "LineString", "coordinates": [[80.791254, 6.022529], [80.790948, 6.022491]]}, "properties": {"id": 48, "u": 308864611, "v": 5968317664, "safety": "safe", "district": "tangalle", "source": "ground_truth"}}, {"type": "Feature", "geometry": {"type": "LineString", "coordinates": [[80.790844, 6.022041], [80.791271, 6.022051], [80.791254, 6.022529]]}, "properties": {"id": 49, "u": 308864611, "v": 3960800793, "safety": "safe", "district": "tangalle", "source": "ground_truth"}}, {"type": "Feature", "geometry": {"type": "LineString", "coordinates": [[80.7901, 6.022296], [80.790171, 6.022296]]}, "properties": {"id": 50, "u": 308864614, "v": 3977260754, "safety": "safe", "district": "tangalle", "source": "ground_truth"}}, {"type": "Feature", "geometry": {"type": "LineString", "coordinates": [[80.788888, 6.022263], [80.788948, 6.022276], [80.789817, 6.022407], [80.78986, 6.022411], [80.789892, 6.022408], [80.789927, 6.022382], [80.789969, 6.022344], [80.79, 6.022319], [80.790051, 6.022308], [80.7901, 6.022296]]}, "properties": {"id": 51, "u": 308864614, "v": 3206622965, "safety": "safe", "district": "tangalle", "source": "ground_truth"}}, {"type": "Feature", "geometry": {"type": "LineString", "coordinates": [[80.788669, 6.021204], [80.789298, 6.021326], [80.789757, 6.021298], [80.790244, 6.021116], [80.790188, 6.021934], [80.7901, 6.022296]]}, "properties": {"id": 52, "u": 308864614, "v": 3634834020, "safety": "safe", "district": "tangalle", "source": "ground_truth"}}, {"type": "Feature", "geometry": {"type": "LineString", "coordinates": [[80.787776, 6.021777], [80.787464, 6.021782]]}, "properties": {"id": 53, "u": 308864619, "v": 3634834042, "safety": "safe", "district": "tangalle", "source": "ground_truth"}}, {"type": "Feature", "geometry": {"type": "LineString", "coordinates": [[80.787776, 6.021777], [80.788319, 6.021884]]}, "properties": {"id": 54, "u": 308864619, "v": 3977260748, "safety": "safe", "district": "tangalle", "source": "ground_truth"}}, {"type": "Feature", "geometry": {"type": "LineString", "coordinates": [[80.787776, 6.021777], [80.787774, 6.022166]]}, "properties": {"id": 55, "u": 308864619, "v": 3634834050, "safety": "safe", "district": "tangalle", "source": "ground_truth"}}, {"type": "Feature", "geometry": {"type": "LineString", "coordinates": [[80.782033, 6.021341], [80.78222, 6.021465], [80.782358, 6.021527], [80.782463, 6.021563], [80.78269, 6.021624]]}, "properties": {"id": 56, "u": 308864626, "v": 308864628, "safety": "safe", "district": "tangalle", "source": "ground_truth"}}, {"type": "Feature", "geometry": {"type": "LineString", "coordinates": [[80.784703, 6.021542], [80.784328, 6.021592], [80.784136, 6.021625], [80.783979, 6.021635], [80.78269, 6.021624]]}, "properties": {"id": 57, "u": 308864626, "v": 3960869404, "safety": "safe", "district": "tangalle", "source": "ground_truth"}}, {"type": "Feature", "geometry": {"type": "LineString", "coordinates": [[80.781153, 6.024337], [80.782313, 6.024187], [80.782372, 6.024044], [80.782461, 6.023639], [80.782584, 6.023394], [80.782697, 6.022982], [80.782731, 6.022686], [80.78271, 6.022236], [80.78269, 6.021624]]}, "properties": {"id": 58, "u": 308864626, "v": 3966200164, "safety": "safe", "district": "tangalle", "source": "ground_truth"}}, {"type": "Feature", "geometry": {"type": "LineString", "coordinates": [[80.778123, 6.019369], [80.778529, 6.019549], [80.778863, 6.019765], [80.779013, 6.019865], [80.779484, 6.02021], [80.779797, 6.020434], [80.779939, 6.020521], [80.780018, 6.020541], [80.780102, 6.020543], [80.780203, 6.020522], [80.780299, 6.020513], [80.78035, 6.020524], [80.780394, 6.02055], [80.780815, 6.021157], [80.780895, 6.021201], [80.78097, 6.02122], [80.781063, 6.021237], [80.781126, 6.021241], [80.781453, 6.021225], [80.781621, 6.021227], [80.781725, 6.02124], [80.781816, 6.021268], [80.781932, 6.021308], [80.782033, 6.021341]]}, "properties": {"id": 59, "u": 308864628, "v": 3200305855, "safety": "safe", "district": "tangalle", "source": "ground_truth"}}, {"type": "Feature", "geometry": {"type": "LineString", "coordinates": [[80.782565, 6.019714], [80.782502, 6.020181], [80.782478, 6.020213], [80.782161, 6.020254], [80.782107, 6.020283], [80.78205, 6.02075], [80.782033, 6.021341]]}, "properties": {"id": 60, "u": 308864628, "v": 3977260736, "safety": "safe", "district": "tangalle", "source": "ground_truth"}}, {"type": "Feature", "geometry": {"type": "LineString", "coordinates": [[80.829333, 6.052927], [80.82916, 6.052294], [80.829124, 6.052263]]}, "properties": {"id": 61, "u": 1630892175, "v": 1630892196, "safety": "safe", "district": "tangalle", "source": "ground_truth"}}, {"type": "Feature", "geometry": {"type": "LineString", "coordinates": [[80.829333, 6.052927], [80.829465, 6.053032]]}, "properties": {"id": 62, "u": 1630892196, "v": 1630892251, "safety": "safe", "district": "tangalle", "source": "ground_truth"}}, {"type": "Feature", "geometry": {"type": "LineString", "coordinates": [[80.828577, 6.053202], [80.828622, 6.053114], [80.828933, 6.052973], [80.829161, 6.052914], [80.829333, 6.052927]]}, "properties": {"id": 63, "u": 1630892196, "v": 3635239095, "safety": "safe", "district": "tangalle", "source": "ground_truth"}}, {"type": "Feature", "geometry": {"type": "LineString", "coordinates": [[80.82788, 6.058031], [80.827955, 6.057221], [80.828101, 6.056931], [80.828551, 6.056655], [80.829001, 6.055627], [80.829028, 6.05543], [80.828935, 6.055087], [80.829173, 6.054534], [80.82916, 6.054073], [80.829306, 6.053809], [80.829412, 6.053414], [80.829505, 6.053203], [80.829465, 6.053032]]}, "properties": {"id": 64, "u": 1630892251, "v": 1630892395, "safety": "safe", "district": "tangalle", "source": "ground_truth"}}, {"type": "Feature", "geometry": {"type": "LineString", "coordinates": [[80.829577, 6.053043], [80.829531, 6.053051], [80.829465, 6.053032]]}, "properties": {"id": 65, "u": 1630892251, "v": 1630895700, "safety": "safe", "district": "tangalle", "source": "ground_truth"}}, {"type": "Feature", "geometry": {"type": "LineString", "coordinates": [[80.82788, 6.058031], [80.826691, 6.057382]]}, "properties": {"id": 66, "u": 1630892395, "v": 1630950858, "safety": "safe", "district": "tangalle", "source": "ground_truth"}}, {"type": "Feature", "geometry": {"type": "LineString", "coordinates": [[80.829852, 6.059176], [80.828937, 6.058621], [80.828431, 6.058364], [80.82788, 6.058031]]}, "properties": {"id": 67, "u": 1630892395, "v": 3635239150, "safety": "safe", "district": "tangalle", "source": "ground_truth"}}, {"type": "Feature", "geometry": {"type": "LineString", "coordinates": [[80.825753, 6.055108], [80.825748, 6.055357]]}, "properties": {"id": 68, "u": 1630950851, "v": 3698271612, "safety": "safe", "district": "tangalle", "source": "ground_truth"}}, {"type": "Feature", "geometry": {"type": "LineString", "coordinates": [[80.825753, 6.055108], [80.826076, 6.054572]]}, "properties": {"id": 69, "u": 1630950851, "v": 3635239099, "safety": "safe", "district": "tangalle", "source": "ground_truth"}}, {"type": "Feature", "geometry": {"type": "LineString", "coordinates": [[80.825753, 6.055108], [80.82483, 6.05501]]}, "properties": {"id": 70, "u": 1630950851, "v": 3698271610, "safety": "safe", "district": "tangalle", "source": "ground_truth"}}, {"type": "Feature", "geometry": {"type": "LineString", "coordinates": [[80.825096, 6.056505], [80.825748, 6.055357]]}, "properties": {"id": 71, "u": 1630950855, "v": 3698271612, "safety": "safe", "district": "tangalle", "source": "ground_truth"}}, {"type": "Feature", "geometry": {"type": "LineString", "coordinates": [[80.826691, 6.057382], [80.825534, 6.056766], [80.825096, 6.056505]]}, "properties": {"id": 72, "u": 1630950855, "v": 1630950858, "safety": "safe", "district": "tangalle", "source": "ground_truth"}}, {"type": "Feature", "geometry": {"type": "LineString", "coordinates": [[80.824484, 6.056038], [80.824737, 6.056267], [80.825096, 6.056505]]}, "properties": {"id": 73, "u": 1630950855, "v": 1750174382, "safety": "safe", "district": "tangalle", "source": "ground_truth"}}, {"type": "Feature", "geometry": {"type": "LineString", "coordinates": [[80.827561, 6.054843], [80.827707, 6.055192], [80.827616, 6.055404], [80.827033, 6.056434], [80.827023, 6.05681], [80.826691, 6.057382]]}, "properties": {"id": 74, "u": 1630950858, "v": 3635239100, "safety": "safe", "district": "tangalle", "source": "ground_truth"}}, {"type": "Feature", "geometry": {"type": "LineString", "coordinates": [[80.795676, 6.028834], [80.795793, 6.028905], [80.795795, 6.028949], [80.795769, 6.029015], [80.795733, 6.029148], [80.795717, 6.029297], [80.795708, 6.029348]]}, "properties": {"id": 75, "u": 1725074293, "v": 13580396343, "safety": "unsafe", "district": "tangalle", "source": "ground_truth"}}, {"type": "Feature", "geometry": {"type": "LineString", "coordinates": [[80.796925, 6.030186], [80.796545, 6.030007], [80.796274, 6.029716], [80.796036, 6.029503], [80.79594, 6.029446], [80.795828, 6.029387], [80.795708, 6.029348]]}, "properties": {"id": 76, "u": 1725074293, "v": 1841317098, "safety": "unsafe", "district": "tangalle", "source": "ground_truth"}}, {"type": "Feature", "geometry": {"type": "LineString", "coordinates": [[80.800699, 6.033062], [80.800575, 6.0329], [80.800454, 6.032811], [80.800302, 6.0327], [80.80012, 6.032566], [80.799862, 6.032397], [80.799326, 6.032246], [80.799136, 6.032149]]}, "properties": {"id": 77, "u": 1725074303, "v": 3279686802, "safety": "unsafe", "district": "tangalle", "source": "ground_truth"}}, {"type": "Feature", "geometry": {"type": "LineString", "coordinates": [[80.79875, 6.031726], [80.798918, 6.031972], [80.799136, 6.032149]]}, "properties": {"id": 78, "u": 1725074303, "v": 3592218450, "safety": "unsafe", "district": "tangalle", "source": "ground_truth"}}, {"type": "Feature", "geometry": {"type": "LineString", "coordinates": [[80.798797, 6.034969], [80.798678, 6.034415], [80.798658, 6.033432], [80.798885, 6.033011], [80.799077, 6.032484], [80.799136, 6.032149]]}, "properties": {"id": 79, "u": 1725074303, "v": 1725074324, "safety": "unsafe", "district": "tangalle", "source": "ground_truth"}}, {"type": "Feature", "geometry": {"type": "LineString", "coordinates": [[80.810293, 6.039533], [80.810244, 6.03951], [80.809995, 6.039394], [80.80983, 6.039293], [80.809373, 6.039141], [80.809156, 6.039045], [80.808677, 6.038797], [80.808512, 6.038714], [80.808039, 6.038626], [80.807011, 6.037977], [80.806648, 6.03776], [80.806238, 6.037325], [80.805767, 6.037017], [80.805456, 6.03686], [80.805092, 6.036649], [80.804597, 6.036362], [80.80439, 6.036242], [80.803595, 6.035782], [80.802821, 6.035218], [80.802437, 6.034928], [80.802237, 6.034681], [80.802142, 6.034595], [80.801944, 6.034455]]}, "properties": {"id": 80, "u": 1725074318, "v": 3517719478, "safety": "unsafe", "district": "tangalle", "source": "ground_truth"}}, {"type": "Feature", "geometry": {"type": "LineString", "coordinates": [[80.800699, 6.033062], [80.801033, 6.033443], [80.801234, 6.033728], [80.801491, 6.034048], [80.801944, 6.034455]]}, "properties": {"id": 81, "u": 1725074318, "v": 3279686802, "safety": "unsafe", "district": "tangalle", "source": "ground_truth"}}, {"type": "Feature", "geometry": {"type": "LineString", "coordinates": [[80.80155, 6.03662], [80.801485, 6.036111], [80.80158, 6.035288], [80.801628, 6.035151], [80.801716, 6.034901], [80.801944, 6.034455]]}, "properties": {"id": 82, "u": 1725074318, "v": 1725074351, "safety": "unsafe", "district": "tangalle", "source": "ground_truth"}}, {"type": "Feature", "geometry": {"type": "LineString", "coordinates": [[80.798509, 6.036873], [80.798694, 6.036736], [80.798789, 6.036227], [80.798797, 6.034969]]}, "properties": {"id": 83, "u": 1725074324, "v": 1725074362, "safety": "unsafe", "district": "tangalle", "source": "ground_truth"}}, {"type": "Feature", "geometry": {"type": "LineString", "coordinates": [[80.797851, 6.035483], [80.798259, 6.035311], [80.798492, 6.035192], [80.798797, 6.034969]]}, "properties": {"id": 84, "u": 1725074324, "v": 3669997738, "safety": "unsafe", "district": "tangalle", "source": "ground_truth"}}, {"type": "Feature", "geometry": {"type": "LineString", "coordinates": [[80.799706, 6.03944], [80.799939, 6.039234], [80.800492, 6.038538], [80.800865, 6.038109], [80.800922, 6.038023], [80.801302, 6.037451], [80.801556, 6.037116], [80.801592, 6.036934], [80.80155, 6.03662]]}, "properties": {"id": 85, "u": 1725074351, "v": 1725074384, "safety": "unsafe", "district": "tangalle", "source": "ground_truth"}}, {"type": "Feature", "geometry": {"type": "LineString", "coordinates": [[80.803194, 6.037578], [80.803255, 6.037413], [80.803322, 6.037248], [80.803404, 6.037058], [80.803517, 6.03681], [80.803224, 6.03682], [80.802902, 6.036901], [80.802673, 6.036933], [80.802453, 6.036934], [80.802181, 6.036887], [80.802136, 6.036845], [80.802089, 6.036707], [80.802018, 6.036672], [80.801883, 6.036653], [80.80155, 6.03662]]}, "properties": {"id": 86, "u": 1725074351, "v": 10572221732, "safety": "unsafe", "district": "tangalle", "source": "ground_truth"}}, {"type": "Feature", "geometry": {"type": "LineString", "coordinates": [[80.798509, 6.036873], [80.798888, 6.037818]]}, "properties": {"id": 87, "u": 1725074362, "v": 3279688918, "safety": "unsafe", "district": "tangalle", "source": "ground_truth"}}, {"type": "Feature", "geometry": {"type": "LineString", "coordinates": [[80.798509, 6.036873], [80.79848, 6.036823]]}, "properties": {"id": 88, "u": 1725074362, "v": 2670712326, "safety": "unsafe", "district": "tangalle", "source": "ground_truth"}}, {"type": "Feature", "geometry": {"type": "LineString", "coordinates": [[80.790994, 6.037776], [80.790761, 6.037704]]}, "properties": {"id": 89, "u": 1725074369, "v": 3635380052, "safety": "unsafe", "district": "tangalle", "source": "ground_truth"}}, {"type": "Feature", "geometry": {"type": "LineString", "coordinates": [[80.792639, 6.036535], [80.791205, 6.037467], [80.791083, 6.037595], [80.790994, 6.037776]]}, "properties": {"id": 90, "u": 1725074369, "v": 13586593580, "safety": "unsafe", "district": "tangalle", "source": "ground_truth"}}, {"type": "Feature", "geometry": {"type": "LineString", "coordinates": [[80.790983, 6.038087], [80.790985, 6.038039], [80.790994, 6.037776]]}, "properties": {"id": 91, "u": 1725074369, "v": 2670712436, "safety": "unsafe", "district": "tangalle", "source": "ground_truth"}}, {"type": "Feature", "geometry": {"type": "LineString", "coordinates": [[80.807862, 6.044153], [80.806121, 6.043231], [80.805923, 6.043127], [80.80377, 6.041987], [80.803043, 6.041621], [80.802142, 6.04113], [80.800571, 6.040311], [80.80042, 6.040224], [80.800156, 6.040013], [80.799923, 6.039725], [80.799706, 6.03944]]}, "properties": {"id": 92, "u": 1725074384, "v": 3279686789, "safety": "unsafe", "district": "tangalle", "source": "ground_truth"}}, {"type": "Feature", "geometry": {"type": "LineString", "coordinates": [[80.799242, 6.038647], [80.799368, 6.038897], [80.79961, 6.039315], [80.799706, 6.03944]]}, "properties": {"id": 93, "u": 1725074384, "v": 13572979536, "safety": "unsafe", "district": "tangalle", "source": "ground_truth"}}, {"type": "Feature", "geometry": {"type": "LineString", "coordinates": [[80.78867, 6.06497], [80.788623, 6.065694], [80.788286, 6.069255]]}, "properties": {"id": 94, "u": 1725074433, "v": 1750174577, "safety": "safe", "district": "tangalle", "source": "ground_truth"}}, {"type": "Feature", "geometry": {"type": "LineString", "coordinates": [[80.787409, 6.072833], [80.787865, 6.071205], [80.788174, 6.070455], [80.788231, 6.070155], [80.788286, 6.069255]]}, "properties": {"id": 95, "u": 1725074433, "v": 1725074436, "safety": "safe", "district": "tangalle", "source": "ground_truth"}}, {"type": "Feature", "geometry": {"type": "LineString", "coordinates": [[80.783419, 6.069599], [80.783647, 6.069179], [80.788286, 6.069255]]}, "properties": {"id": 96, "u": 1725074433, "v": 3698300822, "safety": "safe", "district": "tangalle", "source": "ground_truth"}}, {"type": "Feature", "geometry": {"type": "LineString", "coordinates": [[80.785617, 6.080238], [80.78647, 6.07789], [80.786757, 6.076946], [80.786773, 6.076677], [80.786757, 6.076353], [80.786664, 6.075915], [80.786629, 6.075635], [80.786678, 6.075189], [80.787169, 6.073525], [80.787409, 6.072833]]}, "properties": {"id": 97, "u": 1725074436, "v": 1750174900, "safety": "safe", "district": "tangalle", "source": "ground_truth"}}, {"type": "Feature", "geometry": {"type": "LineString", "coordinates": [[80.784054, 6.07202], [80.784277, 6.072087], [80.784457, 6.072182], [80.784631, 6.072309], [80.784922, 6.072381], [80.785348, 6.072405], [80.78551, 6.072436], [80.785777, 6.072542], [80.785905, 6.07257], [80.786341, 6.072526], [80.786687, 6.072557], [80.787046, 6.072661], [80.787409, 6.072833]]}, "properties": {"id": 98, "u": 1725074436, "v": 3698301991, "safety": "safe", "district": "tangalle", "source": "ground_truth"}}, {"type": "Feature", "geometry": {"type": "LineString", "coordinates": [[80.822895, 6.044008], [80.822788, 6.043655], [80.822735, 6.043559], [80.822603, 6.043453], [80.822565, 6.04309], [80.822576, 6.043017]]}, "properties": {"id": 99, "u": 1748806689, "v": 1748806728, "safety": "unsafe", "district": "tangalle", "source": "ground_truth"}}, {"type": "Feature", "geometry": {"type": "LineString", "coordinates": [[80.82215, 6.044956], [80.82229, 6.0449], [80.822468, 6.044779], [80.822752, 6.04417], [80.822895, 6.044008]]}, "properties": {"id": 100, "u": 1748806728, "v": 2670694106, "safety": "unsafe", "district": "tangalle", "source": "ground_truth"}}, {"type": "Feature", "geometry": {"type": "LineString", "coordinates": [[80.824246, 6.043246], [80.82403, 6.043248], [80.823769, 6.043162], [80.823627, 6.043238], [80.822954, 6.043933], [80.822895, 6.044008]]}, "properties": {"id": 101, "u": 1748806728, "v": 4007564836, "safety": "unsafe", "district": "tangalle", "source": "ground_truth"}}, {"type": "Feature", "geometry": {"type": "LineString", "coordinates": [[80.81848, 6.04528], [80.81838, 6.04591]]}, "properties": {"id": 102, "u": 1748806755, "v": 1748806785, "safety": "unsafe", "district": "tangalle", "source": "ground_truth"}}, {"type": "Feature", "geometry": {"type": "LineString", "coordinates": [[80.816418, 6.042852], [80.816432, 6.042926], [80.816741, 6.042902], [80.817018, 6.042843], [80.817347, 6.042664], [80.817686, 6.042427], [80.81776, 6.042405], [80.817813, 6.042429], [80.817977, 6.042735], [80.818068, 6.042909], [80.81827, 6.04327], [80.81847, 6.0438], [80.81855, 6.04419], [80.81858, 6.04471], [80.81848, 6.04528]]}, "properties": {"id": 103, "u": 1748806755, "v": 10572164610, "safety": "unsafe", "district": "tangalle", "source": "ground_truth"}}, {"type": "Feature", "geometry": {"type": "LineString", "coordinates": [[80.82215, 6.044956], [80.821496, 6.045104], [80.82093, 6.045292], [80.820295, 6.045322], [80.820007, 6.045287], [80.819775, 6.045266], [80.81848, 6.04528]]}, "properties": {"id": 104, "u": 1748806755, "v": 2670694106, "safety": "unsafe", "district": "tangalle", "source": "ground_truth"}}, {"type": "Feature", "geometry": {"type": "LineString", "coordinates": [[80.816156, 6.045659], [80.815813, 6.047329]]}, "properties": {"id": 105, "u": 1748806764, "v": 1748806805, "safety": "safe", "district": "tangalle", "source": "ground_truth"}}, {"type": "Feature", "geometry": {"type": "LineString", "coordinates": [[80.81838, 6.04591], [80.81863, 6.045888], [80.818902, 6.045789], [80.819101, 6.045749], [80.81917, 6.045761]]}, "properties": {"id": 106, "u": 1748806777, "v": 1748806785, "safety": "unsafe", "district": "tangalle", "source": "ground_truth"}}, {"type": "Feature", "geometry": {"type": "LineString", "coordinates": [[80.815813, 6.047329], [80.815863, 6.047312], [80.81725, 6.04734], [80.81818, 6.04736], [80.81822, 6.04732], [80.8183, 6.04702], [80.81833, 6.04681], [80.81838, 6.04591]]}, "properties": {"id": 107, "u": 1748806785, "v": 1748806805, "safety": "unsafe", "district": "tangalle", "source": "ground_truth"}}, {"type": "Feature", "geometry": {"type": "LineString", "coordinates": [[80.815813, 6.047329], [80.8158, 6.04738]]}, "properties": {"id": 108, "u": 1748806805, "v": 1748806821, "safety": "safe", "district": "tangalle", "source": "ground_truth"}}, {"type": "Feature", "geometry": {"type": "LineString", "coordinates": [[80.8158, 6.04738], [80.8153, 6.04739]]}, "properties": {"id": 109, "u": 1748806821, "v": 1748806824, "safety": "safe", "district": "tangalle", "source": "ground_truth"}}, {"type": "Feature", "geometry": {"type": "LineString", "coordinates": [[80.815719, 6.050686], [80.815713, 6.050517], [80.815764, 6.049474], [80.815775, 6.04776], [80.8158, 6.04738]]}, "properties": {"id": 110, "u": 1748806821, "v": 1748806851, "safety": "safe", "district": "tangalle", "source": "ground_truth"}}, {"type": "Feature", "geometry": {"type": "LineString", "coordinates": [[80.8153, 6.04739], [80.815334, 6.046578]]}, "properties": {"id": 111, "u": 1748806824, "v": 13584756671, "safety": "safe", "district": "tangalle", "source": "ground_truth"}}, {"type": "Feature", "geometry": {"type": "LineString", "coordinates": [[80.815076, 6.050317], [80.815128, 6.05023], [80.815159, 6.05009], [80.815171, 6.049791], [80.815182, 6.049488], [80.815134, 6.049113], [80.815157, 6.048402], [80.815246, 6.047605], [80.8153, 6.04739]]}, "properties": {"id": 112, "u": 1748806824, "v": 13584756676, "safety": "safe", "district": "tangalle", "source": "ground_truth"}}, {"type": "Feature", "geometry": {"type": "LineString", "coordinates": [[80.815719, 6.050686], [80.815076, 6.050317]]}, "properties": {"id": 113, "u": 1748806851, "v": 13584756676, "safety": "safe", "district": "tangalle", "source": "ground_truth"}}, {"type": "Feature", "geometry": {"type": "LineString", "coordinates": [[80.81817, 6.052186], [80.816859, 6.05141], [80.815719, 6.050686]]}, "properties": {"id": 114, "u": 1748806851, "v": 1750174289, "safety": "unsafe", "district": "tangalle", "source": "ground_truth"}}, {"type": "Feature", "geometry": {"type": "LineString", "coordinates": [[80.860559, 6.086586], [80.861461, 6.087255]]}, "properties": {"id": 115, "u": 1748833873, "v": 3634912921, "safety": "safe", "district": "tangalle", "source": "ground_truth"}}, {"type": "Feature", "geometry": {"type": "LineString", "coordinates": [[80.859778, 6.088514], [80.860297, 6.087202], [80.860559, 6.086586]]}, "properties": {"id": 116, "u": 1748833873, "v": 3634925489, "safety": "safe", "district": "tangalle", "source": "ground_truth"}}, {"type": "Feature", "geometry": {"type": "LineString", "coordinates": [[80.866667, 6.090833], [80.868797, 6.092284]]}, "properties": {"id": 117, "u": 1748833876, "v": 3680803830, "safety": "safe", "district": "tangalle", "source": "ground_truth"}}, {"type": "Feature", "geometry": {"type": "LineString", "coordinates": [[80.866667, 6.090833], [80.865472, 6.089988]]}, "properties": {"id": 118, "u": 1748833876, "v": 3667034068, "safety": "safe", "district": "tangalle", "source": "ground_truth"}}, {"type": "Feature", "geometry": {"type": "LineString", "coordinates": [[80.864594, 6.09355], [80.865019, 6.09271], [80.865115, 6.092453], [80.865183, 6.092342], [80.865239, 6.092298], [80.865362, 6.09225], [80.865557, 6.092242], [80.865621, 6.092219], [80.865916, 6.091751], [80.866064, 6.091596], [80.866176, 6.091433], [80.866335, 6.091311], [80.866667, 6.090833]]}, "properties": {"id": 119, "u": 1748833876, "v": 3634927334, "safety": "safe", "district": "tangalle", "source": "ground_truth"}}, {"type": "Feature", "geometry": {"type": "LineString", "coordinates": [[80.816202, 6.054709], [80.816578, 6.054426], [80.816911, 6.05421], [80.81804, 6.05364], [80.8181, 6.053075], [80.81817, 6.052186]]}, "properties": {"id": 120, "u": 1750174289, "v": 3680934062, "safety": "safe", "district": "tangalle", "source": "ground_truth"}}, {"type": "Feature", "geometry": {"type": "LineString", "coordinates": [[80.820488, 6.053608], [80.818762, 6.052578], [80.81817, 6.052186]]}, "properties": {"id": 121, "u": 1750174289, "v": 3680934066, "safety": "safe", "district": "tangalle", "source": "ground_truth"}}, {"type": "Feature", "geometry": {"type": "LineString", "coordinates": [[80.813621, 6.055054], [80.81353, 6.055358]]}, "properties": {"id": 122, "u": 1750174348, "v": 3698285549, "safety": "safe", "district": "tangalle", "source": "ground_truth"}}, {"type": "Feature", "geometry": {"type": "LineString", "coordinates": [[80.815899, 6.055091], [80.815809, 6.05516], [80.815512, 6.05523], [80.815219, 6.055259], [80.81465, 6.05515], [80.813621, 6.055054]]}, "properties": {"id": 123, "u": 1750174348, "v": 1750174352, "safety": "safe", "district": "tangalle", "source": "ground_truth"}}, {"type": "Feature", "geometry": {"type": "LineString", "coordinates": [[80.813845, 6.053134], [80.813891, 6.053597], [80.813802, 6.054311], [80.813621, 6.055054]]}, "properties": {"id": 124, "u": 1750174348, "v": 3680934080, "safety": "safe", "district": "tangalle", "source": "ground_truth"}}, {"type": "Feature", "geometry": {"type": "LineString", "coordinates": [[80.816202, 6.054709], [80.816059, 6.054809], [80.815899, 6.055091]]}, "properties": {"id": 125, "u": 1750174352, "v": 3680934062, "safety": "safe", "district": "tangalle", "source": "ground_truth"}}, {"type": "Feature", "geometry": {"type": "LineString", "coordinates": [[80.816055, 6.05656], [80.815891, 6.056319], [80.815766, 6.056177], [80.815966, 6.055782], [80.815964, 6.055417], [80.815899, 6.055091]]}, "properties": {"id": 126, "u": 1750174352, "v": 3698285562, "safety": "safe", "district": "tangalle", "source": "ground_truth"}}, {"type": "Feature", "geometry": {"type": "LineString", "coordinates": [[80.824484, 6.056038], [80.820488, 6.053608]]}, "properties": {"id": 127, "u": 1750174382, "v": 3680934066, "safety": "unsafe", "district": "tangalle", "source": "ground_truth"}}, {"type": "Feature", "geometry": {"type": "LineString", "coordinates": [[80.824202, 6.057001], [80.824395, 6.05641], [80.824484, 6.056038]]}, "properties": {"id": 128, "u": 1750174382, "v": 1750174402, "safety": "safe", "district": "tangalle", "source": "ground_truth"}}, {"type": "Feature", "geometry": {"type": "LineString", "coordinates": [[80.813069, 6.066762], [80.812923, 6.064645], [80.812773, 6.061801], [80.812742, 6.060312], [80.812672, 6.058814], [80.812522, 6.057435], [80.812519, 6.056676]]}, "properties": {"id": 129, "u": 1750174399, "v": 3698265436, "safety": "safe", "district": "tangalle", "source": "ground_truth"}}, {"type": "Feature", "geometry": {"type": "LineString", "coordinates": [[80.79987, 6.062409], [80.800872, 6.062086], [80.801455, 6.062011], [80.801861, 6.06191], [80.803163, 6.06166], [80.80455, 6.061454], [80.807701, 6.060924], [80.809812, 6.060554], [80.810076, 6.060488], [80.810169, 6.060409], [80.810328, 6.060234], [80.810695, 6.059694], [80.811446, 6.058399], [80.812519, 6.056676]]}, "properties": {"id": 130, "u": 1750174399, "v": 1750174481, "safety": "safe", "district": "tangalle", "source": "ground_truth"}}, {"type": "Feature", "geometry": {"type": "LineString", "coordinates": [[80.81353, 6.055358], [80.813319, 6.055731], [80.812794, 6.05637], [80.812562, 6.056609], [80.812519, 6.056676]]}, "properties": {"id": 131, "u": 1750174399, "v": 3698285549, "safety": "safe", "district": "tangalle", "source": "ground_truth"}}, {"type": "Feature", "geometry": {"type": "LineString", "coordinates": [[80.824202, 6.057001], [80.823884, 6.059141]]}, "properties": {"id": 132, "u": 1750174402, "v": 1750174431, "safety": "safe", "district": "tangalle", "source": "ground_truth"}}, {"type": "Feature", "geometry": {"type": "LineString", "coordinates": [[80.824202, 6.057001], [80.823586, 6.056879]]}, "properties": {"id": 133, "u": 1750174402, "v": 3635239119, "safety": "safe", "district": "tangalle", "source": "ground_truth"}}, {"type": "Feature", "geometry": {"type": "LineString", "coordinates": [[80.823884, 6.059141], [80.823152, 6.059392]]}, "properties": {"id": 134, "u": 1750174431, "v": 3635239154, "safety": "safe", "district": "tangalle", "source": "ground_truth"}}, {"type": "Feature", "geometry": {"type": "LineString", "coordinates": [[80.823662, 6.061593], [80.823852, 6.059733], [80.823884, 6.059141]]}, "properties": {"id": 135, "u": 1750174431, "v": 1750174448, "safety": "safe", "district": "tangalle", "source": "ground_truth"}}, {"type": "Feature", "geometry": {"type": "LineString", "coordinates": [[80.823662, 6.061593], [80.823382, 6.062973]]}, "properties": {"id": 136, "u": 1750174448, "v": 1750174490, "safety": "safe", "district": "tangalle", "source": "ground_truth"}}, {"type": "Feature", "geometry": {"type": "LineString", "coordinates": [[80.825554, 6.061777], [80.825161, 6.061809], [80.823765, 6.061709], [80.823662, 6.061593]]}, "properties": {"id": 137, "u": 1750174448, "v": 3697198507, "safety": "safe", "district": "tangalle", "source": "ground_truth"}}, {"type": "Feature", "geometry": {"type": "LineString", "coordinates": [[80.803458, 6.066649], [80.802957, 6.065849], [80.802712, 6.065551], [80.801653, 6.064477], [80.79987, 6.062409]]}, "properties": {"id": 138, "u": 1750174481, "v": 2670694070, "safety": "safe", "district": "tangalle", "source": "ground_truth"}}, {"type": "Feature", "geometry": {"type": "LineString", "coordinates": [[80.797481, 6.059134], [80.797586, 6.059669], [80.797901, 6.060213], [80.798523, 6.060958], [80.79987, 6.062409]]}, "properties": {"id": 139, "u": 1750174481, "v": 2670669122, "safety": "unsafe", "district": "tangalle", "source": "ground_truth"}}, {"type": "Feature", "geometry": {"type": "LineString", "coordinates": [[80.794864, 6.064145], [80.795333, 6.064147], [80.796344, 6.064005], [80.796959, 6.063772], [80.799378, 6.06267], [80.79987, 6.062409]]}, "properties": {"id": 140, "u": 1750174481, "v": 3698300779, "safety": "safe", "district": "tangalle", "source": "ground_truth"}}, {"type": "Feature", "geometry": {"type": "LineString", "coordinates": [[80.823382, 6.062973], [80.823222, 6.063853]]}, "properties": {"id": 141, "u": 1750174490, "v": 1750174528, "safety": "safe", "district": "tangalle", "source": "ground_truth"}}, {"type": "Feature", "geometry": {"type": "LineString", "coordinates": [[80.823382, 6.062973], [80.822184, 6.063087]]}, "properties": {"id": 142, "u": 1750174490, "v": 3697198512, "safety": "safe", "district": "tangalle", "source": "ground_truth"}}, {"type": "Feature", "geometry": {"type": "LineString", "coordinates": [[80.838198, 6.061541], [80.838271, 6.062314], [80.838273, 6.063167]]}, "properties": {"id": 143, "u": 1750174492, "v": 3635199126, "safety": "safe", "district": "tangalle", "source": "ground_truth"}}, {"type": "Feature", "geometry": {"type": "LineString", "coordinates": [[80.823222, 6.063853], [80.823142, 6.064663]]}, "properties": {"id": 144, "u": 1750174528, "v": 1750174573, "safety": "safe", "district": "tangalle", "source": "ground_truth"}}, {"type": "Feature", "geometry": {"type": "LineString", "coordinates": [[80.822165, 6.06403], [80.82262, 6.064012], [80.822959, 6.063906], [80.823222, 6.063853]]}, "properties": {"id": 145, "u": 1750174528, "v": 3697198517, "safety": "safe", "district": "tangalle", "source": "ground_truth"}}, {"type": "Feature", "geometry": {"type": "LineString", "coordinates": [[80.823173, 6.067113], [80.823072, 6.065903], [80.823142, 6.064663]]}, "properties": {"id": 146, "u": 1750174573, "v": 3697198632, "safety": "safe", "district": "tangalle", "source": "ground_truth"}}, {"type": "Feature", "geometry": {"type": "LineString", "coordinates": [[80.826182, 6.065186], [80.825879, 6.065103], [80.82534, 6.06505], [80.824358, 6.065162], [80.823685, 6.064987], [80.823298, 6.064828], [80.823142, 6.064663]]}, "properties": {"id": 147, "u": 1750174573, "v": 3697198628, "safety": "safe", "district": "tangalle", "source": "ground_truth"}}, {"type": "Feature", "geometry": {"type": "LineString", "coordinates": [[80.821641, 6.065827], [80.822534, 6.065178], [80.822965, 6.064832], [80.823142, 6.064663]]}, "properties": {"id": 148, "u": 1750174573, "v": 3697198629, "safety": "safe", "district": "tangalle", "source": "ground_truth"}}, {"type": "Feature", "geometry": {"type": "LineString", "coordinates": [[80.78867, 6.06497], [80.788729, 6.064288]]}, "properties": {"id": 149, "u": 1750174577, "v": 3698317123, "safety": "safe", "district": "tangalle", "source": "ground_truth"}}, {"type": "Feature", "geometry": {"type": "LineString", "coordinates": [[80.794864, 6.064145], [80.794571, 6.064154], [80.793777, 6.06408], [80.792919, 6.06415], [80.792232, 6.064147], [80.792003, 6.064169], [80.79156, 6.064319], [80.78867, 6.06497]]}, "properties": {"id": 150, "u": 1750174577, "v": 3698300779, "safety": "safe", "district": "tangalle", "source": "ground_truth"}}, {"type": "Feature", "geometry": {"type": "LineString", "coordinates": [[80.837156, 6.066829], [80.836567, 6.066941]]}, "properties": {"id": 151, "u": 1750174588, "v": 3634919760, "safety": "safe", "district": "tangalle", "source": "ground_truth"}}, {"type": "Feature", "geometry": {"type": "LineString", "coordinates": [[80.837971, 6.069786], [80.83802, 6.0697], [80.838019, 6.069509], [80.837789, 6.068258], [80.837622, 6.06778], [80.837412, 6.067389], [80.837156, 6.066829]]}, "properties": {"id": 152, "u": 1750174588, "v": 1750174643, "safety": "safe", "district": "tangalle", "source": "ground_truth"}}, {"type": "Feature", "geometry": {"type": "LineString", "coordinates": [[80.839894, 6.071561], [80.839853, 6.071161], [80.839534, 6.070931], [80.839318, 6.070852], [80.838752, 6.070321], [80.838226, 6.070019], [80.837971, 6.069786]]}, "properties": {"id": 153, "u": 1750174643, "v": 3697242223, "safety": "safe", "district": "tangalle", "source": "ground_truth"}}, {"type": "Feature", "geometry": {"type": "LineString", "coordinates": [[80.835511, 6.073529], [80.83553, 6.073446], [80.835582, 6.073365], [80.835678, 6.073269], [80.835953, 6.073179], [80.836281, 6.073034], [80.836401, 6.072949], [80.836559, 6.072794], [80.836768, 6.07234], [80.83693, 6.071731], [80.836979, 6.071569], [80.837058, 6.071251], [80.837219, 6.070864], [80.83722, 6.070796], [80.83735, 6.070591], [80.837562, 6.07034], [80.837899, 6.069918], [80.837971, 6.069786]]}, "properties": {"id": 154, "u": 1750174643, "v": 1750174755, "safety": "safe", "district": "tangalle", "source": "ground_truth"}}, {"type": "Feature", "geometry": {"type": "LineString", "coordinates": [[80.824432, 6.069907], [80.8247, 6.070128]]}, "properties": {"id": 155, "u": 1750174645, "v": 3698265464, "safety": "safe", "district": "tangalle", "source": "ground_truth"}}, {"type": "Feature", "geometry": {"type": "LineString", "coordinates": [[80.823173, 6.067113], [80.823242, 6.067633], [80.823352, 6.068043], [80.823602, 6.068693], [80.823932, 6.069333], [80.824432, 6.069907]]}, "properties": {"id": 156, "u": 1750174645, "v": 3697198632, "safety": "safe", "district": "tangalle", "source": "ground_truth"}}, {"type": "Feature", "geometry": {"type": "LineString", "coordinates": [[80.822855, 6.070057], [80.82378, 6.07], [80.824432, 6.069907]]}, "properties": {"id": 157, "u": 1750174645, "v": 3698265463, "safety": "safe", "district": "tangalle", "source": "ground_truth"}}, {"type": "Feature", "geometry": {"type": "LineString", "coordinates": [[80.826076, 6.073784], [80.82568, 6.072613], [80.825677, 6.072501], [80.825802, 6.072327], [80.825833, 6.072043], [80.825739, 6.071132], [80.825649, 6.070851]]}, "properties": {"id": 158, "u": 1750174674, "v": 1750174761, "safety": "safe", "district": "tangalle", "source": "ground_truth"}}, {"type": "Feature", "geometry": {"type": "LineString", "coordinates": [[80.824778, 6.070192], [80.8252, 6.070601], [80.825553, 6.070763], [80.825649, 6.070851]]}, "properties": {"id": 159, "u": 1750174674, "v": 3697198657, "safety": "safe", "district": "tangalle", "source": "ground_truth"}}, {"type": "Feature", "geometry": {"type": "LineString", "coordinates": [[80.826427, 6.070003], [80.82638, 6.07071], [80.826043, 6.070902], [80.825897, 6.070926], [80.825649, 6.070851]]}, "properties": {"id": 160, "u": 1750174674, "v": 3697198655, "safety": "safe", "district": "tangalle", "source": "ground_truth"}}, {"type": "Feature", "geometry": {"type": "LineString", "coordinates": [[80.835006, 6.074665], [80.835435, 6.074294], [80.835643, 6.074083], [80.835649, 6.07395], [80.835511, 6.073529]]}, "properties": {"id": 161, "u": 1750174755, "v": 1750174793, "safety": "safe", "district": "tangalle", "source": "ground_truth"}}, {"type": "Feature", "geometry": {"type": "LineString", "coordinates": [[80.834477, 6.072001], [80.834586, 6.072181], [80.834641, 6.072512], [80.835092, 6.072512], [80.835511, 6.073529]]}, "properties": {"id": 162, "u": 1750174755, "v": 3697242250, "safety": "safe", "district": "tangalle", "source": "ground_truth"}}, {"type": "Feature", "geometry": {"type": "LineString", "coordinates": [[80.826076, 6.073784], [80.830104, 6.073719]]}, "properties": {"id": 163, "u": 1750174761, "v": 3634924742, "safety": "safe", "district": "tangalle", "source": "ground_truth"}}, {"type": "Feature", "geometry": {"type": "LineString", "coordinates": [[80.82616, 6.082498], [80.82622, 6.082135], [80.826365, 6.081524], [80.826562, 6.080331], [80.826412, 6.076523], [80.826365, 6.075893], [80.826206, 6.074475], [80.826076, 6.073784]]}, "properties": {"id": 164, "u": 1750174761, "v": 1750174953, "safety": "safe", "district": "tangalle", "source": "ground_truth"}}, {"type": "Feature", "geometry": {"type": "LineString", "coordinates": [[80.83448, 6.07603], [80.834564, 6.075768], [80.834729, 6.075058], [80.834773, 6.074949], [80.835006, 6.074665]]}, "properties": {"id": 165, "u": 1750174793, "v": 1750174822, "safety": "safe", "district": "tangalle", "source": "ground_truth"}}, {"type": "Feature", "geometry": {"type": "LineString", "coordinates": [[80.830104, 6.073719], [80.830073, 6.074217], [80.830108, 6.074303], [80.831365, 6.074445], [80.833683, 6.074579], [80.835006, 6.074665]]}, "properties": {"id": 166, "u": 1750174793, "v": 3634924742, "safety": "safe", "district": "tangalle", "source": "ground_truth"}}, {"type": "Feature", "geometry": {"type": "LineString", "coordinates": [[80.834479, 6.077095], [80.83444, 6.07636], [80.83448, 6.07603]]}, "properties": {"id": 167, "u": 1750174822, "v": 1750174867, "safety": "safe", "district": "tangalle", "source": "ground_truth"}}, {"type": "Feature", "geometry": {"type": "LineString", "coordinates": [[80.8325, 6.076735], [80.832504, 6.076319], [80.83256, 6.076085], [80.832484, 6.075871], [80.832583, 6.07572], [80.832835, 6.075657], [80.833437, 6.075704], [80.833951, 6.075804], [80.83448, 6.07603]]}, "properties": {"id": 168, "u": 1750174822, "v": 3634924787, "safety": "safe", "district": "tangalle", "source": "ground_truth"}}, {"type": "Feature", "geometry": {"type": "LineString", "coordinates": [[80.836719, 6.076443], [80.836062, 6.076505], [80.835696, 6.076501], [80.83538, 6.076426], [80.83448, 6.07603]]}, "properties": {"id": 169, "u": 1750174822, "v": 3697224528, "safety": "safe", "district": "tangalle", "source": "ground_truth"}}, {"type": "Feature", "geometry": {"type": "LineString", "coordinates": [[80.834392, 6.077804], [80.834471, 6.077329], [80.834479, 6.077095]]}, "properties": {"id": 170, "u": 1750174867, "v": 1750174878, "safety": "safe", "district": "tangalle", "source": "ground_truth"}}, {"type": "Feature", "geometry": {"type": "LineString", "coordinates": [[80.8325, 6.076735], [80.833449, 6.076942], [80.834479, 6.077095]]}, "properties": {"id": 171, "u": 1750174867, "v": 3634924787, "safety": "safe", "district": "tangalle", "source": "ground_truth"}}, {"type": "Feature", "geometry": {"type": "LineString", "coordinates": [[80.834392, 6.077804], [80.834296, 6.078289]]}, "properties": {"id": 172, "u": 1750174878, "v": 3634925001, "safety": "safe", "district": "tangalle", "source": "ground_truth"}}, {"type": "Feature", "geometry": {"type": "LineString", "coordinates": [[80.8325, 6.077398], [80.833429, 6.077572], [80.834392, 6.077804]]}, "properties": {"id": 173, "u": 1750174878, "v": 3634924994, "safety": "safe", "district": "tangalle", "source": "ground_truth"}}, {"type": "Feature", "geometry": {"type": "LineString", "coordinates": [[80.784652, 6.083045], [80.784805, 6.082523], [80.785617, 6.080238]]}, "properties": {"id": 174, "u": 1750174900, "v": 3697292828, "safety": "safe", "district": "tangalle", "source": "ground_truth"}}, {"type": "Feature", "geometry": {"type": "LineString", "coordinates": [[80.775382, 6.074109], [80.779404, 6.076445], [80.779375, 6.077845], [80.779603, 6.077973], [80.779753, 6.078306], [80.780069, 6.079464], [80.780591, 6.079329], [80.780669, 6.079391], [80.780702, 6.079541], [80.781474, 6.079589], [80.78161, 6.079633], [80.781632, 6.079954], [80.782628, 6.080046], [80.782853, 6.080126], [80.783084, 6.080086], [80.783448, 6.080093], [80.783735, 6.08013], [80.784569, 6.07987], [80.78479, 6.079885], [80.785327, 6.080119], [80.785617, 6.080238]]}, "properties": {"id": 175, "u": 1750174900, "v": 3698302062, "safety": "safe", "district": "tangalle", "source": "ground_truth"}}, {"type": "Feature", "geometry": {"type": "LineString", "coordinates": [[80.834296, 6.078289], [80.834109, 6.07917], [80.833979, 6.08002], [80.83396, 6.08058], [80.83391, 6.080967]]}, "properties": {"id": 176, "u": 1750174936, "v": 3634925001, "safety": "safe", "district": "tangalle", "source": "ground_truth"}}, {"type": "Feature", "geometry": {"type": "LineString", "coordinates": [[80.83328, 6.083451], [80.833389, 6.08329], [80.833539, 6.082977], [80.833642, 6.082698], [80.833752, 6.082002], [80.833789, 6.08161], [80.83391, 6.080967]]}, "properties": {"id": 177, "u": 1750174936, "v": 1750175002, "safety": "safe", "district": "tangalle", "source": "ground_truth"}}, {"type": "Feature", "geometry": {"type": "LineString", "coordinates": [[80.842459, 6.08459], [80.839424, 6.082726], [80.838009, 6.081941], [80.836565, 6.081061], [80.836187, 6.080797], [80.836108, 6.080769], [80.836029, 6.080802], [80.836001, 6.080887], [80.835871, 6.080999], [80.835719, 6.081077], [80.835471, 6.08115], [80.835195, 6.08115], [80.83467, 6.081055], [80.834315, 6.081049], [80.83391, 6.080967]]}, "properties": {"id": 178, "u": 1750174936, "v": 3697242924, "safety": "safe", "district": "tangalle", "source": "ground_truth"}}, {"type": "Feature", "geometry": {"type": "LineString", "coordinates": [[80.82616, 6.082498], [80.825812, 6.082549]]}, "properties": {"id": 179, "u": 1750174953, "v": 3697198725, "safety": "safe", "district": "tangalle", "source": "ground_truth"}}, {"type": "Feature", "geometry": {"type": "LineString", "coordinates": [[80.825825, 6.084389], [80.825771, 6.084021], [80.825702, 6.083823], [80.82616, 6.082498]]}, "properties": {"id": 180, "u": 1750174953, "v": 1750175065, "safety": "safe", "district": "tangalle", "source": "ground_truth"}}, {"type": "Feature", "geometry": {"type": "LineString", "coordinates": [[80.832661, 6.083816], [80.832949, 6.083691], [80.83319, 6.083557], [80.83328, 6.083451]]}, "properties": {"id": 181, "u": 1750175002, "v": 1750175018, "safety": "safe", "district": "tangalle", "source": "ground_truth"}}, {"type": "Feature", "geometry": {"type": "LineString", "coordinates": [[80.833612, 6.087346], [80.83358, 6.087048], [80.833653, 6.086823], [80.833789, 6.085966], [80.833733, 6.084499], [80.83328, 6.083451]]}, "properties": {"id": 182, "u": 1750175002, "v": 3634866228, "safety": "safe", "district": "tangalle", "source": "ground_truth"}}, {"type": "Feature", "geometry": {"type": "LineString", "coordinates": [[80.832508, 6.07808], [80.83252, 6.079023], [80.832444, 6.080911], [80.83234, 6.081141], [80.83232, 6.081363], [80.832763, 6.082148], [80.83328, 6.083451]]}, "properties": {"id": 183, "u": 1750175002, "v": 3634924997, "safety": "safe", "district": "tangalle", "source": "ground_truth"}}, {"type": "Feature", "geometry": {"type": "LineString", "coordinates": [[80.82854, 6.0861], [80.828691, 6.086049], [80.829812, 6.086059], [80.830179, 6.08603], [80.830921, 6.0858], [80.83116, 6.085659], [80.83144, 6.085448], [80.831709, 6.08509], [80.832009, 6.084764], [80.832412, 6.084119], [80.832661, 6.083816]]}, "properties": {"id": 184, "u": 1750175018, "v": 1750175155, "safety": "safe", "district": "tangalle", "source": "ground_truth"}}, {"type": "Feature", "geometry": {"type": "LineString", "coordinates": [[80.831357, 6.081553], [80.831432, 6.081872], [80.831569, 6.082174], [80.831786, 6.082535], [80.831834, 6.082751], [80.831932, 6.082914], [80.832661, 6.083816]]}, "properties": {"id": 185, "u": 1750175018, "v": 3697224542, "safety": "safe", "district": "tangalle", "source": "ground_truth"}}, {"type": "Feature", "geometry": {"type": "LineString", "coordinates": [[80.826878, 6.085699], [80.826989, 6.085745]]}, "properties": {"id": 186, "u": 1750175136, "v": 3697198761, "safety": "safe", "district": "tangalle", "source": "ground_truth"}}, {"type": "Feature", "geometry": {"type": "LineString", "coordinates": [[80.828642, 6.089489], [80.828637, 6.087856], [80.828671, 6.087293], [80.828641, 6.0867], [80.82858, 6.08632], [80.82854, 6.0861]]}, "properties": {"id": 187, "u": 1750175155, "v": 1750175197, "safety": "safe", "district": "tangalle", "source": "ground_truth"}}, {"type": "Feature", "geometry": {"type": "LineString", "coordinates": [[80.826989, 6.085745], [80.82765, 6.08582], [80.82854, 6.0861]]}, "properties": {"id": 188, "u": 1750175155, "v": 3697198761, "safety": "safe", "district": "tangalle", "source": "ground_truth"}}, {"type": "Feature", "geometry": {"type": "LineString", "coordinates": [[80.830248, 6.093502], [80.830046, 6.093102], [80.829251, 6.091337], [80.828814, 6.090165], [80.828642, 6.089489]]}, "properties": {"id": 189, "u": 1750175197, "v": 3697205781, "safety": "safe", "district": "tangalle", "source": "ground_truth"}}, {"type": "Feature", "geometry": {"type": "LineString", "coordinates": [[80.823108, 6.090208], [80.824207, 6.089976], [80.824668, 6.089841], [80.826039, 6.089683], [80.828642, 6.089489]]}, "properties": {"id": 190, "u": 1750175197, "v": 2605754951, "safety": "safe", "district": "tangalle", "source": "ground_truth"}}, {"type": "Feature", "geometry": {"type": "LineString", "coordinates": [[80.830359, 6.093721], [80.830624, 6.094322]]}, "properties": {"id": 191, "u": 1750175209, "v": 1750175212, "safety": "safe", "district": "tangalle", "source": "ground_truth"}}, {"type": "Feature", "geometry": {"type": "LineString", "coordinates": [[80.830359, 6.093721], [80.830248, 6.093502]]}, "properties": {"id": 192, "u": 1750175209, "v": 3697205781, "safety": "safe", "district": "tangalle", "source": "ground_truth"}}, {"type": "Feature", "geometry": {"type": "LineString", "coordinates": [[80.832517, 6.09326], [80.83166, 6.09336], [80.83119, 6.093517], [80.830868, 6.093544], [80.830359, 6.093721]]}, "properties": {"id": 193, "u": 1750175209, "v": 3697224563, "safety": "safe", "district": "tangalle", "source": "ground_truth"}}, {"type": "Feature", "geometry": {"type": "LineString", "coordinates": [[80.831123, 6.095863], [80.830796, 6.094748], [80.830624, 6.094322]]}, "properties": {"id": 194, "u": 1750175212, "v": 1750175219, "safety": "safe", "district": "tangalle", "source": "ground_truth"}}, {"type": "Feature", "geometry": {"type": "LineString", "coordinates": [[80.831893, 6.094164], [80.83123, 6.094189], [80.830624, 6.094322]]}, "properties": {"id": 195, "u": 1750175212, "v": 3697224573, "safety": "safe", "district": "tangalle", "source": "ground_truth"}}, {"type": "Feature", "geometry": {"type": "LineString", "coordinates": [[80.831123, 6.095863], [80.831863, 6.09582]]}, "properties": {"id": 196, "u": 1750175219, "v": 3697224580, "safety": "safe", "district": "tangalle", "source": "ground_truth"}}, {"type": "Feature", "geometry": {"type": "LineString", "coordinates": [[80.784348, 6.03359], [80.784506, 6.033507]]}, "properties": {"id": 197, "u": 1750306789, "v": 3634836130, "safety": "safe", "district": "tangalle", "source": "ground_truth"}}, {"type": "Feature", "geometry": {"type": "LineString", "coordinates": [[80.784115, 6.035472], [80.78416, 6.035325], [80.784082, 6.034254], [80.784092, 6.033941], [80.784122, 6.033837], [80.784225, 6.03369], [80.784348, 6.03359]]}, "properties": {"id": 198, "u": 1750306789, "v": 3592199658, "safety": "safe", "district": "tangalle", "source": "ground_truth"}}, {"type": "Feature", "geometry": {"type": "LineString", "coordinates": [[80.783723, 6.033501], [80.783954, 6.033536], [80.784119, 6.033557], [80.784348, 6.03359]]}, "properties": {"id": 199, "u": 1750306789, "v": 9941737053, "safety": "safe", "district": "tangalle", "source": "ground_truth"}}, {"type": "Feature", "geometry": {"type": "LineString", "coordinates": [[80.858123, 6.048176], [80.858584, 6.048069], [80.858667, 6.048088], [80.858718, 6.048171], [80.858813, 6.048468]]}, "properties": {"id": 200, "u": 1762853552, "v": 3669584796, "safety": "safe", "district": "tangalle", "source": "ground_truth"}}, {"type": "Feature", "geometry": {"type": "LineString", "coordinates": [[80.857652, 6.055139], [80.857561, 6.055046], [80.85752, 6.054982], [80.857557, 6.054861], [80.857643, 6.054708], [80.857665, 6.05462], [80.857665, 6.054588], [80.857615, 6.054442], [80.857605, 6.054353], [80.857629, 6.05385], [80.85763, 6.053828], [80.857641, 6.053745], [80.857653, 6.053677], [80.857691, 6.053585], [80.85799, 6.053239], [80.858334, 6.052574], [80.858482, 6.052268], [80.858538, 6.05196], [80.85844, 6.051468], [80.858501, 6.051159], [80.858478, 6.051127], [80.858447, 6.051087], [80.858351, 6.051043], [80.858302, 6.050902], [80.858249, 6.050569], [80.858275, 6.050396], [80.858415, 6.050243], [80.858733, 6.049999], [80.858926, 6.049709], [80.859055, 6.049459], [80.859131, 6.049111], [80.859092, 6.049006], [80.858813, 6.048468]]}, "properties": {"id": 201, "u": 1762853552, "v": 1762853579, "safety": "unsafe", "district": "tangalle", "source": "ground_truth"}}, {"type": "Feature", "geometry": {"type": "LineString", "coordinates": [[80.858332, 6.049657], [80.858444, 6.049387], [80.858557, 6.048702], [80.858594, 6.048643], [80.858651, 6.048616], [80.858729, 6.048608], [80.858777, 6.048571], [80.858813, 6.048468]]}, "properties": {"id": 202, "u": 1762853552, "v": 9408197413, "safety": "safe", "district": "tangalle", "source": "ground_truth"}}, {"type": "Feature", "geometry": {"type": "LineString", "coordinates": [[80.858992, 6.056186], [80.858863, 6.05577], [80.858739, 6.05563], [80.858052, 6.05536], [80.857774, 6.055216], [80.857652, 6.055139]]}, "properties": {"id": 203, "u": 1762853579, "v": 2018446853, "safety": "unsafe", "district": "tangalle", "source": "ground_truth"}}, {"type": "Feature", "geometry": {"type": "LineString", "coordinates": [[80.852969, 6.057571], [80.853442, 6.057481], [80.854019, 6.057403], [80.85419, 6.057421], [80.854344, 6.057406], [80.85464, 6.057316], [80.854971, 6.057154], [80.855499, 6.056922], [80.855761, 6.05674], [80.855871, 6.056623], [80.856025, 6.056329], [80.856395, 6.055678], [80.856454, 6.055599], [80.856564, 6.055538], [80.856742, 6.05548], [80.857116, 6.055425], [80.857328, 6.055338], [80.857556, 6.05519], [80.857605, 6.055157], [80.857652, 6.055139]]}, "properties": {"id": 204, "u": 1762853579, "v": 3634910644, "safety": "safe", "district": "tangalle", "source": "ground_truth"}}, {"type": "Feature", "geometry": {"type": "LineString", "coordinates": [[80.851726, 6.058084], [80.851064, 6.058212]]}, "properties": {"id": 205, "u": 1762853592, "v": 3635197592, "safety": "safe", "district": "tangalle", "source": "ground_truth"}}, {"type": "Feature", "geometry": {"type": "LineString", "coordinates": [[80.852969, 6.057571], [80.852621, 6.057693], [80.852265, 6.057837], [80.851726, 6.058084]]}, "properties": {"id": 206, "u": 1762853592, "v": 3634910644, "safety": "safe", "district": "tangalle", "source": "ground_truth"}}, {"type": "Feature", "geometry": {"type": "LineString", "coordinates": [[80.852071, 6.059157], [80.851976, 6.05893], [80.851822, 6.058569], [80.851775, 6.05833], [80.851726, 6.058084]]}, "properties": {"id": 207, "u": 1762853592, "v": 12927871374, "safety": "safe", "district": "tangalle", "source": "ground_truth"}}, {"type": "Feature", "geometry": {"type": "LineString", "coordinates": [[80.85059, 6.058293], [80.851064, 6.058212]]}, "properties": {"id": 208, "u": 1762853594, "v": 3635197592, "safety": "safe", "district": "tangalle", "source": "ground_truth"}}, {"type": "Feature", "geometry": {"type": "LineString", "coordinates": [[80.847162, 6.059315], [80.847463, 6.059008], [80.847779, 6.05863], [80.848053, 6.05843], [80.848603, 6.058264], [80.849223, 6.058194], [80.85059, 6.058293]]}, "properties": {"id": 209, "u": 1762853594, "v": 1762853596, "safety": "safe", "district": "tangalle", "source": "ground_truth"}}, {"type": "Feature", "geometry": {"type": "LineString", "coordinates": [[80.853273, 6.060972], [80.852281, 6.061006], [80.85202, 6.060987], [80.851698, 6.060886], [80.851547, 6.060715], [80.850926, 6.060184], [80.850591, 6.059861], [80.85055, 6.059796], [80.850534, 6.059692], [80.850541, 6.059575], [80.850607, 6.059143], [80.85062, 6.058895], [80.85059, 6.058293]]}, "properties": {"id": 210, "u": 1762853594, "v": 3634910647, "safety": "safe", "district": "tangalle", "source": "ground_truth"}}, {"type": "Feature", "geometry": {"type": "LineString", "coordinates": [[80.847162, 6.059315], [80.847068, 6.059381]]}, "properties": {"id": 211, "u": 1762853596, "v": 3635199103, "safety": "safe", "district": "tangalle", "source": "ground_truth"}}, {"type": "Feature", "geometry": {"type": "LineString", "coordinates": [[80.847162, 6.059315], [80.848244, 6.059981]]}, "properties": {"id": 212, "u": 1762853596, "v": 3635199114, "safety": "safe", "district": "tangalle", "source": "ground_truth"}}, {"type": "Feature", "geometry": {"type": "LineString", "coordinates": [[80.796916, 6.032515], [80.796786, 6.031792], [80.79678, 6.031445], [80.796821, 6.031078], [80.796856, 6.030508], [80.796925, 6.030186]]}, "properties": {"id": 213, "u": 1841317098, "v": 3669997746, "safety": "unsafe", "district": "tangalle", "source": "ground_truth"}}, {"type": "Feature", "geometry": {"type": "LineString", "coordinates": [[80.798019, 6.030362], [80.797942, 6.030315], [80.797589, 6.030322], [80.797451, 6.030304], [80.796925, 6.030186]]}, "properties": {"id": 214, "u": 1841317098, "v": 1841317122, "safety": "unsafe", "district": "tangalle", "source": "ground_truth"}}, {"type": "Feature", "geometry": {"type": "LineString", "coordinates": [[80.798691, 6.031539], [80.798352, 6.031025], [80.798299, 6.030919], [80.798019, 6.030362]]}, "properties": {"id": 215, "u": 1841317122, "v": 1841317165, "safety": "unsafe", "district": "tangalle", "source": "ground_truth"}}, {"type": "Feature", "geometry": {"type": "LineString", "coordinates": [[80.797873, 6.029006], [80.797848, 6.02958], [80.797891, 6.030107], [80.797944, 6.030214], [80.798019, 6.030362]]}, "properties": {"id": 216, "u": 1841317122, "v": 3960849397, "safety": "unsafe", "district": "tangalle", "source": "ground_truth"}}, {"type": "Feature", "geometry": {"type": "LineString", "coordinates": [[80.798691, 6.031539], [80.79875, 6.031726]]}, "properties": {"id": 217, "u": 1841317165, "v": 3592218450, "safety": "unsafe", "district": "tangalle", "source": "ground_truth"}}, {"type": "Feature", "geometry": {"type": "LineString", "coordinates": [[80.798697, 6.030688], [80.798772, 6.030824], [80.798896, 6.030985], [80.799031, 6.03107], [80.799023, 6.031132], [80.798866, 6.031376], [80.798691, 6.031539]]}, "properties": {"id": 218, "u": 1841317165, "v": 3960849407, "safety": "unsafe", "district": "tangalle", "source": "ground_truth"}}, {"type": "Feature", "geometry": {"type": "LineString", "coordinates": [[80.794912, 6.027039], [80.794864, 6.027537]]}, "properties": {"id": 219, "u": 1841475978, "v": 3260572967, "safety": "unsafe", "district": "tangalle", "source": "ground_truth"}}, {"type": "Feature", "geometry": {"type": "LineString", "coordinates": [[80.796406, 6.026335], [80.795888, 6.026671], [80.795295, 6.026898], [80.794912, 6.027039]]}, "properties": {"id": 220, "u": 1841475978, "v": 3258779226, "safety": "safe", "district": "tangalle", "source": "ground_truth"}}, {"type": "Feature", "geometry": {"type": "LineString", "coordinates": [[80.794548, 6.025891], [80.794663, 6.026042], [80.794772, 6.026252], [80.794877, 6.02669], [80.794912, 6.027039]]}, "properties": {"id": 221, "u": 1841475978, "v": 3258779215, "safety": "safe", "district": "tangalle", "source": "ground_truth"}}, {"type": "Feature", "geometry": {"type": "LineString", "coordinates": [[80.794777, 6.028264], [80.794716, 6.028473]]}, "properties": {"id": 222, "u": 1841475983, "v": 3960797183, "safety": "unsafe", "district": "tangalle", "source": "ground_truth"}}, {"type": "Feature", "geometry": {"type": "LineString", "coordinates": [[80.794864, 6.027537], [80.79483, 6.027855], [80.79482, 6.027983], [80.794801, 6.028097], [80.794777, 6.028264]]}, "properties": {"id": 223, "u": 1841475983, "v": 3260572967, "safety": "unsafe", "district": "tangalle", "source": "ground_truth"}}, {"type": "Feature", "geometry": {"type": "LineString", "coordinates": [[80.794777, 6.028264], [80.794843, 6.028503]]}, "properties": {"id": 224, "u": 1841475983, "v": 3960797187, "safety": "unsafe", "district": "tangalle", "source": "ground_truth"}}, {"type": "Feature", "geometry": {"type": "LineString", "coordinates": [[80.866986, 6.075864], [80.866914, 6.07507], [80.866837, 6.074211], [80.866764, 6.073013], [80.866713, 6.07283]]}, "properties": {"id": 225, "u": 2018446828, "v": 3634940411, "safety": "safe", "district": "tangalle", "source": "ground_truth"}}, {"type": "Feature", "geometry": {"type": "LineString", "coordinates": [[80.867883, 6.065613], [80.867422, 6.066135], [80.867187, 6.06651], [80.866941, 6.067081], [80.866638, 6.068066], [80.866501, 6.068692], [80.866423, 6.071182], [80.866463, 6.071981], [80.866479, 6.072159], [80.866713, 6.07283]]}, "properties": {"id": 226, "u": 2018446828, "v": 3680817707, "safety": "safe", "district": "tangalle", "source": "ground_truth"}}, {"type": "Feature", "geometry": {"type": "LineString", "coordinates": [[80.871299, 6.072711], [80.870836, 6.072727], [80.870182, 6.072941], [80.869177, 6.07298], [80.868077, 6.073147], [80.866713, 6.07283]]}, "properties": {"id": 227, "u": 2018446828, "v": 3634939882, "safety": "safe", "district": "tangalle", "source": "ground_truth"}}, {"type": "Feature", "geometry": {"type": "LineString", "coordinates": [[80.867336, 6.079657], [80.867434, 6.080146]]}, "properties": {"id": 228, "u": 2018446832, "v": 3680801179, "safety": "safe", "district": "tangalle", "source": "ground_truth"}}, {"type": "Feature", "geometry": {"type": "LineString", "coordinates": [[80.866877, 6.078067], [80.866898, 6.078571], [80.867336, 6.079657]]}, "properties": {"id": 229, "u": 2018446832, "v": 3680801177, "safety": "safe", "district": "tangalle", "source": "ground_truth"}}, {"type": "Feature", "geometry": {"type": "LineString", "coordinates": [[80.868214, 6.078998], [80.867791, 6.079581], [80.867336, 6.079657]]}, "properties": {"id": 230, "u": 2018446832, "v": 3634940430, "safety": "safe", "district": "tangalle", "source": "ground_truth"}}, {"type": "Feature", "geometry": {"type": "LineString", "coordinates": [[80.871844, 6.09436], [80.871888, 6.09439]]}, "properties": {"id": 231, "u": 2018446841, "v": 3680818552, "safety": "safe", "district": "tangalle", "source": "ground_truth"}}, {"type": "Feature", "geometry": {"type": "LineString", "coordinates": [[80.871844, 6.09436], [80.87068, 6.093567]]}, "properties": {"id": 232, "u": 2018446841, "v": 4343878233, "safety": "safe", "district": "tangalle", "source": "ground_truth"}}, {"type": "Feature", "geometry": {"type": "LineString", "coordinates": [[80.871635, 6.092999], [80.871622, 6.093121], [80.871844, 6.09436]]}, "properties": {"id": 233, "u": 2018446841, "v": 3680818548, "safety": "safe", "district": "tangalle", "source": "ground_truth"}}, {"type": "Feature", "geometry": {"type": "LineString", "coordinates": [[80.869796, 6.086485], [80.86954, 6.086074], [80.869113, 6.085228]]}, "properties": {"id": 234, "u": 2018446847, "v": 3634912917, "safety": "safe", "district": "tangalle", "source": "ground_truth"}}, {"type": "Feature", "geometry": {"type": "LineString", "coordinates": [[80.867658, 6.081256], [80.86795, 6.082211], [80.869113, 6.085228]]}, "properties": {"id": 235, "u": 2018446847, "v": 2018446852, "safety": "safe", "district": "tangalle", "source": "ground_truth"}}, {"type": "Feature", "geometry": {"type": "LineString", "coordinates": [[80.866331, 6.085518], [80.867482, 6.085378], [80.869113, 6.085228]]}, "properties": {"id": 236, "u": 2018446847, "v": 3634912912, "safety": "safe", "district": "tangalle", "source": "ground_truth"}}, {"type": "Feature", "geometry": {"type": "LineString", "coordinates": [[80.8736, 6.085108], [80.873478, 6.085137], [80.873217, 6.085198], [80.872258, 6.085142], [80.871367, 6.085019], [80.870713, 6.084851], [80.869901, 6.084985], [80.869511, 6.085221], [80.8693, 6.085276], [80.869113, 6.085228]]}, "properties": {"id": 237, "u": 2018446847, "v": 3634912907, "safety": "safe", "district": "tangalle", "source": "ground_truth"}}, {"type": "Feature", "geometry": {"type": "LineString", "coordinates": [[80.867658, 6.081256], [80.867648, 6.081204]]}, "properties": {"id": 238, "u": 2018446852, "v": 3680801189, "safety": "safe", "district": "tangalle", "source": "ground_truth"}}, {"type": "Feature", "geometry": {"type": "LineString", "coordinates": [[80.860343, 6.057199], [80.860235, 6.057179], [80.860057, 6.057074], [80.859789, 6.056788], [80.859081, 6.056321], [80.858992, 6.056186]]}, "properties": {"id": 239, "u": 2018446853, "v": 3634939794, "safety": "safe", "district": "tangalle", "source": "ground_truth"}}, {"type": "Feature", "geometry": {"type": "LineString", "coordinates": [[80.859024, 6.062073], [80.858914, 6.061446], [80.858804, 6.060624], [80.858712, 6.059792], [80.858678, 6.058973], [80.85868, 6.058112], [80.858696, 6.057685], [80.858769, 6.057192], [80.858881, 6.056501], [80.858957, 6.056279], [80.858992, 6.056186]]}, "properties": {"id": 240, "u": 2018446853, "v": 12928006850, "safety": "safe", "district": "tangalle", "source": "ground_truth"}}, {"type": "Feature", "geometry": {"type": "LineString", "coordinates": [[80.86848, 6.059698], [80.868266, 6.059575], [80.867836, 6.059437], [80.867402, 6.059154], [80.867278, 6.059053], [80.865984, 6.057995]]}, "properties": {"id": 241, "u": 2018446874, "v": 3680817701, "safety": "unsafe", "district": "tangalle", "source": "ground_truth"}}, {"type": "Feature", "geometry": {"type": "LineString", "coordinates": [[80.864615, 6.05726], [80.864699, 6.057265], [80.865093, 6.05744], [80.865984, 6.057995]]}, "properties": {"id": 242, "u": 2018446874, "v": 12928006828, "safety": "unsafe", "district": "tangalle", "source": "ground_truth"}}, {"type": "Feature", "geometry": {"type": "LineString", "coordinates": [[80.866097, 6.056527], [80.866091, 6.05688], [80.866016, 6.057872], [80.865984, 6.057995]]}, "properties": {"id": 243, "u": 2018446874, "v": 11577965830, "safety": "unsafe", "district": "tangalle", "source": "ground_truth"}}, {"type": "Feature", "geometry": {"type": "LineString", "coordinates": [[80.868348, 6.065157], [80.868261, 6.065242]]}, "properties": {"id": 244, "u": 2018446876, "v": 7099291107, "safety": "safe", "district": "tangalle", "source": "ground_truth"}}, {"type": "Feature", "geometry": {"type": "LineString", "coordinates": [[80.868348, 6.065157], [80.868499, 6.065228]]}, "properties": {"id": 245, "u": 2018446876, "v": 3680817705, "safety": "safe", "district": "tangalle", "source": "ground_truth"}}, {"type": "Feature", "geometry": {"type": "LineString", "coordinates": [[80.869824, 6.060509], [80.869935, 6.060657], [80.870038, 6.060875], [80.870169, 6.061487], [80.870128, 6.061712], [80.869526, 6.063128], [80.868845, 6.064376], [80.868348, 6.065157]]}, "properties": {"id": 246, "u": 2018446876, "v": 3634939803, "safety": "unsafe", "district": "tangalle", "source": "ground_truth"}}, {"type": "Feature", "geometry": {"type": "LineString", "coordinates": [[80.844064, 6.069689], [80.845237, 6.07085]]}, "properties": {"id": 247, "u": 2068294668, "v": 3634912893, "safety": "safe", "district": "tangalle", "source": "ground_truth"}}, {"type": "Feature", "geometry": {"type": "LineString", "coordinates": [[80.844064, 6.069689], [80.842807, 6.068416]]}, "properties": {"id": 248, "u": 2068294668, "v": 3697223597, "safety": "safe", "district": "tangalle", "source": "ground_truth"}}, {"type": "Feature", "geometry": {"type": "LineString", "coordinates": [[80.844064, 6.069689], [80.845489, 6.068201]]}, "properties": {"id": 249, "u": 2068294668, "v": 3634910682, "safety": "safe", "district": "tangalle", "source": "ground_truth"}}, {"type": "Feature", "geometry": {"type": "LineString", "coordinates": [[80.872859, 6.095047], [80.873116, 6.095228]]}, "properties": {"id": 250, "u": 2068294674, "v": 3634940453, "safety": "safe", "district": "tangalle", "source": "ground_truth"}}, {"type": "Feature", "geometry": {"type": "LineString", "coordinates": [[80.872859, 6.095047], [80.871982, 6.094453]]}, "properties": {"id": 251, "u": 2068294674, "v": 3680803834, "safety": "safe", "district": "tangalle", "source": "ground_truth"}}, {"type": "Feature", "geometry": {"type": "LineString", "coordinates": [[80.872859, 6.095047], [80.87206, 6.096182]]}, "properties": {"id": 252, "u": 2068294674, "v": 3634933424, "safety": "safe", "district": "tangalle", "source": "ground_truth"}}, {"type": "Feature", "geometry": {"type": "LineString", "coordinates": [[80.873443, 6.095457], [80.873633, 6.095577]]}, "properties": {"id": 253, "u": 2068294677, "v": 3634940454, "safety": "safe", "district": "tangalle", "source": "ground_truth"}}, {"type": "Feature", "geometry": {"type": "LineString", "coordinates": [[80.873443, 6.095457], [80.873116, 6.095228]]}, "properties": {"id": 254, "u": 2068294677, "v": 3634940453, "safety": "safe", "district": "tangalle", "source": "ground_truth"}}, {"type": "Feature", "geometry": {"type": "LineString", "coordinates": [[80.813887, 6.049634], [80.815076, 6.050317]]}, "properties": {"id": 255, "u": 2605754633, "v": 13584756676, "safety": "safe", "district": "tangalle", "source": "ground_truth"}}, {"type": "Feature", "geometry": {"type": "LineString", "coordinates": [[80.813887, 6.049634], [80.812242, 6.04871]]}, "properties": {"id": 256, "u": 2605754633, "v": 13584756679, "safety": "safe", "district": "tangalle", "source": "ground_truth"}}, {"type": "Feature", "geometry": {"type": "LineString", "coordinates": [[80.813845, 6.053134], [80.813687, 6.051383], [80.813749, 6.05066], [80.813749, 6.050192], [80.813887, 6.049634]]}, "properties": {"id": 257, "u": 2605754633, "v": 3680934080, "safety": "safe", "district": "tangalle", "source": "ground_truth"}}, {"type": "Feature", "geometry": {"type": "LineString", "coordinates": [[80.81379, 6.081549], [80.814152, 6.082281], [80.814348, 6.083012], [80.814708, 6.083702]]}, "properties": {"id": 258, "u": 2605754749, "v": 3697198704, "safety": "safe", "district": "tangalle", "source": "ground_truth"}}, {"type": "Feature", "geometry": {"type": "LineString", "coordinates": [[80.810695, 6.089707], [80.810782, 6.089618], [80.811157, 6.089452], [80.811258, 6.089319], [80.811287, 6.089157], [80.811291, 6.08894], [80.811258, 6.088738], [80.811077, 6.088207], [80.811044, 6.087655], [80.811067, 6.08707], [80.811241, 6.086228], [80.81179, 6.085568], [80.812497, 6.085025], [80.814004, 6.08403], [80.814708, 6.083702]]}, "properties": {"id": 259, "u": 2605754749, "v": 3697268619, "safety": "safe", "district": "tangalle", "source": "ground_truth"}}, {"type": "Feature", "geometry": {"type": "LineString", "coordinates": [[80.818697, 6.08163], [80.818635, 6.082056], [80.818569, 6.082329], [80.818441, 6.082462], [80.817914, 6.082705], [80.817599, 6.0829], [80.817355, 6.082959], [80.816616, 6.082669], [80.816259, 6.082687], [80.815902, 6.082847], [80.815051, 6.083557], [80.814708, 6.083702]]}, "properties": {"id": 260, "u": 2605754749, "v": 3697198708, "safety": "safe", "district": "tangalle", "source": "ground_truth"}}, {"type": "Feature", "geometry": {"type": "LineString", "coordinates": [[80.778352, 6.084913], [80.778911, 6.085226], [80.779299, 6.085638], [80.779672, 6.086227]]}, "properties": {"id": 261, "u": 2605754856, "v": 3698302568, "safety": "safe", "district": "tangalle", "source": "ground_truth"}}, {"type": "Feature", "geometry": {"type": "LineString", "coordinates": [[80.784125, 6.087747], [80.783755, 6.08766], [80.782994, 6.087533], [80.782268, 6.087315], [80.781951, 6.087132], [80.781353, 6.086913], [80.780812, 6.086796], [80.78049, 6.0867], [80.779892, 6.086314], [80.779672, 6.086227]]}, "properties": {"id": 262, "u": 2605754856, "v": 2605754891, "safety": "safe", "district": "tangalle", "source": "ground_truth"}}, {"type": "Feature", "geometry": {"type": "LineString", "coordinates": [[80.773805, 6.088274], [80.774319, 6.088041], [80.774764, 6.08788], [80.775213, 6.087774], [80.776167, 6.08773], [80.777137, 6.087485], [80.777444, 6.087516], [80.777657, 6.087391], [80.778052, 6.087004], [80.778229, 6.08689], [80.778816, 6.086843], [80.779029, 6.08675], [80.779523, 6.086771], [80.779672, 6.086227]]}, "properties": {"id": 263, "u": 2605754856, "v": 3698544613, "safety": "safe", "district": "tangalle", "source": "ground_truth"}}, {"type": "Feature", "geometry": {"type": "LineString", "coordinates": [[80.784125, 6.087747], [80.784071, 6.08794]]}, "properties": {"id": 264, "u": 2605754891, "v": 2605754897, "safety": "safe", "district": "tangalle", "source": "ground_truth"}}, {"type": "Feature", "geometry": {"type": "LineString", "coordinates": [[80.784652, 6.083045], [80.78449, 6.08356], [80.7844, 6.083969], [80.7844, 6.084335], [80.78449, 6.0848], [80.784125, 6.087747]]}, "properties": {"id": 265, "u": 2605754891, "v": 3697292828, "safety": "safe", "district": "tangalle", "source": "ground_truth"}}, {"type": "Feature", "geometry": {"type": "LineString", "coordinates": [[80.783551, 6.090198], [80.783965, 6.088632], [80.784071, 6.08794]]}, "properties": {"id": 266, "u": 2605754897, "v": 3698545707, "safety": "safe", "district": "tangalle", "source": "ground_truth"}}, {"type": "Feature", "geometry": {"type": "LineString", "coordinates": [[80.786957, 6.087823], [80.785237, 6.08808], [80.784897, 6.088089], [80.784071, 6.08794]]}, "properties": {"id": 267, "u": 2605754897, "v": 3697292991, "safety": "safe", "district": "tangalle", "source": "ground_truth"}}, {"type": "Feature", "geometry": {"type": "LineString", "coordinates": [[80.786957, 6.087823], [80.787968, 6.087664], [80.788676, 6.087664], [80.788937, 6.087757], [80.789215, 6.087966], [80.789411, 6.08816]]}, "properties": {"id": 268, "u": 2605754905, "v": 3697292991, "safety": "safe", "district": "tangalle", "source": "ground_truth"}}, {"type": "Feature", "geometry": {"type": "LineString", "coordinates": [[80.79352, 6.088663], [80.792475, 6.088596], [80.791432, 6.088576], [80.790523, 6.088647], [80.790216, 6.088647], [80.789797, 6.088464], [80.789411, 6.08816]]}, "properties": {"id": 269, "u": 2605754905, "v": 3697292997, "safety": "safe", "district": "tangalle", "source": "ground_truth"}}, {"type": "Feature", "geometry": {"type": "LineString", "coordinates": [[80.789928, 6.092536], [80.789818, 6.092289], [80.789508, 6.091405], [80.789425, 6.091114], [80.789302, 6.090837], [80.789128, 6.090284], [80.789107, 6.090036], [80.789157, 6.089892], [80.789309, 6.08875], [80.789411, 6.08816]]}, "properties": {"id": 270, "u": 2605754905, "v": 3770135604, "safety": "safe", "district": "tangalle", "source": "ground_truth"}}, {"type": "Feature", "geometry": {"type": "LineString", "coordinates": [[80.79766, 6.08933], [80.798535, 6.089521], [80.799567, 6.089541]]}, "properties": {"id": 271, "u": 2605754937, "v": 3697292999, "safety": "safe", "district": "tangalle", "source": "ground_truth"}}, {"type": "Feature", "geometry": {"type": "LineString", "coordinates": [[80.801191, 6.089828], [80.800201, 6.089602], [80.799567, 6.089541]]}, "properties": {"id": 272, "u": 2605754937, "v": 3698259175, "safety": "safe", "district": "tangalle", "source": "ground_truth"}}, {"type": "Feature", "geometry": {"type": "LineString", "coordinates": [[80.801631, 6.08721], [80.801454, 6.0874], [80.801366, 6.087598], [80.801241, 6.087781], [80.800822, 6.088124], [80.800704, 6.088292], [80.800594, 6.088548], [80.800396, 6.088717], [80.799976, 6.088826], [80.799741, 6.088965], [80.799616, 6.089184], [80.799567, 6.089541]]}, "properties": {"id": 273, "u": 2605754937, "v": 3698247723, "safety": "safe", "district": "tangalle", "source": "ground_truth"}}, {"type": "Feature", "geometry": {"type": "LineString", "coordinates": [[80.81379, 6.091229], [80.814311, 6.091666], [80.814592, 6.091727], [80.816496, 6.09147], [80.818126, 6.091125], [80.819396, 6.090911], [80.821821, 6.090568], [80.823108, 6.090208]]}, "properties": {"id": 274, "u": 2605754951, "v": 3697268624, "safety": "safe", "district": "tangalle", "source": "ground_truth"}}, {"type": "Feature", "geometry": {"type": "LineString", "coordinates": [[80.826989, 6.085745], [80.8269, 6.085933], [80.826724, 6.086205], [80.825941, 6.086285], [80.82568, 6.086565], [80.825397, 6.08673], [80.825153, 6.086759], [80.824866, 6.086709], [80.824109, 6.086449], [80.823839, 6.086449], [80.823717, 6.086562], [80.823604, 6.087048], [80.823519, 6.087065], [80.823086, 6.08706], [80.822732, 6.087098], [80.822534, 6.08719], [80.822463, 6.08732], [80.822421, 6.087529], [80.822543, 6.08804], [80.822518, 6.088354], [80.822416, 6.088492], [80.822223, 6.089317], [80.822454, 6.0894], [80.822543, 6.089626], [80.822787, 6.089689], [80.822993, 6.089823], [80.823108, 6.090208]]}, "properties": {"id": 275, "u": 2605754951, "v": 3697198761, "safety": "safe", "district": "tangalle", "source": "ground_truth"}}, {"type": "Feature", "geometry": {"type": "LineString", "coordinates": [[80.823278, 6.092682], [80.823141, 6.091274], [80.823108, 6.090208]]}, "properties": {"id": 276, "u": 2605754951, "v": 3698265503, "safety": "safe", "district": "tangalle", "source": "ground_truth"}}, {"type": "Feature", "geometry": {"type": "LineString", "coordinates": [[80.806659, 6.090334], [80.807375, 6.090364], [80.809205, 6.090959], [80.809507, 6.090997], [80.809813, 6.090953], [80.810021, 6.090816], [80.810174, 6.090655], [80.810492, 6.090376], [80.810582, 6.090264]]}, "properties": {"id": 277, "u": 2605754952, "v": 2605754955, "safety": "safe", "district": "tangalle", "source": "ground_truth"}}, {"type": "Feature", "geometry": {"type": "LineString", "coordinates": [[80.81379, 6.091229], [80.813476, 6.090924], [80.813136, 6.09067], [80.812655, 6.090411], [80.811943, 6.09011], [80.811495, 6.090059], [80.811054, 6.090068], [80.810582, 6.090264]]}, "properties": {"id": 278, "u": 2605754952, "v": 3697268624, "safety": "safe", "district": "tangalle", "source": "ground_truth"}}, {"type": "Feature", "geometry": {"type": "LineString", "coordinates": [[80.810695, 6.089707], [80.810636, 6.089927], [80.810582, 6.090264]]}, "properties": {"id": 279, "u": 2605754952, "v": 3697268619, "safety": "safe", "district": "tangalle", "source": "ground_truth"}}, {"type": "Feature", "geometry": {"type": "LineString", "coordinates": [[80.801191, 6.089828], [80.801406, 6.089876], [80.803185, 6.090506], [80.804728, 6.090578], [80.806659, 6.090334]]}, "properties": {"id": 280, "u": 2605754955, "v": 3698259175, "safety": "safe", "district": "tangalle", "source": "ground_truth"}}, {"type": "Feature", "geometry": {"type": "LineString", "coordinates": [[80.806548, 6.096656], [80.806558, 6.096491], [80.806455, 6.095938], [80.80646, 6.095617], [80.806683, 6.09432], [80.806824, 6.093777], [80.806881, 6.092746], [80.806642, 6.092446], [80.806652, 6.091557], [80.806631, 6.090844], [80.806659, 6.090334]]}, "properties": {"id": 281, "u": 2605754955, "v": 3698247793, "safety": "safe", "district": "tangalle", "source": "ground_truth"}}, {"type": "Feature", "geometry": {"type": "LineString", "coordinates": [[80.823336, 6.09459], [80.817518, 6.094533]]}, "properties": {"id": 282, "u": 2605754988, "v": 3697205787, "safety": "safe", "district": "tangalle", "source": "ground_truth"}}, {"type": "Feature", "geometry": {"type": "LineString", "coordinates": [[80.823336, 6.09459], [80.823278, 6.092682]]}, "properties": {"id": 283, "u": 2605754988, "v": 3698265503, "safety": "safe", "district": "tangalle", "source": "ground_truth"}}, {"type": "Feature", "geometry": {"type": "LineString", "coordinates": [[80.830248, 6.093502], [80.829776, 6.09374], [80.829115, 6.094063], [80.828677, 6.094297], [80.828316, 6.094427], [80.827615, 6.094572], [80.827418, 6.094576], [80.82593, 6.094606], [80.823336, 6.09459]]}, "properties": {"id": 284, "u": 2605754988, "v": 3697205781, "safety": "safe", "district": "tangalle", "source": "ground_truth"}}, {"type": "Feature", "geometry": {"type": "LineString", "coordinates": [[80.822886, 6.095829], [80.822919, 6.095675], [80.82307, 6.09542], [80.823336, 6.09459]]}, "properties": {"id": 285, "u": 2605754988, "v": 3697205812, "safety": "safe", "district": "tangalle", "source": "ground_truth"}}, {"type": "Feature", "geometry": {"type": "LineString", "coordinates": [[80.789928, 6.092536], [80.790223, 6.093212], [80.790281, 6.093647], [80.7904, 6.093833], [80.790581, 6.093973], [80.790671, 6.094078], [80.790769, 6.094423], [80.790787, 6.09462], [80.790704, 6.094965], [80.790592, 6.095238], [80.790613, 6.095457], [80.790725, 6.095669], [80.790882, 6.095887]]}, "properties": {"id": 286, "u": 2605754997, "v": 3770135604, "safety": "safe", "district": "tangalle", "source": "ground_truth"}}, {"type": "Feature", "geometry": {"type": "LineString", "coordinates": [[80.797481, 6.059134], [80.797483, 6.058984], [80.797466, 6.058448]]}, "properties": {"id": 287, "u": 2670663003, "v": 2670669122, "safety": "safe", "district": "tangalle", "source": "ground_truth"}}, {"type": "Feature", "geometry": {"type": "LineString", "coordinates": [[80.789022, 6.056976], [80.789021, 6.057578]]}, "properties": {"id": 288, "u": 2670669055, "v": 3698326034, "safety": "safe", "district": "tangalle", "source": "ground_truth"}}, {"type": "Feature", "geometry": {"type": "LineString", "coordinates": [[80.789254, 6.055409], [80.789016, 6.056159], [80.788992, 6.056311], [80.789022, 6.056976]]}, "properties": {"id": 289, "u": 2670669055, "v": 3698325991, "safety": "safe", "district": "tangalle", "source": "ground_truth"}}, {"type": "Feature", "geometry": {"type": "LineString", "coordinates": [[80.790053, 6.056787], [80.789772, 6.056685], [80.789664, 6.056666], [80.789631, 6.056682], [80.789532, 6.056935], [80.789383, 6.056973], [80.789095, 6.056971], [80.789022, 6.056976]]}, "properties": {"id": 290, "u": 2670669055, "v": 2670669068, "safety": "safe", "district": "tangalle", "source": "ground_truth"}}, {"type": "Feature", "geometry": {"type": "LineString", "coordinates": [[80.79696, 6.059072], [80.796501, 6.058769], [80.796204, 6.058671], [80.795757, 6.058563], [80.795596, 6.058418], [80.794982, 6.057733], [80.794497, 6.057262], [80.79436, 6.057133]]}, "properties": {"id": 291, "u": 2670669097, "v": 2670669119, "safety": "safe", "district": "tangalle", "source": "ground_truth"}}, {"type": "Feature", "geometry": {"type": "LineString", "coordinates": [[80.79696, 6.059072], [80.797481, 6.059134]]}, "properties": {"id": 292, "u": 2670669119, "v": 2670669122, "safety": "safe", "district": "tangalle", "source": "ground_truth"}}, {"type": "Feature", "geometry": {"type": "LineString", "coordinates": [[80.794864, 6.064145], [80.794985, 6.063647], [80.795011, 6.063285], [80.794996, 6.062817], [80.795018, 6.062389], [80.795101, 6.062126], [80.795171, 6.062085], [80.79554, 6.062097], [80.795878, 6.062053], [80.79622, 6.061918], [80.796396, 6.061797], [80.796455, 6.06164], [80.796407, 6.061311], [80.796617, 6.060609], [80.796848, 6.059523], [80.79696, 6.059072]]}, "properties": {"id": 293, "u": 2670669119, "v": 3698300779, "safety": "safe", "district": "tangalle", "source": "ground_truth"}}, {"type": "Feature", "geometry": {"type": "LineString", "coordinates": [[80.828777, 6.044835], [80.828425, 6.04499], [80.827905, 6.04517], [80.827605, 6.045265], [80.827389, 6.045333], [80.826588, 6.045398], [80.826074, 6.045463], [80.825416, 6.045592], [80.824165, 6.045774], [80.823774, 6.045813], [80.82372, 6.045734], [80.82352, 6.045463], [80.823338, 6.045359], [80.82313, 6.045366], [80.822384, 6.045565], [80.822211, 6.045107], [80.82215, 6.044956]]}, "properties": {"id": 294, "u": 2670694106, "v": 2670694126, "safety": "unsafe", "district": "tangalle", "source": "ground_truth"}}, {"type": "Feature", "geometry": {"type": "LineString", "coordinates": [[80.794891, 6.035643], [80.794822, 6.035452], [80.794712, 6.035208]]}, "properties": {"id": 295, "u": 2670694165, "v": 2670712315, "safety": "unsafe", "district": "tangalle", "source": "ground_truth"}}, {"type": "Feature", "geometry": {"type": "LineString", "coordinates": [[80.795831, 6.033874], [80.795648, 6.034119], [80.795376, 6.034653], [80.795127, 6.034895], [80.79485, 6.035114], [80.794712, 6.035208]]}, "properties": {"id": 296, "u": 2670694165, "v": 3635380029, "safety": "unsafe", "district": "tangalle", "source": "ground_truth"}}, {"type": "Feature", "geometry": {"type": "LineString", "coordinates": [[80.792639, 6.036535], [80.792756, 6.036459], [80.794712, 6.035208]]}, "properties": {"id": 297, "u": 2670694165, "v": 13586593580, "safety": "unsafe", "district": "tangalle", "source": "ground_truth"}}, {"type": "Feature", "geometry": {"type": "LineString", "coordinates": [[80.795036, 6.037402], [80.795004, 6.037253], [80.795079, 6.036789]]}, "properties": {"id": 298, "u": 2670694170, "v": 2670694172, "safety": "unsafe", "district": "tangalle", "source": "ground_truth"}}, {"type": "Feature", "geometry": {"type": "LineString", "coordinates": [[80.795051, 6.036213], [80.795091, 6.036392], [80.795079, 6.036789]]}, "properties": {"id": 299, "u": 2670694170, "v": 2670712321, "safety": "unsafe", "district": "tangalle", "source": "ground_truth"}}, {"type": "Feature", "geometry": {"type": "LineString", "coordinates": [[80.795589, 6.036867], [80.795166, 6.036781], [80.795079, 6.036789]]}, "properties": {"id": 300, "u": 2670694170, "v": 2670694176, "safety": "unsafe", "district": "tangalle", "source": "ground_truth"}}, {"type": "Feature", "geometry": {"type": "LineString", "coordinates": [[80.795036, 6.037402], [80.795069, 6.03741]]}, "properties": {"id": 301, "u": 2670694172, "v": 2670712413, "safety": "unsafe", "district": "tangalle", "source": "ground_truth"}}, {"type": "Feature", "geometry": {"type": "LineString", "coordinates": [[80.794356, 6.037402], [80.794763, 6.037406], [80.795036, 6.037402]]}, "properties": {"id": 302, "u": 2670694172, "v": 2670694179, "safety": "unsafe", "district": "tangalle", "source": "ground_truth"}}, {"type": "Feature", "geometry": {"type": "LineString", "coordinates": [[80.794356, 6.037402], [80.794324, 6.036812]]}, "properties": {"id": 303, "u": 2670694179, "v": 2670694182, "safety": "unsafe", "district": "tangalle", "source": "ground_truth"}}, {"type": "Feature", "geometry": {"type": "LineString", "coordinates": [[80.7936, 6.037233], [80.793727, 6.037333], [80.7939, 6.0374], [80.794128, 6.037428], [80.794356, 6.037402]]}, "properties": {"id": 304, "u": 2670694179, "v": 2670712467, "safety": "unsafe", "district": "tangalle", "source": "ground_truth"}}, {"type": "Feature", "geometry": {"type": "LineString", "coordinates": [[80.793395, 6.036974], [80.793445, 6.03683], [80.793509, 6.036797], [80.794209, 6.036785], [80.794324, 6.036812]]}, "properties": {"id": 305, "u": 2670694182, "v": 2670694186, "safety": "unsafe", "district": "tangalle", "source": "ground_truth"}}, {"type": "Feature", "geometry": {"type": "LineString", "coordinates": [[80.794455, 6.03625], [80.794435, 6.036358], [80.794485, 6.036639], [80.794324, 6.036812]]}, "properties": {"id": 306, "u": 2670694182, "v": 2670712325, "safety": "unsafe", "district": "tangalle", "source": "ground_truth"}}, {"type": "Feature", "geometry": {"type": "LineString", "coordinates": [[80.7936, 6.037233], [80.793491, 6.037035], [80.793424, 6.036973], [80.793395, 6.036974]]}, "properties": {"id": 307, "u": 2670694186, "v": 2670712467, "safety": "unsafe", "district": "tangalle", "source": "ground_truth"}}, {"type": "Feature", "geometry": {"type": "LineString", "coordinates": [[80.792639, 6.036535], [80.792757, 6.036725], [80.792885, 6.036848], [80.79309, 6.03696], [80.79331, 6.036977], [80.793395, 6.036974]]}, "properties": {"id": 308, "u": 2670694186, "v": 13586593580, "safety": "unsafe", "district": "tangalle", "source": "ground_truth"}}, {"type": "Feature", "geometry": {"type": "LineString", "coordinates": [[80.794891, 6.035643], [80.795051, 6.036213]]}, "properties": {"id": 309, "u": 2670712315, "v": 2670712321, "safety": "unsafe", "district": "tangalle", "source": "ground_truth"}}, {"type": "Feature", "geometry": {"type": "LineString", "coordinates": [[80.794455, 6.03625], [80.794385, 6.036163], [80.794348, 6.03601], [80.794348, 6.0359], [80.794403, 6.035861], [80.794601, 6.035798], [80.794743, 6.035715], [80.794891, 6.035643]]}, "properties": {"id": 310, "u": 2670712315, "v": 2670712325, "safety": "unsafe", "district": "tangalle", "source": "ground_truth"}}, {"type": "Feature", "geometry": {"type": "LineString", "coordinates": [[80.794455, 6.03625], [80.794949, 6.036226], [80.795051, 6.036213]]}, "properties": {"id": 311, "u": 2670712321, "v": 2670712325, "safety": "unsafe", "district": "tangalle", "source": "ground_truth"}}, {"type": "Feature", "geometry": {"type": "LineString", "coordinates": [[80.79848, 6.036823], [80.797851, 6.035483]]}, "properties": {"id": 312, "u": 2670712326, "v": 3669997738, "safety": "unsafe", "district": "tangalle", "source": "ground_truth"}}, {"type": "Feature", "geometry": {"type": "LineString", "coordinates": [[80.796958, 6.037615], [80.797215, 6.037406], [80.797448, 6.037268], [80.798207, 6.036958], [80.79848, 6.036823]]}, "properties": {"id": 313, "u": 2670712326, "v": 2670712331, "safety": "unsafe", "district": "tangalle", "source": "ground_truth"}}, {"type": "Feature", "geometry": {"type": "LineString", "coordinates": [[80.796958, 6.037615], [80.796831, 6.037743]]}, "properties": {"id": 314, "u": 2670712331, "v": 3635380053, "safety": "unsafe", "district": "tangalle", "source": "ground_truth"}}, {"type": "Feature", "geometry": {"type": "LineString", "coordinates": [[80.796819, 6.037249], [80.796882, 6.03752], [80.796958, 6.037615]]}, "properties": {"id": 315, "u": 2670712331, "v": 2670712343, "safety": "unsafe", "district": "tangalle", "source": "ground_truth"}}, {"type": "Feature", "geometry": {"type": "LineString", "coordinates": [[80.796748, 6.037827], [80.796678, 6.037926]]}, "properties": {"id": 316, "u": 2670712332, "v": 2670712376, "safety": "unsafe", "district": "tangalle", "source": "ground_truth"}}, {"type": "Feature", "geometry": {"type": "LineString", "coordinates": [[80.796748, 6.037827], [80.796831, 6.037743]]}, "properties": {"id": 317, "u": 2670712332, "v": 3635380053, "safety": "unsafe", "district": "tangalle", "source": "ground_truth"}}, {"type": "Feature", "geometry": {"type": "LineString", "coordinates": [[80.797155, 6.03811], [80.796867, 6.037925], [80.796748, 6.037827]]}, "properties": {"id": 318, "u": 2670712332, "v": 2670712341, "safety": "unsafe", "district": "tangalle", "source": "ground_truth"}}, {"type": "Feature", "geometry": {"type": "LineString", "coordinates": [[80.796819, 6.037249], [80.796378, 6.037192]]}, "properties": {"id": 319, "u": 2670712343, "v": 3635380049, "safety": "unsafe", "district": "tangalle", "source": "ground_truth"}}, {"type": "Feature", "geometry": {"type": "LineString", "coordinates": [[80.796802, 6.036138], [80.796728, 6.036541], [80.796776, 6.036797], [80.796819, 6.037249]]}, "properties": {"id": 320, "u": 2670712343, "v": 2670712352, "safety": "unsafe", "district": "tangalle", "source": "ground_truth"}}, {"type": "Feature", "geometry": {"type": "LineString", "coordinates": [[80.797219, 6.034209], [80.796811, 6.034295], [80.796772, 6.034375], [80.79685, 6.034933], [80.796898, 6.035727], [80.796802, 6.036138]]}, "properties": {"id": 321, "u": 2670712352, "v": 3279688923, "safety": "unsafe", "district": "tangalle", "source": "ground_truth"}}, {"type": "Feature", "geometry": {"type": "LineString", "coordinates": [[80.795845, 6.034928], [80.795858, 6.034999], [80.795823, 6.035165], [80.795842, 6.03544], [80.795886, 6.035503], [80.795993, 6.03555], [80.796246, 6.035578], [80.796269, 6.035644], [80.796258, 6.036049], [80.796617, 6.036112], [80.796802, 6.036138]]}, "properties": {"id": 322, "u": 2670712352, "v": 3635380035, "safety": "unsafe", "district": "tangalle", "source": "ground_truth"}}, {"type": "Feature", "geometry": {"type": "LineString", "coordinates": [[80.795845, 6.034928], [80.795839, 6.034897], [80.795728, 6.034832], [80.795615, 6.034721]]}, "properties": {"id": 323, "u": 2670712369, "v": 3635380035, "safety": "unsafe", "district": "tangalle", "source": "ground_truth"}}, {"type": "Feature", "geometry": {"type": "LineString", "coordinates": [[80.796678, 6.037926], [80.795878, 6.037658], [80.79574, 6.037571]]}, "properties": {"id": 324, "u": 2670712372, "v": 2670712376, "safety": "unsafe", "district": "tangalle", "source": "ground_truth"}}, {"type": "Feature", "geometry": {"type": "LineString", "coordinates": [[80.795069, 6.03741], [80.795214, 6.037445], [80.79574, 6.037571]]}, "properties": {"id": 325, "u": 2670712372, "v": 2670712413, "safety": "unsafe", "district": "tangalle", "source": "ground_truth"}}, {"type": "Feature", "geometry": {"type": "LineString", "coordinates": [[80.795945, 6.036915], [80.795839, 6.037284], [80.79574, 6.037571]]}, "properties": {"id": 326, "u": 2670712372, "v": 2670712379, "safety": "unsafe", "district": "tangalle", "source": "ground_truth"}}, {"type": "Feature", "geometry": {"type": "LineString", "coordinates": [[80.795755, 6.040516], [80.795787, 6.040509], [80.795807, 6.039891], [80.795882, 6.039872], [80.796194, 6.039823], [80.796206, 6.038979], [80.796246, 6.038822], [80.796503, 6.03824], [80.796678, 6.037926]]}, "properties": {"id": 327, "u": 2670712376, "v": 2670712410, "safety": "unsafe", "district": "tangalle", "source": "ground_truth"}}, {"type": "Feature", "geometry": {"type": "LineString", "coordinates": [[80.79598, 6.040479], [80.796046, 6.040483], [80.796776, 6.040528], [80.796918, 6.040556], [80.797029, 6.040635], [80.796965, 6.040768], [80.796855, 6.040863], [80.796665, 6.040969], [80.796495, 6.041024], [80.796269, 6.041079], [80.796064, 6.041103], [80.796032, 6.041087], [80.796024, 6.040949]]}, "properties": {"id": 328, "u": 2670712395, "v": 2670712412, "safety": "unsafe", "district": "tangalle", "source": "ground_truth"}}, {"type": "Feature", "geometry": {"type": "LineString", "coordinates": [[80.79598, 6.040479], [80.795981, 6.040658], [80.796024, 6.040949]]}, "properties": {"id": 329, "u": 2670712395, "v": 2670712412, "safety": "unsafe", "district": "tangalle", "source": "ground_truth"}}, {"type": "Feature", "geometry": {"type": "LineString", "coordinates": [[80.795755, 6.040516], [80.795672, 6.040556], [80.795657, 6.040639], [80.795475, 6.040666], [80.795447, 6.040713], [80.795483, 6.041024], [80.795522, 6.041051], [80.795736, 6.040992], [80.796024, 6.040949]]}, "properties": {"id": 330, "u": 2670712395, "v": 2670712410, "safety": "unsafe", "district": "tangalle", "source": "ground_truth"}}, {"type": "Feature", "geometry": {"type": "LineString", "coordinates": [[80.795755, 6.040516], [80.79598, 6.040479]]}, "properties": {"id": 331, "u": 2670712410, "v": 2670712412, "safety": "unsafe", "district": "tangalle", "source": "ground_truth"}}, {"type": "Feature", "geometry": {"type": "LineString", "coordinates": [[80.795177, 6.038729], [80.795118, 6.038125], [80.795221, 6.03797], [80.795128, 6.037585], [80.795069, 6.03741]]}, "properties": {"id": 332, "u": 2670712413, "v": 2670712432, "safety": "unsafe", "district": "tangalle", "source": "ground_truth"}}, {"type": "Feature", "geometry": {"type": "LineString", "coordinates": [[80.795177, 6.038729], [80.795258, 6.039035], [80.795315, 6.0395], [80.795305, 6.039834], [80.795183, 6.039889], [80.795224, 6.040107]]}, "properties": {"id": 333, "u": 2670712431, "v": 2670712432, "safety": "unsafe", "district": "tangalle", "source": "ground_truth"}}, {"type": "Feature", "geometry": {"type": "LineString", "coordinates": [[80.794813, 6.038817], [80.795001, 6.038765], [80.795177, 6.038729]]}, "properties": {"id": 334, "u": 2670712432, "v": 2670712435, "safety": "unsafe", "district": "tangalle", "source": "ground_truth"}}, {"type": "Feature", "geometry": {"type": "LineString", "coordinates": [[80.79382, 6.038879], [80.793106, 6.038876], [80.792776, 6.038875], [80.792503, 6.038954], [80.79204, 6.039245], [80.791997, 6.039202], [80.791842, 6.038907], [80.791645, 6.038616], [80.79151, 6.038187], [80.791344, 6.038093], [80.791166, 6.038077], [80.790983, 6.038087]]}, "properties": {"id": 335, "u": 2670712436, "v": 2670712452, "safety": "unsafe", "district": "tangalle", "source": "ground_truth"}}, {"type": "Feature", "geometry": {"type": "LineString", "coordinates": [[80.790872, 6.043211], [80.791209, 6.042617], [80.791414, 6.042174], [80.791495, 6.041944], [80.791522, 6.04178], [80.791542, 6.041258], [80.791527, 6.040969], [80.79143, 6.040454], [80.79132, 6.040099], [80.791141, 6.039777], [80.791006, 6.039462], [80.790946, 6.039051], [80.790941, 6.038723], [80.790983, 6.038087]]}, "properties": {"id": 336, "u": 2670712436, "v": 13586593600, "safety": "unsafe", "district": "tangalle", "source": "ground_truth"}}, {"type": "Feature", "geometry": {"type": "LineString", "coordinates": [[80.793371, 6.039698], [80.793593, 6.039678], [80.793734, 6.039662], [80.793813, 6.039576], [80.793855, 6.039438], [80.793831, 6.039296], [80.79382, 6.038879]]}, "properties": {"id": 337, "u": 2670712452, "v": 13586593597, "safety": "unsafe", "district": "tangalle", "source": "ground_truth"}}, {"type": "Feature", "geometry": {"type": "LineString", "coordinates": [[80.7936, 6.037233], [80.793535, 6.037357], [80.793527, 6.03755], [80.793713, 6.037975], [80.793847, 6.038439], [80.793839, 6.038773], [80.79382, 6.038879]]}, "properties": {"id": 338, "u": 2670712452, "v": 2670712467, "safety": "unsafe", "district": "tangalle", "source": "ground_truth"}}, {"type": "Feature", "geometry": {"type": "LineString", "coordinates": [[80.790761, 6.037704], [80.790749, 6.037415], [80.790785, 6.037166], [80.790762, 6.037033], [80.790665, 6.037011], [80.790229, 6.037024], [80.790111, 6.036933], [80.789929, 6.036719], [80.78976, 6.036395], [80.789421, 6.035987], [80.789271, 6.035974], [80.789082, 6.03602], [80.788718, 6.036155], [80.788431, 6.036304], [80.787993, 6.036423], [80.787656, 6.036512], [80.787297, 6.036641], [80.786327, 6.036933], [80.785389, 6.03749], [80.785161, 6.037587]]}, "properties": {"id": 339, "u": 2670712476, "v": 3635380052, "safety": "unsafe", "district": "tangalle", "source": "ground_truth"}}, {"type": "Feature", "geometry": {"type": "LineString", "coordinates": [[80.784115, 6.035472], [80.784277, 6.035542], [80.784401, 6.035666], [80.784563, 6.03667], [80.784614, 6.036829], [80.784862, 6.037147], [80.785161, 6.037587]]}, "properties": {"id": 340, "u": 2670712476, "v": 3592199658, "safety": "safe", "district": "tangalle", "source": "ground_truth"}}, {"type": "Feature", "geometry": {"type": "LineString", "coordinates": [[80.784068, 6.038535], [80.784181, 6.038423], [80.784897, 6.038132], [80.785241, 6.038104], [80.785258, 6.037829], [80.785161, 6.037587]]}, "properties": {"id": 341, "u": 2670712476, "v": 3634843045, "safety": "safe", "district": "tangalle", "source": "ground_truth"}}, {"type": "Feature", "geometry": {"type": "LineString", "coordinates": [[80.790772, 6.037998], [80.790761, 6.037704]]}, "properties": {"id": 342, "u": 2670712499, "v": 3635380052, "safety": "unsafe", "district": "tangalle", "source": "ground_truth"}}, {"type": "Feature", "geometry": {"type": "LineString", "coordinates": [[80.791085, 6.040176], [80.790795, 6.03953], [80.790751, 6.03878], [80.790703, 6.038536], [80.790769, 6.038151], [80.790772, 6.037998]]}, "properties": {"id": 343, "u": 2670712499, "v": 2670712523, "safety": "unsafe", "district": "tangalle", "source": "ground_truth"}}, {"type": "Feature", "geometry": {"type": "LineString", "coordinates": [[80.789661, 6.038557], [80.789687, 6.037957], [80.789784, 6.03788], [80.790772, 6.037998]]}, "properties": {"id": 344, "u": 2670712499, "v": 3635371696, "safety": "unsafe", "district": "tangalle", "source": "ground_truth"}}, {"type": "Feature", "geometry": {"type": "LineString", "coordinates": [[80.790177, 6.041791], [80.79015, 6.041927], [80.790647, 6.043101]]}, "properties": {"id": 345, "u": 2670712514, "v": 2670712518, "safety": "safe", "district": "tangalle", "source": "ground_truth"}}, {"type": "Feature", "geometry": {"type": "LineString", "coordinates": [[80.791068, 6.042238], [80.790991, 6.042464], [80.790821, 6.042795], [80.790647, 6.043101]]}, "properties": {"id": 346, "u": 2670712514, "v": 2670712522, "safety": "unsafe", "district": "tangalle", "source": "ground_truth"}}, {"type": "Feature", "geometry": {"type": "LineString", "coordinates": [[80.790872, 6.043211], [80.790825, 6.043187], [80.790717, 6.043135], [80.790647, 6.043101]]}, "properties": {"id": 347, "u": 2670712514, "v": 13586593600, "safety": "unsafe", "district": "tangalle", "source": "ground_truth"}}, {"type": "Feature", "geometry": {"type": "LineString", "coordinates": [[80.789289, 6.044344], [80.789369, 6.044298], [80.789632, 6.043761], [80.789933, 6.043027], [80.790011, 6.042926], [80.790166, 6.042916], [80.790647, 6.043101]]}, "properties": {"id": 348, "u": 2670712514, "v": 3634843221, "safety": "safe", "district": "tangalle", "source": "ground_truth"}}, {"type": "Feature", "geometry": {"type": "LineString", "coordinates": [[80.791068, 6.042238], [80.790926, 6.042134], [80.790418, 6.041868], [80.790177, 6.041791]]}, "properties": {"id": 349, "u": 2670712518, "v": 2670712522, "safety": "safe", "district": "tangalle", "source": "ground_truth"}}, {"type": "Feature", "geometry": {"type": "LineString", "coordinates": [[80.791085, 6.040176], [80.790652, 6.040282], [80.790333, 6.040385], [80.790001, 6.040644], [80.789467, 6.040968], [80.789577, 6.041318], [80.789753, 6.041409], [80.789995, 6.041333], [80.790153, 6.041337], [80.790221, 6.041377], [80.790281, 6.041539], [80.790262, 6.041632], [80.790177, 6.041791]]}, "properties": {"id": 350, "u": 2670712518, "v": 2670712523, "safety": "safe", "district": "tangalle", "source": "ground_truth"}}, {"type": "Feature", "geometry": {"type": "LineString", "coordinates": [[80.791085, 6.040176], [80.791121, 6.040262], [80.791245, 6.040832], [80.791271, 6.041305], [80.791193, 6.041849], [80.791068, 6.042238]]}, "properties": {"id": 351, "u": 2670712522, "v": 2670712523, "safety": "unsafe", "district": "tangalle", "source": "ground_truth"}}, {"type": "Feature", "geometry": {"type": "LineString", "coordinates": [[80.779467, 6.009624], [80.779461, 6.009538], [80.779471, 6.009264], [80.779477, 6.009057], [80.779648, 6.008313], [80.779056, 6.008121], [80.778755, 6.008022], [80.779335, 6.006751], [80.779461, 6.006593], [80.779731, 6.006672]]}, "properties": {"id": 352, "u": 2993951417, "v": 2993960241, "safety": "safe", "district": "tangalle", "source": "ground_truth"}}, {"type": "Feature", "geometry": {"type": "LineString", "coordinates": [[80.778572, 6.009739], [80.778639, 6.009798], [80.778786, 6.009727], [80.779112, 6.009636], [80.779467, 6.009624]]}, "properties": {"id": 353, "u": 2993960241, "v": 2993960245, "safety": "safe", "district": "tangalle", "source": "ground_truth"}}, {"type": "Feature", "geometry": {"type": "LineString", "coordinates": [[80.779366, 6.011371], [80.779406, 6.011015], [80.779596, 6.010194], [80.779467, 6.009624]]}, "properties": {"id": 354, "u": 2993960241, "v": 2993960259, "safety": "safe", "district": "tangalle", "source": "ground_truth"}}, {"type": "Feature", "geometry": {"type": "LineString", "coordinates": [[80.779366, 6.011371], [80.779305, 6.012036]]}, "properties": {"id": 355, "u": 2993960259, "v": 2993960265, "safety": "safe", "district": "tangalle", "source": "ground_truth"}}, {"type": "Feature", "geometry": {"type": "LineString", "coordinates": [[80.776873, 6.011568], [80.776913, 6.011434], [80.777103, 6.011449], [80.777183, 6.011205], [80.777826, 6.011173], [80.778667, 6.011355], [80.779366, 6.011371]]}, "properties": {"id": 356, "u": 2993960259, "v": 2993960262, "safety": "safe", "district": "tangalle", "source": "ground_truth"}}, {"type": "Feature", "geometry": {"type": "LineString", "coordinates": [[80.779305, 6.012036], [80.779499, 6.012034], [80.779912, 6.011908], [80.780127, 6.011762]]}, "properties": {"id": 357, "u": 2993960263, "v": 2993960265, "safety": "safe", "district": "tangalle", "source": "ground_truth"}}, {"type": "Feature", "geometry": {"type": "LineString", "coordinates": [[80.779305, 6.012036], [80.779222, 6.013124]]}, "properties": {"id": 358, "u": 2993960265, "v": 2993960267, "safety": "safe", "district": "tangalle", "source": "ground_truth"}}, {"type": "Feature", "geometry": {"type": "LineString", "coordinates": [[80.779222, 6.013124], [80.78014, 6.013314]]}, "properties": {"id": 359, "u": 2993960267, "v": 3279666528, "safety": "safe", "district": "tangalle", "source": "ground_truth"}}, {"type": "Feature", "geometry": {"type": "LineString", "coordinates": [[80.777432, 6.0124], [80.77767, 6.012455], [80.777979, 6.012564], [80.778758, 6.012973], [80.779222, 6.013124]]}, "properties": {"id": 360, "u": 2993960267, "v": 3279666516, "safety": "safe", "district": "tangalle", "source": "ground_truth"}}, {"type": "Feature", "geometry": {"type": "LineString", "coordinates": [[80.797185, 6.023217], [80.796981, 6.023111], [80.796616, 6.022722], [80.796525, 6.0226], [80.796163, 6.022314]]}, "properties": {"id": 361, "u": 2993960268, "v": 6609744669, "safety": "safe", "district": "tangalle", "source": "ground_truth"}}, {"type": "Feature", "geometry": {"type": "LineString", "coordinates": [[80.797943, 6.023624], [80.798123, 6.023571], [80.79871, 6.023392], [80.798822, 6.023359], [80.799024, 6.023314]]}, "properties": {"id": 362, "u": 2993960275, "v": 2993960277, "safety": "safe", "district": "tangalle", "source": "ground_truth"}}, {"type": "Feature", "geometry": {"type": "LineString", "coordinates": [[80.798325, 6.023794], [80.798368, 6.0237], [80.798693, 6.023471], [80.798857, 6.023396], [80.799024, 6.023314]]}, "properties": {"id": 363, "u": 2993960275, "v": 3977262207, "safety": "safe", "district": "tangalle", "source": "ground_truth"}}, {"type": "Feature", "geometry": {"type": "LineString", "coordinates": [[80.797475, 6.02198], [80.798008, 6.021495], [80.79819, 6.021423], [80.798766, 6.021325], [80.798887, 6.021289], [80.79912, 6.021151], [80.799197, 6.021128], [80.799356, 6.021191], [80.79973, 6.021408], [80.799921, 6.02158], [80.800049, 6.02178], [80.800117, 6.021975], [80.800153, 6.022206], [80.800135, 6.022314], [80.800193, 6.022755], [80.800144, 6.022884], [80.800048, 6.023003], [80.79989, 6.023092], [80.799691, 6.02317], [80.799414, 6.023243], [80.799024, 6.023314]]}, "properties": {"id": 364, "u": 2993960275, "v": 3256397109, "safety": "unsafe", "district": "tangalle", "source": "ground_truth"}}, {"type": "Feature", "geometry": {"type": "LineString", "coordinates": [[80.797943, 6.023624], [80.798325, 6.023794]]}, "properties": {"id": 365, "u": 2993960277, "v": 3977262207, "safety": "safe", "district": "tangalle", "source": "ground_truth"}}, {"type": "Feature", "geometry": {"type": "LineString", "coordinates": [[80.797185, 6.023217], [80.797439, 6.023348], [80.797943, 6.023624]]}, "properties": {"id": 366, "u": 2993960277, "v": 6609744669, "safety": "safe", "district": "tangalle", "source": "ground_truth"}}, {"type": "Feature", "geometry": {"type": "LineString", "coordinates": [[80.776566, 6.01936], [80.776669, 6.019438], [80.77681, 6.019495], [80.777098, 6.01955], [80.777195, 6.019547], [80.777277, 6.019522], [80.777369, 6.019477], [80.777442, 6.019417], [80.77757, 6.019298], [80.777636, 6.019261], [80.777726, 6.019243], [80.777803, 6.019254], [80.778123, 6.019369]]}, "properties": {"id": 367, "u": 3200305855, "v": 3200305859, "safety": "safe", "district": "tangalle", "source": "ground_truth"}}, {"type": "Feature", "geometry": {"type": "LineString", "coordinates": [[80.778145, 6.018446], [80.778381, 6.018944], [80.778345, 6.019039], [80.778123, 6.019369]]}, "properties": {"id": 368, "u": 3200305855, "v": 3960776012, "safety": "safe", "district": "tangalle", "source": "ground_truth"}}, {"type": "Feature", "geometry": {"type": "LineString", "coordinates": [[80.775583, 6.022734], [80.775618, 6.022158], [80.775676, 6.021888], [80.775991, 6.020994], [80.776232, 6.020689], [80.776544, 6.020489], [80.776862, 6.020335], [80.777704, 6.019737], [80.778123, 6.019369]]}, "properties": {"id": 369, "u": 3200305855, "v": 3634834944, "safety": "safe", "district": "tangalle", "source": "ground_truth"}}, {"type": "Feature", "geometry": {"type": "LineString", "coordinates": [[80.775152, 6.0202], [80.775221, 6.020371], [80.775323, 6.02036], [80.775947, 6.01968], [80.776049, 6.019605], [80.776385, 6.019482], [80.776566, 6.01936]]}, "properties": {"id": 370, "u": 3200305859, "v": 3966162502, "safety": "safe", "district": "tangalle", "source": "ground_truth"}}, {"type": "Feature", "geometry": {"type": "LineString", "coordinates": [[80.788319, 6.021884], [80.788606, 6.021938], [80.788667, 6.021955], [80.788703, 6.021972], [80.78873, 6.021998], [80.788787, 6.022164], [80.788815, 6.022209], [80.788855, 6.022246], [80.788888, 6.022263]]}, "properties": {"id": 371, "u": 3206622965, "v": 3977260748, "safety": "safe", "district": "tangalle", "source": "ground_truth"}}, {"type": "Feature", "geometry": {"type": "LineString", "coordinates": [[80.789243, 6.023184], [80.789264, 6.022836], [80.788861, 6.022612], [80.788888, 6.022263]]}, "properties": {"id": 372, "u": 3206622965, "v": 3634834063, "safety": "safe", "district": "tangalle", "source": "ground_truth"}}, {"type": "Feature", "geometry": {"type": "LineString", "coordinates": [[80.785477, 6.021545], [80.785455, 6.021761]]}, "properties": {"id": 373, "u": 3206622967, "v": 3960869406, "safety": "safe", "district": "tangalle", "source": "ground_truth"}}, {"type": "Feature", "geometry": {"type": "LineString", "coordinates": [[80.78476, 6.021539], [80.784971, 6.021527], [80.785253, 6.02152], [80.785477, 6.021545]]}, "properties": {"id": 374, "u": 3206622967, "v": 3635379792, "safety": "safe", "district": "tangalle", "source": "ground_truth"}}, {"type": "Feature", "geometry": {"type": "LineString", "coordinates": [[80.786387, 6.021853], [80.78589, 6.021691], [80.78563, 6.021601], [80.785477, 6.021545]]}, "properties": {"id": 375, "u": 3206622967, "v": 3977260747, "safety": "safe", "district": "tangalle", "source": "ground_truth"}}, {"type": "Feature", "geometry": {"type": "LineString", "coordinates": [[80.789184, 6.025049], [80.789184, 6.024569]]}, "properties": {"id": 376, "u": 3206622973, "v": 3634833669, "safety": "safe", "district": "tangalle", "source": "ground_truth"}}, {"type": "Feature", "geometry": {"type": "LineString", "coordinates": [[80.787566, 6.025708], [80.788639, 6.025757], [80.788694, 6.025683], [80.788722, 6.025482], [80.788668, 6.025328], [80.788663, 6.025163], [80.788912, 6.025085], [80.789184, 6.025049]]}, "properties": {"id": 377, "u": 3206622973, "v": 3977261884, "safety": "safe", "district": "tangalle", "source": "ground_truth"}}, {"type": "Feature", "geometry": {"type": "LineString", "coordinates": [[80.790414, 6.025447], [80.789977, 6.025302], [80.789749, 6.025253], [80.789478, 6.025275], [80.789397, 6.025246], [80.789313, 6.025177], [80.789184, 6.025049]]}, "properties": {"id": 378, "u": 3206622973, "v": 3634834955, "safety": "safe", "district": "tangalle", "source": "ground_truth"}}, {"type": "Feature", "geometry": {"type": "LineString", "coordinates": [[80.776005, 6.009282], [80.776085, 6.009006], [80.775944, 6.008184]]}, "properties": {"id": 379, "u": 3248362867, "v": 3248362873, "safety": "safe", "district": "tangalle", "source": "ground_truth"}}, {"type": "Feature", "geometry": {"type": "LineString", "coordinates": [[80.775519, 6.010289], [80.775512, 6.010236], [80.775588, 6.009986], [80.77574, 6.009741], [80.775908, 6.009545], [80.776005, 6.009282]]}, "properties": {"id": 380, "u": 3248362873, "v": 3248362882, "safety": "safe", "district": "tangalle", "source": "ground_truth"}}, {"type": "Feature", "geometry": {"type": "LineString", "coordinates": [[80.774462, 6.008835], [80.775142, 6.008826], [80.775373, 6.008883], [80.776005, 6.009282]]}, "properties": {"id": 381, "u": 3248362873, "v": 3958198094, "safety": "safe", "district": "tangalle", "source": "ground_truth"}}, {"type": "Feature", "geometry": {"type": "LineString", "coordinates": [[80.775306, 6.01075], [80.775382, 6.010525], [80.775519, 6.010289]]}, "properties": {"id": 382, "u": 3248362882, "v": 3248362886, "safety": "safe", "district": "tangalle", "source": "ground_truth"}}, {"type": "Feature", "geometry": {"type": "LineString", "coordinates": [[80.776333, 6.009791], [80.775689, 6.010141], [80.775519, 6.010289]]}, "properties": {"id": 383, "u": 3248362882, "v": 3958198114, "safety": "safe", "district": "tangalle", "source": "ground_truth"}}, {"type": "Feature", "geometry": {"type": "LineString", "coordinates": [[80.774965, 6.011922], [80.775162, 6.011265], [80.775306, 6.01075]]}, "properties": {"id": 384, "u": 3248362886, "v": 3248362889, "safety": "safe", "district": "tangalle", "source": "ground_truth"}}, {"type": "Feature", "geometry": {"type": "LineString", "coordinates": [[80.77697, 6.010875], [80.776136, 6.010869], [80.775743, 6.010815], [80.775306, 6.01075]]}, "properties": {"id": 385, "u": 3248362886, "v": 3958198137, "safety": "safe", "district": "tangalle", "source": "ground_truth"}}, {"type": "Feature", "geometry": {"type": "LineString", "coordinates": [[80.774965, 6.011922], [80.775328, 6.011973]]}, "properties": {"id": 386, "u": 3248362889, "v": 3279666521, "safety": "safe", "district": "tangalle", "source": "ground_truth"}}, {"type": "Feature", "geometry": {"type": "LineString", "coordinates": [[80.774965, 6.011922], [80.774373, 6.011816]]}, "properties": {"id": 387, "u": 3248362889, "v": 3279666484, "safety": "safe", "district": "tangalle", "source": "ground_truth"}}, {"type": "Feature", "geometry": {"type": "LineString", "coordinates": [[80.86207, 6.054311], [80.861468, 6.054036], [80.861387, 6.053951], [80.861332, 6.05384]]}, "properties": {"id": 388, "u": 3248845211, "v": 12928006830, "safety": "unsafe", "district": "tangalle", "source": "ground_truth"}}, {"type": "Feature", "geometry": {"type": "LineString", "coordinates": [[80.859273, 6.05377], [80.860201, 6.053791], [80.86127, 6.053816], [80.861332, 6.05384]]}, "properties": {"id": 389, "u": 3248845211, "v": 3248845225, "safety": "unsafe", "district": "tangalle", "source": "ground_truth"}}, {"type": "Feature", "geometry": {"type": "LineString", "coordinates": [[80.861491, 6.053252], [80.861457, 6.053449], [80.861332, 6.05384]]}, "properties": {"id": 390, "u": 3248845211, "v": 3248847491, "safety": "unsafe", "district": "tangalle", "source": "ground_truth"}}, {"type": "Feature", "geometry": {"type": "LineString", "coordinates": [[80.865145, 6.055129], [80.866073, 6.055829]]}, "properties": {"id": 391, "u": 3248845212, "v": 3248845231, "safety": "unsafe", "district": "tangalle", "source": "ground_truth"}}, {"type": "Feature", "geometry": {"type": "LineString", "coordinates": [[80.865145, 6.055129], [80.865422, 6.053305]]}, "properties": {"id": 392, "u": 3248845212, "v": 3248845654, "safety": "unsafe", "district": "tangalle", "source": "ground_truth"}}, {"type": "Feature", "geometry": {"type": "LineString", "coordinates": [[80.86207, 6.054311], [80.863254, 6.054852], [80.865145, 6.055129]]}, "properties": {"id": 393, "u": 3248845212, "v": 12928006830, "safety": "unsafe", "district": "tangalle", "source": "ground_truth"}}, {"type": "Feature", "geometry": {"type": "LineString", "coordinates": [[80.866073, 6.055829], [80.866065, 6.055738], [80.866021, 6.055471], [80.866027, 6.055317], [80.866204, 6.054527], [80.866263, 6.054324], [80.866574, 6.053695], [80.866665, 6.053375], [80.866648, 6.053163], [80.866043, 6.052068], [80.865984, 6.051881]]}, "properties": {"id": 394, "u": 3248845218, "v": 3248845231, "safety": "unsafe", "district": "tangalle", "source": "ground_truth"}}, {"type": "Feature", "geometry": {"type": "LineString", "coordinates": [[80.866097, 6.056527], [80.866108, 6.055924], [80.866073, 6.055829]]}, "properties": {"id": 395, "u": 3248845231, "v": 11577965830, "safety": "unsafe", "district": "tangalle", "source": "ground_truth"}}, {"type": "Feature", "geometry": {"type": "LineString", "coordinates": [[80.865422, 6.053305], [80.861442, 6.052651]]}, "properties": {"id": 396, "u": 3248845654, "v": 9408213320, "safety": "unsafe", "district": "tangalle", "source": "ground_truth"}}, {"type": "Feature", "geometry": {"type": "LineString", "coordinates": [[80.862065, 6.045761], [80.862304, 6.045795], [80.862858, 6.045917], [80.863248, 6.046035], [80.863431, 6.046157], [80.863666, 6.046435], [80.864048, 6.04676], [80.864102, 6.046829], [80.864112, 6.047], [80.863978, 6.047379], [80.863902, 6.047592], [80.863886, 6.047763], [80.863962, 6.048125], [80.86405, 6.0484], [80.86429, 6.049101], [80.864413, 6.04963], [80.864574, 6.050659], [80.864574, 6.050985], [80.864628, 6.051038], [80.864649, 6.051145], [80.864649, 6.051433], [80.864622, 6.051545], [80.864654, 6.051625], [80.864816, 6.051715], [80.864974, 6.051899], [80.864997, 6.051929], [80.865093, 6.052409], [80.865083, 6.05258], [80.865111, 6.052665], [80.86533, 6.052932], [80.865422, 6.053305]]}, "properties": {"id": 397, "u": 3248845654, "v": 3248846384, "safety": "safe", "district": "tangalle", "source": "ground_truth"}}, {"type": "Feature", "geometry": {"type": "LineString", "coordinates": [[80.860895, 6.048667], [80.861049, 6.048527], [80.861202, 6.048512], [80.861271, 6.048478], [80.861309, 6.048395], [80.861581, 6.047652], [80.861675, 6.04758], [80.861809, 6.047543], [80.862073, 6.047522], [80.862129, 6.047495], [80.862151, 6.047453], [80.862011, 6.046572], [80.862065, 6.045761]]}, "properties": {"id": 398, "u": 3248846384, "v": 5041655899, "safety": "safe", "district": "tangalle", "source": "ground_truth"}}, {"type": "Feature", "geometry": {"type": "LineString", "coordinates": [[80.861949, 6.043639], [80.86199, 6.043782], [80.861978, 6.044095], [80.862035, 6.044185], [80.861984, 6.044689], [80.862101, 6.044741], [80.862058, 6.045336], [80.862065, 6.045761]]}, "properties": {"id": 399, "u": 3248846384, "v": 10797328082, "safety": "safe", "district": "tangalle", "source": "ground_truth"}}, {"type": "Feature", "geometry": {"type": "LineString", "coordinates": [[80.861491, 6.053252], [80.861442, 6.052651]]}, "properties": {"id": 400, "u": 3248847491, "v": 9408213320, "safety": "unsafe", "district": "tangalle", "source": "ground_truth"}}, {"type": "Feature", "geometry": {"type": "LineString", "coordinates": [[80.861491, 6.053252], [80.862274, 6.053369]]}, "properties": {"id": 401, "u": 3248847491, "v": 9408213321, "safety": "unsafe", "district": "tangalle", "source": "ground_truth"}}, {"type": "Feature", "geometry": {"type": "LineString", "coordinates": [[80.796352, 6.021639], [80.795779, 6.021518]]}, "properties": {"id": 402, "u": 3256396052, "v": 3960797031, "safety": "safe", "district": "tangalle", "source": "ground_truth"}}, {"type": "Feature", "geometry": {"type": "LineString", "coordinates": [[80.794905, 6.019848], [80.795065, 6.019899], [80.795288, 6.020064], [80.795571, 6.020581], [80.795634, 6.020652], [80.795757, 6.020755], [80.796071, 6.020893], [80.796255, 6.021034], [80.796383, 6.02134], [80.796389, 6.021502], [80.796352, 6.021639]]}, "properties": {"id": 403, "u": 3256396052, "v": 3279663549, "safety": "safe", "district": "tangalle", "source": "ground_truth"}}, {"type": "Feature", "geometry": {"type": "LineString", "coordinates": [[80.797475, 6.02198], [80.797108, 6.021861], [80.796591, 6.021697], [80.796505, 6.021676], [80.796352, 6.021639]]}, "properties": {"id": 404, "u": 3256396052, "v": 3256397109, "safety": "safe", "district": "tangalle", "source": "ground_truth"}}, {"type": "Feature", "geometry": {"type": "LineString", "coordinates": [[80.798773, 6.022415], [80.79844, 6.022343], [80.797561, 6.022019], [80.797475, 6.02198]]}, "properties": {"id": 405, "u": 3256397109, "v": 3256397158, "safety": "safe", "district": "tangalle", "source": "ground_truth"}}, {"type": "Feature", "geometry": {"type": "LineString", "coordinates": [[80.787599, 6.017976], [80.787604, 6.017298], [80.787739, 6.017218], [80.787768, 6.016838]]}, "properties": {"id": 406, "u": 3258111656, "v": 3635379765, "safety": "safe", "district": "tangalle", "source": "ground_truth"}}, {"type": "Feature", "geometry": {"type": "LineString", "coordinates": [[80.789543, 6.01839], [80.789398, 6.018108], [80.789168, 6.0175], [80.789064, 6.017404], [80.788958, 6.017327], [80.788712, 6.017225], [80.787768, 6.016838]]}, "properties": {"id": 407, "u": 3258111656, "v": 3279663544, "safety": "safe", "district": "tangalle", "source": "ground_truth"}}, {"type": "Feature", "geometry": {"type": "LineString", "coordinates": [[80.787103, 6.016465], [80.787399, 6.016636], [80.787645, 6.016763], [80.787768, 6.016838]]}, "properties": {"id": 408, "u": 3258111656, "v": 3279663554, "safety": "unsafe", "district": "tangalle", "source": "ground_truth"}}, {"type": "Feature", "geometry": {"type": "LineString", "coordinates": [[80.792756, 6.020391], [80.792579, 6.019659], [80.792515, 6.019268]]}, "properties": {"id": 409, "u": 3258778394, "v": 3634834012, "safety": "safe", "district": "tangalle", "source": "ground_truth"}}, {"type": "Feature", "geometry": {"type": "LineString", "coordinates": [[80.794233, 6.019704], [80.793433, 6.019534], [80.792719, 6.019344], [80.792654, 6.01932], [80.792515, 6.019268]]}, "properties": {"id": 410, "u": 3258778394, "v": 3279666519, "safety": "unsafe", "district": "tangalle", "source": "ground_truth"}}, {"type": "Feature", "geometry": {"type": "LineString", "coordinates": [[80.791376, 6.019269], [80.791588, 6.019212], [80.791803, 6.019171], [80.792078, 6.019171], [80.792515, 6.019268]]}, "properties": {"id": 411, "u": 3258778394, "v": 3279663546, "safety": "unsafe", "district": "tangalle", "source": "ground_truth"}}, {"type": "Feature", "geometry": {"type": "LineString", "coordinates": [[80.793942, 6.021527], [80.7935, 6.021728]]}, "properties": {"id": 412, "u": 3258778428, "v": 13589516322, "safety": "safe", "district": "tangalle", "source": "ground_truth"}}, {"type": "Feature", "geometry": {"type": "LineString", "coordinates": [[80.794762, 6.021691], [80.794238, 6.021541], [80.793942, 6.021527]]}, "properties": {"id": 413, "u": 3258778428, "v": 3258778436, "safety": "safe", "district": "tangalle", "source": "ground_truth"}}, {"type": "Feature", "geometry": {"type": "LineString", "coordinates": [[80.794291, 6.021062], [80.794059, 6.021102], [80.793929, 6.02116], [80.7939, 6.021244], [80.793942, 6.021527]]}, "properties": {"id": 414, "u": 3258778428, "v": 3960797007, "safety": "safe", "district": "tangalle", "source": "ground_truth"}}, {"type": "Feature", "geometry": {"type": "LineString", "coordinates": [[80.792831, 6.021602], [80.793092, 6.022443]]}, "properties": {"id": 415, "u": 3258778434, "v": 3258779163, "safety": "safe", "district": "tangalle", "source": "ground_truth"}}, {"type": "Feature", "geometry": {"type": "LineString", "coordinates": [[80.792756, 6.020391], [80.792859, 6.020805], [80.792868, 6.020942], [80.792851, 6.021119], [80.792827, 6.021364], [80.792831, 6.021602]]}, "properties": {"id": 416, "u": 3258778434, "v": 3634834012, "safety": "safe", "district": "tangalle", "source": "ground_truth"}}, {"type": "Feature", "geometry": {"type": "LineString", "coordinates": [[80.792271, 6.021019], [80.79232, 6.021173], [80.792477, 6.021408], [80.792477, 6.021604], [80.79253, 6.02162], [80.792831, 6.021602]]}, "properties": {"id": 417, "u": 3258778434, "v": 3960797004, "safety": "safe", "district": "tangalle", "source": "ground_truth"}}, {"type": "Feature", "geometry": {"type": "LineString", "coordinates": [[80.794762, 6.021691], [80.794907, 6.02175]]}, "properties": {"id": 418, "u": 3258778436, "v": 3258778437, "safety": "safe", "district": "tangalle", "source": "ground_truth"}}, {"type": "Feature", "geometry": {"type": "LineString", "coordinates": [[80.794826, 6.021292], [80.794826, 6.021348], [80.794762, 6.021691]]}, "properties": {"id": 419, "u": 3258778436, "v": 3960797020, "safety": "safe", "district": "tangalle", "source": "ground_truth"}}, {"type": "Feature", "geometry": {"type": "LineString", "coordinates": [[80.794907, 6.02175], [80.795193, 6.021861]]}, "properties": {"id": 420, "u": 3258778437, "v": 3258778440, "safety": "safe", "district": "tangalle", "source": "ground_truth"}}, {"type": "Feature", "geometry": {"type": "LineString", "coordinates": [[80.794907, 6.02175], [80.794789, 6.022017]]}, "properties": {"id": 421, "u": 3258778437, "v": 3960862287, "safety": "safe", "district": "tangalle", "source": "ground_truth"}}, {"type": "Feature", "geometry": {"type": "LineString", "coordinates": [[80.793364, 6.021777], [80.7935, 6.021728]]}, "properties": {"id": 422, "u": 3258778438, "v": 13589516322, "safety": "safe", "district": "tangalle", "source": "ground_truth"}}, {"type": "Feature", "geometry": {"type": "LineString", "coordinates": [[80.7935, 6.021728], [80.793323, 6.021259], [80.793268, 6.021635], [80.793364, 6.021777]]}, "properties": {"id": 423, "u": 3258778438, "v": 13589516322, "safety": "safe", "district": "tangalle", "source": "ground_truth"}}, {"type": "Feature", "geometry": {"type": "LineString", "coordinates": [[80.793364, 6.021777], [80.793384, 6.021929]]}, "properties": {"id": 424, "u": 3258778438, "v": 3960862286, "safety": "safe", "district": "tangalle", "source": "ground_truth"}}, {"type": "Feature", "geometry": {"type": "LineString", "coordinates": [[80.79597, 6.022163], [80.795868, 6.022109], [80.795726, 6.022057], [80.795193, 6.021861]]}, "properties": {"id": 425, "u": 3258778440, "v": 3258778443, "safety": "safe", "district": "tangalle", "source": "ground_truth"}}, {"type": "Feature", "geometry": {"type": "LineString", "coordinates": [[80.79535, 6.02141], [80.795232, 6.021771], [80.795193, 6.021861]]}, "properties": {"id": 426, "u": 3258778440, "v": 3960797026, "safety": "safe", "district": "tangalle", "source": "ground_truth"}}, {"type": "Feature", "geometry": {"type": "LineString", "coordinates": [[80.793092, 6.022443], [80.793952, 6.022337]]}, "properties": {"id": 427, "u": 3258779163, "v": 12048751732, "safety": "safe", "district": "tangalle", "source": "ground_truth"}}, {"type": "Feature", "geometry": {"type": "LineString", "coordinates": [[80.796406, 6.026335], [80.795947, 6.02625], [80.794698, 6.025883], [80.794548, 6.025891]]}, "properties": {"id": 428, "u": 3258779215, "v": 3258779226, "safety": "safe", "district": "tangalle", "source": "ground_truth"}}, {"type": "Feature", "geometry": {"type": "LineString", "coordinates": [[80.794273, 6.025618], [80.794311, 6.025655], [80.794469, 6.025807], [80.794548, 6.025891]]}, "properties": {"id": 429, "u": 3258779215, "v": 3592218007, "safety": "safe", "district": "tangalle", "source": "ground_truth"}}, {"type": "Feature", "geometry": {"type": "LineString", "coordinates": [[80.79703, 6.026072], [80.796552, 6.026275], [80.796518, 6.026289], [80.796406, 6.026335]]}, "properties": {"id": 430, "u": 3258779226, "v": 10748185177, "safety": "safe", "district": "tangalle", "source": "ground_truth"}}, {"type": "Feature", "geometry": {"type": "LineString", "coordinates": [[80.797873, 6.029006], [80.797938, 6.028633], [80.797939, 6.028391], [80.797851, 6.027625], [80.797833, 6.027495]]}, "properties": {"id": 431, "u": 3260572160, "v": 3960849397, "safety": "unsafe", "district": "tangalle", "source": "ground_truth"}}, {"type": "Feature", "geometry": {"type": "LineString", "coordinates": [[80.79703, 6.026072], [80.797051, 6.026629], [80.797059, 6.026812], [80.797059, 6.027082], [80.797018, 6.027131], [80.796982, 6.027145], [80.796892, 6.027182], [80.796763, 6.027218], [80.796463, 6.027301], [80.796356, 6.027418], [80.796233, 6.027483], [80.796057, 6.027535], [80.795762, 6.027576], [80.795471, 6.027576], [80.795051, 6.027557], [80.794864, 6.027537]]}, "properties": {"id": 432, "u": 3260572967, "v": 10748185177, "safety": "unsafe", "district": "tangalle", "source": "ground_truth"}}, {"type": "Feature", "geometry": {"type": "LineString", "coordinates": [[80.793868, 6.027736], [80.793974, 6.027725], [80.794103, 6.02771], [80.79438, 6.027654], [80.7946, 6.027609], [80.794864, 6.027537]]}, "properties": {"id": 433, "u": 3260572967, "v": 3592217998, "safety": "unsafe", "district": "tangalle", "source": "ground_truth"}}, {"type": "Feature", "geometry": {"type": "LineString", "coordinates": [[80.779099, 6.037355], [80.778745, 6.037461]]}, "properties": {"id": 434, "u": 3261661183, "v": 9236982473, "safety": "safe", "district": "tangalle", "source": "ground_truth"}}, {"type": "Feature", "geometry": {"type": "LineString", "coordinates": [[80.781267, 6.036676], [80.779223, 6.037322], [80.779099, 6.037355]]}, "properties": {"id": 435, "u": 3261661183, "v": 3634836223, "safety": "safe", "district": "tangalle", "source": "ground_truth"}}, {"type": "Feature", "geometry": {"type": "LineString", "coordinates": [[80.778522, 6.038468], [80.778661, 6.038206], [80.779099, 6.037355]]}, "properties": {"id": 436, "u": 3261661183, "v": 3771394617, "safety": "safe", "district": "tangalle", "source": "ground_truth"}}, {"type": "Feature", "geometry": {"type": "LineString", "coordinates": [[80.77676, 6.041928], [80.776321, 6.042814]]}, "properties": {"id": 437, "u": 3261661188, "v": 3261661189, "safety": "safe", "district": "tangalle", "source": "ground_truth"}}, {"type": "Feature", "geometry": {"type": "LineString", "coordinates": [[80.77676, 6.041928], [80.777282, 6.040823]]}, "properties": {"id": 438, "u": 3261661188, "v": 11524052434, "safety": "safe", "district": "tangalle", "source": "ground_truth"}}, {"type": "Feature", "geometry": {"type": "LineString", "coordinates": [[80.778265, 6.042096], [80.77738, 6.042029], [80.77676, 6.041928]]}, "properties": {"id": 439, "u": 3261661188, "v": 3771394664, "safety": "safe", "district": "tangalle", "source": "ground_truth"}}, {"type": "Feature", "geometry": {"type": "LineString", "coordinates": [[80.776321, 6.042814], [80.776198, 6.043026]]}, "properties": {"id": 440, "u": 3261661189, "v": 3771394678, "safety": "safe", "district": "tangalle", "source": "ground_truth"}}, {"type": "Feature", "geometry": {"type": "LineString", "coordinates": [[80.782201, 6.043403], [80.781832, 6.043537], [80.781358, 6.043667], [80.780895, 6.043745], [80.780614, 6.043824], [80.779418, 6.043889], [80.778867, 6.043844], [80.778578, 6.043794], [80.778104, 6.04384], [80.777743, 6.043907], [80.777426, 6.043895], [80.777224, 6.043808], [80.777121, 6.043517], [80.776888, 6.043459], [80.776668, 6.043368], [80.776644, 6.043138], [80.776544, 6.042912], [80.776321, 6.042814]]}, "properties": {"id": 441, "u": 3261661189, "v": 3634843082, "safety": "safe", "district": "tangalle", "source": "ground_truth"}}, {"type": "Feature", "geometry": {"type": "LineString", "coordinates": [[80.773907, 6.047613], [80.773981, 6.047416], [80.774697, 6.045949], [80.775227, 6.044949]]}, "properties": {"id": 442, "u": 3261661192, "v": 3261661196, "safety": "safe", "district": "tangalle", "source": "ground_truth"}}, {"type": "Feature", "geometry": {"type": "LineString", "coordinates": [[80.776058, 6.043291], [80.77562, 6.044118], [80.775227, 6.044949]]}, "properties": {"id": 443, "u": 3261661192, "v": 11524311239, "safety": "safe", "district": "tangalle", "source": "ground_truth"}}, {"type": "Feature", "geometry": {"type": "LineString", "coordinates": [[80.773668, 6.044592], [80.773971, 6.044691], [80.774766, 6.044785], [80.77506, 6.04488], [80.775227, 6.044949]]}, "properties": {"id": 444, "u": 3261661192, "v": 3771369316, "safety": "safe", "district": "tangalle", "source": "ground_truth"}}, {"type": "Feature", "geometry": {"type": "LineString", "coordinates": [[80.787967, 6.018703], [80.789335, 6.018481], [80.789543, 6.01839]]}, "properties": {"id": 445, "u": 3279663544, "v": 13592769561, "safety": "safe", "district": "tangalle", "source": "ground_truth"}}, {"type": "Feature", "geometry": {"type": "LineString", "coordinates": [[80.791376, 6.019269], [80.791086, 6.019333], [80.791043, 6.01934], [80.790918, 6.019342], [80.790791, 6.019299], [80.790445, 6.019106], [80.790065, 6.018847], [80.789677, 6.018532], [80.789543, 6.01839]]}, "properties": {"id": 446, "u": 3279663544, "v": 3279663546, "safety": "unsafe", "district": "tangalle", "source": "ground_truth"}}, {"type": "Feature", "geometry": {"type": "LineString", "coordinates": [[80.79151, 6.020672], [80.791521, 6.020258], [80.79141, 6.019498], [80.791376, 6.019269]]}, "properties": {"id": 447, "u": 3279663546, "v": 3960797002, "safety": "safe", "district": "tangalle", "source": "ground_truth"}}, {"type": "Feature", "geometry": {"type": "LineString", "coordinates": [[80.794233, 6.019704], [80.794626, 6.019775], [80.794905, 6.019848]]}, "properties": {"id": 448, "u": 3279663549, "v": 3279666519, "safety": "unsafe", "district": "tangalle", "source": "ground_truth"}}, {"type": "Feature", "geometry": {"type": "LineString", "coordinates": [[80.794475, 6.02075], [80.794503, 6.020666], [80.79472, 6.020284], [80.794905, 6.019848]]}, "properties": {"id": 449, "u": 3279663549, "v": 3960800792, "safety": "safe", "district": "tangalle", "source": "ground_truth"}}, {"type": "Feature", "geometry": {"type": "LineString", "coordinates": [[80.784061, 6.01446], [80.784809, 6.01464], [80.785048, 6.014738], [80.785304, 6.014842], [80.785556, 6.014973], [80.78571, 6.01506], [80.785785, 6.015113], [80.785995, 6.01526], [80.786188, 6.015445], [80.786302, 6.015575], [80.786635, 6.016056], [80.78678, 6.016215], [80.786857, 6.016269], [80.787103, 6.016465]]}, "properties": {"id": 450, "u": 3279663554, "v": 3279666481, "safety": "safe", "district": "tangalle", "source": "ground_truth"}}, {"type": "Feature", "geometry": {"type": "LineString", "coordinates": [[80.783583, 6.017411], [80.783937, 6.017384], [80.784163, 6.01732], [80.785157, 6.017153], [80.786298, 6.016864], [80.786643, 6.016746], [80.787025, 6.016571], [80.787103, 6.016465]]}, "properties": {"id": 451, "u": 3279663554, "v": 3635379762, "safety": "safe", "district": "tangalle", "source": "ground_truth"}}, {"type": "Feature", "geometry": {"type": "LineString", "coordinates": [[80.781539, 6.01378], [80.781777, 6.013856], [80.783704, 6.014383], [80.784061, 6.01446]]}, "properties": {"id": 452, "u": 3279666481, "v": 3279666530, "safety": "safe", "district": "tangalle", "source": "ground_truth"}}, {"type": "Feature", "geometry": {"type": "LineString", "coordinates": [[80.783583, 6.017411], [80.783491, 6.017179], [80.783538, 6.017048], [80.783774, 6.016776], [80.783979, 6.016259], [80.783993, 6.016196], [80.784075, 6.015813], [80.784139, 6.015583], [80.78426, 6.015149], [80.784135, 6.014741], [80.784061, 6.01446]]}, "properties": {"id": 453, "u": 3279666481, "v": 3635379762, "safety": "safe", "district": "tangalle", "source": "ground_truth"}}, {"type": "Feature", "geometry": {"type": "LineString", "coordinates": [[80.773675, 6.011482], [80.773782, 6.011576], [80.774089, 6.011749], [80.774373, 6.011816]]}, "properties": {"id": 454, "u": 3279666484, "v": 3279666495, "safety": "safe", "district": "tangalle", "source": "ground_truth"}}, {"type": "Feature", "geometry": {"type": "LineString", "coordinates": [[80.77444, 6.013046], [80.774332, 6.012018], [80.774373, 6.011816]]}, "properties": {"id": 455, "u": 3279666484, "v": 3960783020, "safety": "safe", "district": "tangalle", "source": "ground_truth"}}, {"type": "Feature", "geometry": {"type": "LineString", "coordinates": [[80.775328, 6.011973], [80.776321, 6.012132], [80.776998, 6.01232], [80.777432, 6.0124]]}, "properties": {"id": 456, "u": 3279666516, "v": 3279666521, "safety": "safe", "district": "tangalle", "source": "ground_truth"}}, {"type": "Feature", "geometry": {"type": "LineString", "coordinates": [[80.777445, 6.013433], [80.777393, 6.013308], [80.777349, 6.013112], [80.777324, 6.01283], [80.777378, 6.012557], [80.777432, 6.0124]]}, "properties": {"id": 457, "u": 3279666516, "v": 3960783023, "safety": "safe", "district": "tangalle", "source": "ground_truth"}}, {"type": "Feature", "geometry": {"type": "LineString", "coordinates": [[80.793753, 6.020182], [80.794139, 6.020195], [80.794192, 6.020167], [80.794189, 6.020103], [80.794233, 6.019704]]}, "properties": {"id": 458, "u": 3279666519, "v": 3960800783, "safety": "safe", "district": "tangalle", "source": "ground_truth"}}, {"type": "Feature", "geometry": {"type": "LineString", "coordinates": [[80.774825, 6.013786], [80.774876, 6.013257], [80.775085, 6.012768], [80.775203, 6.012563], [80.775317, 6.012254], [80.775328, 6.011973]]}, "properties": {"id": 459, "u": 3279666521, "v": 3959821732, "safety": "safe", "district": "tangalle", "source": "ground_truth"}}, {"type": "Feature", "geometry": {"type": "LineString", "coordinates": [[80.781539, 6.01378], [80.781046, 6.013612], [80.780335, 6.013377], [80.78014, 6.013314]]}, "properties": {"id": 460, "u": 3279666528, "v": 3279666530, "safety": "safe", "district": "tangalle", "source": "ground_truth"}}, {"type": "Feature", "geometry": {"type": "LineString", "coordinates": [[80.779938, 6.014022], [80.780026, 6.013731], [80.78014, 6.013314]]}, "properties": {"id": 461, "u": 3279666528, "v": 3960783045, "safety": "safe", "district": "tangalle", "source": "ground_truth"}}, {"type": "Feature", "geometry": {"type": "LineString", "coordinates": [[80.781379, 6.014602], [80.781418, 6.014302], [80.781488, 6.014035], [80.781539, 6.01378]]}, "properties": {"id": 462, "u": 3279666530, "v": 3960783665, "safety": "safe", "district": "tangalle", "source": "ground_truth"}}, {"type": "Feature", "geometry": {"type": "LineString", "coordinates": [[80.794838, 6.024029], [80.795408, 6.024746]]}, "properties": {"id": 463, "u": 3279674166, "v": 3635370864, "safety": "safe", "district": "tangalle", "source": "ground_truth"}}, {"type": "Feature", "geometry": {"type": "LineString", "coordinates": [[80.794628, 6.028705], [80.794745, 6.028627]]}, "properties": {"id": 464, "u": 3279674224, "v": 6545241017, "safety": "unsafe", "district": "tangalle", "source": "ground_truth"}}, {"type": "Feature", "geometry": {"type": "LineString", "coordinates": [[80.79428, 6.029135], [80.794367, 6.029027], [80.794628, 6.028705]]}, "properties": {"id": 465, "u": 3279674224, "v": 3279674239, "safety": "unsafe", "district": "tangalle", "source": "ground_truth"}}, {"type": "Feature", "geometry": {"type": "LineString", "coordinates": [[80.794628, 6.028705], [80.79468, 6.028532]]}, "properties": {"id": 466, "u": 3279674224, "v": 3960797188, "safety": "unsafe", "district": "tangalle", "source": "ground_truth"}}, {"type": "Feature", "geometry": {"type": "LineString", "coordinates": [[80.793162, 6.029968], [80.793424, 6.029831], [80.793811, 6.029628], [80.793961, 6.029508], [80.79428, 6.029135]]}, "properties": {"id": 467, "u": 3279674239, "v": 3634838733, "safety": "unsafe", "district": "tangalle", "source": "ground_truth"}}, {"type": "Feature", "geometry": {"type": "LineString", "coordinates": [[80.793347, 6.028509], [80.793421, 6.028513], [80.793453, 6.028522], [80.793492, 6.02855], [80.793569, 6.02874], [80.793613, 6.028821], [80.793688, 6.02889], [80.793951, 6.028982], [80.794081, 6.029049], [80.79428, 6.029135]]}, "properties": {"id": 468, "u": 3279674239, "v": 3634838705, "safety": "unsafe", "district": "tangalle", "source": "ground_truth"}}, {"type": "Feature", "geometry": {"type": "LineString", "coordinates": [[80.809865, 6.047344], [80.809748, 6.0472], [80.809012, 6.045899], [80.8084, 6.044704], [80.808227, 6.044442], [80.808153, 6.044364], [80.808063, 6.04428], [80.807862, 6.044153]]}, "properties": {"id": 469, "u": 3279686789, "v": 3680934059, "safety": "unsafe", "district": "tangalle", "source": "ground_truth"}}, {"type": "Feature", "geometry": {"type": "LineString", "coordinates": [[80.809331, 6.043993], [80.809056, 6.044014], [80.808578, 6.043825], [80.808127, 6.043791], [80.807862, 6.044153]]}, "properties": {"id": 470, "u": 3279686789, "v": 3517721205, "safety": "unsafe", "district": "tangalle", "source": "ground_truth"}}, {"type": "Feature", "geometry": {"type": "LineString", "coordinates": [[80.800274, 6.034122], [80.800382, 6.033631], [80.800474, 6.033444], [80.800549, 6.033316], [80.800699, 6.033062]]}, "properties": {"id": 471, "u": 3279686802, "v": 3998516634, "safety": "unsafe", "district": "tangalle", "source": "ground_truth"}}, {"type": "Feature", "geometry": {"type": "LineString", "coordinates": [[80.799182, 6.037379], [80.798945, 6.037678], [80.798888, 6.037818]]}, "properties": {"id": 472, "u": 3279688918, "v": 3977287933, "safety": "unsafe", "district": "tangalle", "source": "ground_truth"}}, {"type": "Feature", "geometry": {"type": "LineString", "coordinates": [[80.799242, 6.038647], [80.799216, 6.038597], [80.798967, 6.038005], [80.798888, 6.037818]]}, "properties": {"id": 473, "u": 3279688918, "v": 13572979536, "safety": "unsafe", "district": "tangalle", "source": "ground_truth"}}, {"type": "Feature", "geometry": {"type": "LineString", "coordinates": [[80.797219, 6.034209], [80.797851, 6.035483]]}, "properties": {"id": 474, "u": 3279688923, "v": 3669997738, "safety": "unsafe", "district": "tangalle", "source": "ground_truth"}}, {"type": "Feature", "geometry": {"type": "LineString", "coordinates": [[80.814478, 6.04077], [80.814394, 6.040733], [80.814126, 6.040615], [80.813734, 6.04053], [80.813289, 6.040424], [80.812649, 6.040105], [80.811856, 6.039798], [80.810972, 6.039738], [80.810371, 6.039503], [80.810327, 6.039507], [80.810293, 6.039533]]}, "properties": {"id": 475, "u": 3517719478, "v": 13584756632, "safety": "unsafe", "district": "tangalle", "source": "ground_truth"}}, {"type": "Feature", "geometry": {"type": "LineString", "coordinates": [[80.809331, 6.043993], [80.809463, 6.043672], [80.809535, 6.043354], [80.809546, 6.043143], [80.809538, 6.042881], [80.809552, 6.042632], [80.80973, 6.042103], [80.80985, 6.041616], [80.810081, 6.040899], [80.810117, 6.040671], [80.81025, 6.040017], [80.810293, 6.039533]]}, "properties": {"id": 476, "u": 3517719478, "v": 3517721205, "safety": "unsafe", "district": "tangalle", "source": "ground_truth"}}, {"type": "Feature", "geometry": {"type": "LineString", "coordinates": [[80.810385, 6.044378], [80.810433, 6.044193], [80.809851, 6.044027], [80.809331, 6.043993]]}, "properties": {"id": 477, "u": 3517721205, "v": 12666324980, "safety": "unsafe", "district": "tangalle", "source": "ground_truth"}}, {"type": "Feature", "geometry": {"type": "LineString", "coordinates": [[80.791869, 6.026034], [80.79207, 6.025941]]}, "properties": {"id": 478, "u": 3592213978, "v": 3592218009, "safety": "safe", "district": "tangalle", "source": "ground_truth"}}, {"type": "Feature", "geometry": {"type": "LineString", "coordinates": [[80.791869, 6.026034], [80.791441, 6.02606]]}, "properties": {"id": 479, "u": 3592213978, "v": 3634834961, "safety": "safe", "district": "tangalle", "source": "ground_truth"}}, {"type": "Feature", "geometry": {"type": "LineString", "coordinates": [[80.791083, 6.027146], [80.7916, 6.026319], [80.791729, 6.026147], [80.791869, 6.026034]]}, "properties": {"id": 480, "u": 3592213978, "v": 3977261899, "safety": "safe", "district": "tangalle", "source": "ground_truth"}}, {"type": "Feature", "geometry": {"type": "LineString", "coordinates": [[80.78856, 6.030921], [80.788557, 6.030558], [80.788591, 6.030126], [80.7887, 6.029655], [80.788935, 6.02922]]}, "properties": {"id": 481, "u": 3592213982, "v": 3635380021, "safety": "safe", "district": "tangalle", "source": "ground_truth"}}, {"type": "Feature", "geometry": {"type": "LineString", "coordinates": [[80.789466, 6.028317], [80.78922, 6.028772], [80.788935, 6.02922]]}, "properties": {"id": 482, "u": 3592213982, "v": 3592217994, "safety": "safe", "district": "tangalle", "source": "ground_truth"}}, {"type": "Feature", "geometry": {"type": "LineString", "coordinates": [[80.790799, 6.029259], [80.790295, 6.029278], [80.789739, 6.029241], [80.78926, 6.029241], [80.788935, 6.02922]]}, "properties": {"id": 483, "u": 3592213982, "v": 3635380005, "safety": "safe", "district": "tangalle", "source": "ground_truth"}}, {"type": "Feature", "geometry": {"type": "LineString", "coordinates": [[80.790327, 6.027594], [80.79066, 6.028252]]}, "properties": {"id": 484, "u": 3592213983, "v": 3634838704, "safety": "safe", "district": "tangalle", "source": "ground_truth"}}, {"type": "Feature", "geometry": {"type": "LineString", "coordinates": [[80.789466, 6.028317], [80.789815, 6.027867], [80.790327, 6.027594]]}, "properties": {"id": 485, "u": 3592213983, "v": 3592217994, "safety": "safe", "district": "tangalle", "source": "ground_truth"}}, {"type": "Feature", "geometry": {"type": "LineString", "coordinates": [[80.791083, 6.027146], [80.79084, 6.027369], [80.790327, 6.027594]]}, "properties": {"id": 486, "u": 3592213983, "v": 3977261899, "safety": "safe", "district": "tangalle", "source": "ground_truth"}}, {"type": "Feature", "geometry": {"type": "LineString", "coordinates": [[80.788574, 6.032031], [80.78726, 6.032615]]}, "properties": {"id": 487, "u": 3592213984, "v": 3634838763, "safety": "safe", "district": "tangalle", "source": "ground_truth"}}, {"type": "Feature", "geometry": {"type": "LineString", "coordinates": [[80.788574, 6.032031], [80.788566, 6.031346]]}, "properties": {"id": 488, "u": 3592213984, "v": 3634838739, "safety": "safe", "district": "tangalle", "source": "ground_truth"}}, {"type": "Feature", "geometry": {"type": "LineString", "coordinates": [[80.78981, 6.031552], [80.789781, 6.031563], [80.788574, 6.032031]]}, "properties": {"id": 489, "u": 3592213984, "v": 3771394582, "safety": "safe", "district": "tangalle", "source": "ground_truth"}}, {"type": "Feature", "geometry": {"type": "LineString", "coordinates": [[80.792447, 6.025859], [80.79207, 6.025941]]}, "properties": {"id": 490, "u": 3592213990, "v": 3592218009, "safety": "safe", "district": "tangalle", "source": "ground_truth"}}, {"type": "Feature", "geometry": {"type": "LineString", "coordinates": [[80.794273, 6.025618], [80.794105, 6.025722], [80.793738, 6.025807], [80.793341, 6.025904], [80.793125, 6.025923], [80.792447, 6.025859]]}, "properties": {"id": 491, "u": 3592213990, "v": 3592218007, "safety": "safe", "district": "tangalle", "source": "ground_truth"}}, {"type": "Feature", "geometry": {"type": "LineString", "coordinates": [[80.79248, 6.026748], [80.792373, 6.026353], [80.792384, 6.026088], [80.792447, 6.025859]]}, "properties": {"id": 492, "u": 3592213990, "v": 3592218008, "safety": "safe", "district": "tangalle", "source": "ground_truth"}}, {"type": "Feature", "geometry": {"type": "LineString", "coordinates": [[80.789466, 6.028317], [80.789063, 6.028282]]}, "properties": {"id": 493, "u": 3592217994, "v": 3977261908, "safety": "safe", "district": "tangalle", "source": "ground_truth"}}, {"type": "Feature", "geometry": {"type": "LineString", "coordinates": [[80.793868, 6.027736], [80.793325, 6.02782]]}, "properties": {"id": 494, "u": 3592217998, "v": 3592218010, "safety": "unsafe", "district": "tangalle", "source": "ground_truth"}}, {"type": "Feature", "geometry": {"type": "LineString", "coordinates": [[80.793868, 6.027736], [80.793862, 6.027131]]}, "properties": {"id": 495, "u": 3592217998, "v": 3960797163, "safety": "safe", "district": "tangalle", "source": "ground_truth"}}, {"type": "Feature", "geometry": {"type": "LineString", "coordinates": [[80.79249, 6.026866], [80.79248, 6.026748]]}, "properties": {"id": 496, "u": 3592218005, "v": 3592218008, "safety": "safe", "district": "tangalle", "source": "ground_truth"}}, {"type": "Feature", "geometry": {"type": "LineString", "coordinates": [[80.793325, 6.02782], [80.792715, 6.027793], [80.792635, 6.027737], [80.792536, 6.027232], [80.79249, 6.026866]]}, "properties": {"id": 497, "u": 3592218005, "v": 3592218010, "safety": "safe", "district": "tangalle", "source": "ground_truth"}}, {"type": "Feature", "geometry": {"type": "LineString", "coordinates": [[80.791796, 6.027284], [80.791801, 6.027202], [80.791833, 6.027173], [80.79194, 6.027156], [80.792085, 6.027089], [80.79249, 6.026866]]}, "properties": {"id": 498, "u": 3592218005, "v": 3977261906, "safety": "safe", "district": "tangalle", "source": "ground_truth"}}, {"type": "Feature", "geometry": {"type": "LineString", "coordinates": [[80.791984, 6.026845], [80.792058, 6.026749], [80.792112, 6.02674], [80.79248, 6.026748]]}, "properties": {"id": 499, "u": 3592218008, "v": 3977261893, "safety": "safe", "district": "tangalle", "source": "ground_truth"}}, {"type": "Feature", "geometry": {"type": "LineString", "coordinates": [[80.79207, 6.025941], [80.79208, 6.02534]]}, "properties": {"id": 500, "u": 3592218009, "v": 3960800810, "safety": "safe", "district": "tangalle", "source": "ground_truth"}}, {"type": "Feature", "geometry": {"type": "LineString", "coordinates": [[80.793325, 6.02782], [80.793292, 6.028034]]}, "properties": {"id": 501, "u": 3592218010, "v": 3634838700, "safety": "safe", "district": "tangalle", "source": "ground_truth"}}, {"type": "Feature", "geometry": {"type": "LineString", "coordinates": [[80.796916, 6.032515], [80.797191, 6.032396], [80.797724, 6.032332], [80.797817, 6.032287], [80.797993, 6.032124], [80.79808, 6.031994], [80.798245, 6.031876], [80.798513, 6.031761], [80.79875, 6.031726]]}, "properties": {"id": 502, "u": 3592218450, "v": 3669997746, "safety": "unsafe", "district": "tangalle", "source": "ground_truth"}}, {"type": "Feature", "geometry": {"type": "LineString", "coordinates": [[80.796477, 6.032792], [80.796447, 6.03275]]}, "properties": {"id": 503, "u": 3592218454, "v": 3960868163, "safety": "unsafe", "district": "tangalle", "source": "ground_truth"}}, {"type": "Feature", "geometry": {"type": "LineString", "coordinates": [[80.796916, 6.032515], [80.796753, 6.032596], [80.796477, 6.032792]]}, "properties": {"id": 504, "u": 3592218454, "v": 3669997746, "safety": "unsafe", "district": "tangalle", "source": "ground_truth"}}, {"type": "Feature", "geometry": {"type": "LineString", "coordinates": [[80.786777, 6.023198], [80.786877, 6.023668]]}, "properties": {"id": 505, "u": 3634833641, "v": 3977260889, "safety": "safe", "district": "tangalle", "source": "ground_truth"}}, {"type": "Feature", "geometry": {"type": "LineString", "coordinates": [[80.786203, 6.023886], [80.786283, 6.023868], [80.786725, 6.023382], [80.786777, 6.023198]]}, "properties": {"id": 506, "u": 3634833641, "v": 3977260890, "safety": "safe", "district": "tangalle", "source": "ground_truth"}}, {"type": "Feature", "geometry": {"type": "LineString", "coordinates": [[80.786484, 6.021866], [80.786403, 6.022444], [80.786417, 6.02268], [80.786484, 6.022856], [80.786777, 6.023198]]}, "properties": {"id": 507, "u": 3634833641, "v": 3634834043, "safety": "safe", "district": "tangalle", "source": "ground_truth"}}, {"type": "Feature", "geometry": {"type": "LineString", "coordinates": [[80.787142, 6.022988], [80.78693, 6.022999], [80.786918, 6.02315], [80.78687, 6.023212], [80.786777, 6.023198]]}, "properties": {"id": 508, "u": 3634833641, "v": 3634834059, "safety": "safe", "district": "tangalle", "source": "ground_truth"}}, {"type": "Feature", "geometry": {"type": "LineString", "coordinates": [[80.785455, 6.021761], [80.785347, 6.02181], [80.785088, 6.021907], [80.785041, 6.021966], [80.78499, 6.022397], [80.784841, 6.023199], [80.784731, 6.023449], [80.784435, 6.023762]]}, "properties": {"id": 509, "u": 3634833647, "v": 3960869406, "safety": "safe", "district": "tangalle", "source": "ground_truth"}}, {"type": "Feature", "geometry": {"type": "LineString", "coordinates": [[80.789223, 6.02393], [80.789184, 6.024569]]}, "properties": {"id": 510, "u": 3634833652, "v": 3634833669, "safety": "safe", "district": "tangalle", "source": "ground_truth"}}, {"type": "Feature", "geometry": {"type": "LineString", "coordinates": [[80.789223, 6.02393], [80.789243, 6.023184]]}, "properties": {"id": 511, "u": 3634833652, "v": 3634834063, "safety": "safe", "district": "tangalle", "source": "ground_truth"}}, {"type": "Feature", "geometry": {"type": "LineString", "coordinates": [[80.788614, 6.023927], [80.788624, 6.023925], [80.788901, 6.023923], [80.789223, 6.02393]]}, "properties": {"id": 512, "u": 3634833652, "v": 3977260891, "safety": "safe", "district": "tangalle", "source": "ground_truth"}}, {"type": "Feature", "geometry": {"type": "LineString", "coordinates": [[80.790935, 6.023727], [80.789911, 6.023728], [80.789891, 6.023735], [80.789882, 6.02375], [80.789777, 6.023883], [80.789763, 6.023893], [80.789749, 6.023896], [80.789394, 6.023919], [80.789223, 6.02393]]}, "properties": {"id": 513, "u": 3634833652, "v": 3960800879, "safety": "safe", "district": "tangalle", "source": "ground_truth"}}, {"type": "Feature", "geometry": {"type": "LineString", "coordinates": [[80.787656, 6.023956], [80.787551, 6.024971]]}, "properties": {"id": 514, "u": 3634833653, "v": 3634833677, "safety": "safe", "district": "tangalle", "source": "ground_truth"}}, {"type": "Feature", "geometry": {"type": "LineString", "coordinates": [[80.787656, 6.023956], [80.787683, 6.022997]]}, "properties": {"id": 515, "u": 3634833653, "v": 3634834060, "safety": "safe", "district": "tangalle", "source": "ground_truth"}}, {"type": "Feature", "geometry": {"type": "LineString", "coordinates": [[80.787656, 6.023956], [80.788184, 6.024004]]}, "properties": {"id": 516, "u": 3634833653, "v": 3634833656, "safety": "safe", "district": "tangalle", "source": "ground_truth"}}, {"type": "Feature", "geometry": {"type": "LineString", "coordinates": [[80.78571, 6.023997], [80.786203, 6.023886]]}, "properties": {"id": 517, "u": 3634833655, "v": 3977260890, "safety": "safe", "district": "tangalle", "source": "ground_truth"}}, {"type": "Feature", "geometry": {"type": "LineString", "coordinates": [[80.788184, 6.024004], [80.788501, 6.024024]]}, "properties": {"id": 518, "u": 3634833656, "v": 3634833657, "safety": "safe", "district": "tangalle", "source": "ground_truth"}}, {"type": "Feature", "geometry": {"type": "LineString", "coordinates": [[80.78801, 6.024545], [80.78802, 6.024379], [80.788152, 6.024348], [80.788184, 6.024004]]}, "properties": {"id": 519, "u": 3634833656, "v": 3634833667, "safety": "safe", "district": "tangalle", "source": "ground_truth"}}, {"type": "Feature", "geometry": {"type": "LineString", "coordinates": [[80.788476, 6.024469], [80.78848, 6.024348], [80.788501, 6.024024]]}, "properties": {"id": 520, "u": 3634833657, "v": 3634833665, "safety": "safe", "district": "tangalle", "source": "ground_truth"}}, {"type": "Feature", "geometry": {"type": "LineString", "coordinates": [[80.788614, 6.023927], [80.788608, 6.023933], [80.788581, 6.024012], [80.788571, 6.024024], [80.788555, 6.024027], [80.788501, 6.024024]]}, "properties": {"id": 521, "u": 3634833657, "v": 3977260891, "safety": "safe", "district": "tangalle", "source": "ground_truth"}}, {"type": "Feature", "geometry": {"type": "LineString", "coordinates": [[80.78568, 6.024698], [80.785495, 6.024593], [80.784745, 6.02448]]}, "properties": {"id": 522, "u": 3634833666, "v": 3634833672, "safety": "safe", "district": "tangalle", "source": "ground_truth"}}, {"type": "Feature", "geometry": {"type": "LineString", "coordinates": [[80.785455, 6.021761], [80.785367, 6.022408], [80.7852, 6.023281], [80.784792, 6.023975], [80.784745, 6.02448]]}, "properties": {"id": 523, "u": 3634833666, "v": 3960869406, "safety": "safe", "district": "tangalle", "source": "ground_truth"}}, {"type": "Feature", "geometry": {"type": "LineString", "coordinates": [[80.786151, 6.025605], [80.78591, 6.025578], [80.785837, 6.025546], [80.78469, 6.025063], [80.784745, 6.02448]]}, "properties": {"id": 524, "u": 3634833666, "v": 3960797054, "safety": "safe", "district": "tangalle", "source": "ground_truth"}}, {"type": "Feature", "geometry": {"type": "LineString", "coordinates": [[80.787551, 6.024971], [80.787811, 6.025046], [80.788263, 6.024946], [80.789184, 6.024569]]}, "properties": {"id": 525, "u": 3634833669, "v": 3634833677, "safety": "safe", "district": "tangalle", "source": "ground_truth"}}, {"type": "Feature", "geometry": {"type": "LineString", "coordinates": [[80.786881, 6.024974], [80.787551, 6.024971]]}, "properties": {"id": 526, "u": 3634833676, "v": 3634833677, "safety": "safe", "district": "tangalle", "source": "ground_truth"}}, {"type": "Feature", "geometry": {"type": "LineString", "coordinates": [[80.786881, 6.024974], [80.786759, 6.025621]]}, "properties": {"id": 527, "u": 3634833676, "v": 3634833688, "safety": "safe", "district": "tangalle", "source": "ground_truth"}}, {"type": "Feature", "geometry": {"type": "LineString", "coordinates": [[80.786877, 6.023668], [80.786902, 6.024419], [80.786881, 6.024974]]}, "properties": {"id": 528, "u": 3634833676, "v": 3977260889, "safety": "safe", "district": "tangalle", "source": "ground_truth"}}, {"type": "Feature", "geometry": {"type": "LineString", "coordinates": [[80.786759, 6.025621], [80.786151, 6.025605]]}, "properties": {"id": 529, "u": 3634833688, "v": 3960797054, "safety": "safe", "district": "tangalle", "source": "ground_truth"}}, {"type": "Feature", "geometry": {"type": "LineString", "coordinates": [[80.786759, 6.025621], [80.787455, 6.025703]]}, "properties": {"id": 530, "u": 3634833688, "v": 3635379993, "safety": "safe", "district": "tangalle", "source": "ground_truth"}}, {"type": "Feature", "geometry": {"type": "LineString", "coordinates": [[80.786759, 6.025621], [80.786657, 6.026694]]}, "properties": {"id": 531, "u": 3634833688, "v": 3977260896, "safety": "safe", "district": "tangalle", "source": "ground_truth"}}, {"type": "Feature", "geometry": {"type": "LineString", "coordinates": [[80.79151, 6.020672], [80.791636, 6.020667], [80.792046, 6.020543], [80.792756, 6.020391]]}, "properties": {"id": 532, "u": 3634834012, "v": 3960797002, "safety": "safe", "district": "tangalle", "source": "ground_truth"}}, {"type": "Feature", "geometry": {"type": "LineString", "coordinates": [[80.790447, 6.020667], [80.791129, 6.020685]]}, "properties": {"id": 533, "u": 3634834017, "v": 3635370862, "safety": "safe", "district": "tangalle", "source": "ground_truth"}}, {"type": "Feature", "geometry": {"type": "LineString", "coordinates": [[80.788669, 6.021204], [80.78864, 6.020664]]}, "properties": {"id": 534, "u": 3634834020, "v": 3960786011, "safety": "safe", "district": "tangalle", "source": "ground_truth"}}, {"type": "Feature", "geometry": {"type": "LineString", "coordinates": [[80.787739, 6.021248], [80.78807, 6.02126], [80.788669, 6.021204]]}, "properties": {"id": 535, "u": 3634834020, "v": 3634834021, "safety": "safe", "district": "tangalle", "source": "ground_truth"}}, {"type": "Feature", "geometry": {"type": "LineString", "coordinates": [[80.787464, 6.021782], [80.787251, 6.021801]]}, "properties": {"id": 536, "u": 3634834042, "v": 3977260746, "safety": "safe", "district": "tangalle", "source": "ground_truth"}}, {"type": "Feature", "geometry": {"type": "LineString", "coordinates": [[80.787774, 6.022166], [80.787464, 6.022126], [80.787464, 6.021782]]}, "properties": {"id": 537, "u": 3634834042, "v": 3634834050, "safety": "safe", "district": "tangalle", "source": "ground_truth"}}, {"type": "Feature", "geometry": {"type": "LineString", "coordinates": [[80.786484, 6.021866], [80.786387, 6.021853]]}, "properties": {"id": 538, "u": 3634834043, "v": 3977260747, "safety": "safe", "district": "tangalle", "source": "ground_truth"}}, {"type": "Feature", "geometry": {"type": "LineString", "coordinates": [[80.786821, 6.021851], [80.786627, 6.021873], [80.786484, 6.021866]]}, "properties": {"id": 539, "u": 3634834043, "v": 3960786018, "safety": "safe", "district": "tangalle", "source": "ground_truth"}}, {"type": "Feature", "geometry": {"type": "LineString", "coordinates": [[80.787774, 6.022166], [80.787683, 6.022997]]}, "properties": {"id": 540, "u": 3634834050, "v": 3634834060, "safety": "safe", "district": "tangalle", "source": "ground_truth"}}, {"type": "Feature", "geometry": {"type": "LineString", "coordinates": [[80.787142, 6.022988], [80.787683, 6.022997]]}, "properties": {"id": 541, "u": 3634834059, "v": 3634834060, "safety": "safe", "district": "tangalle", "source": "ground_truth"}}, {"type": "Feature", "geometry": {"type": "LineString", "coordinates": [[80.787251, 6.021801], [80.787234, 6.022011], [80.787186, 6.022358], [80.787142, 6.022988]]}, "properties": {"id": 542, "u": 3634834059, "v": 3977260746, "safety": "safe", "district": "tangalle", "source": "ground_truth"}}, {"type": "Feature", "geometry": {"type": "LineString", "coordinates": [[80.787683, 6.022997], [80.788636, 6.023111]]}, "properties": {"id": 543, "u": 3634834060, "v": 3977260880, "safety": "safe", "district": "tangalle", "source": "ground_truth"}}, {"type": "Feature", "geometry": {"type": "LineString", "coordinates": [[80.789243, 6.023184], [80.788636, 6.023111]]}, "properties": {"id": 544, "u": 3634834063, "v": 3977260880, "safety": "safe", "district": "tangalle", "source": "ground_truth"}}, {"type": "Feature", "geometry": {"type": "LineString", "coordinates": [[80.780468, 6.025244], [80.780403, 6.024788], [80.780369, 6.024103], [80.780232, 6.023429], [80.779931, 6.022565], [80.779825, 6.022362], [80.779587, 6.022447], [80.779418, 6.022536], [80.779233, 6.022592], [80.778367, 6.02265], [80.778009, 6.022721], [80.777502, 6.022752], [80.777408, 6.022793], [80.777328, 6.022988], [80.777256, 6.023055], [80.777045, 6.023097], [80.776927, 6.023159], [80.776832, 6.023301], [80.77674, 6.023284], [80.776162, 6.022968], [80.775583, 6.022734]]}, "properties": {"id": 545, "u": 3634834944, "v": 3966200168, "safety": "safe", "district": "tangalle", "source": "ground_truth"}}, {"type": "Feature", "geometry": {"type": "LineString", "coordinates": [[80.775303, 6.022964], [80.775366, 6.022913], [80.775487, 6.022871], [80.775583, 6.022734]]}, "properties": {"id": 546, "u": 3634834944, "v": 3634834946, "safety": "safe", "district": "tangalle", "source": "ground_truth"}}, {"type": "Feature", "geometry": {"type": "LineString", "coordinates": [[80.775384, 6.026209], [80.77494, 6.025228], [80.774919, 6.024952], [80.774939, 6.024597], [80.775235, 6.023188], [80.775303, 6.022964]]}, "properties": {"id": 547, "u": 3634834946, "v": 3634834964, "safety": "safe", "district": "tangalle", "source": "ground_truth"}}, {"type": "Feature", "geometry": {"type": "LineString", "coordinates": [[80.790414, 6.025447], [80.790453, 6.024978]]}, "properties": {"id": 548, "u": 3634834955, "v": 3960797051, "safety": "safe", "district": "tangalle", "source": "ground_truth"}}, {"type": "Feature", "geometry": {"type": "LineString", "coordinates": [[80.79088, 6.025622], [80.790657, 6.025551], [80.790414, 6.025447]]}, "properties": {"id": 549, "u": 3634834955, "v": 3634834957, "safety": "safe", "district": "tangalle", "source": "ground_truth"}}, {"type": "Feature", "geometry": {"type": "LineString", "coordinates": [[80.791441, 6.02606], [80.790696, 6.026156], [80.790369, 6.026205], [80.790377, 6.026099], [80.790414, 6.025447]]}, "properties": {"id": 550, "u": 3634834955, "v": 3634834961, "safety": "safe", "district": "tangalle", "source": "ground_truth"}}, {"type": "Feature", "geometry": {"type": "LineString", "coordinates": [[80.791441, 6.02606], [80.791408, 6.025906], [80.791334, 6.025808], [80.791126, 6.025722], [80.79088, 6.025622]]}, "properties": {"id": 551, "u": 3634834957, "v": 3634834961, "safety": "safe", "district": "tangalle", "source": "ground_truth"}}, {"type": "Feature", "geometry": {"type": "LineString", "coordinates": [[80.791671, 6.023685], [80.791636, 6.023773], [80.791641, 6.024007], [80.791622, 6.024101], [80.791751, 6.024439], [80.791679, 6.024665], [80.791691, 6.024911], [80.791655, 6.024965], [80.791136, 6.025008], [80.790982, 6.025123], [80.790914, 6.025418], [80.79088, 6.025622]]}, "properties": {"id": 552, "u": 3634834957, "v": 5968317665, "safety": "safe", "district": "tangalle", "source": "ground_truth"}}, {"type": "Feature", "geometry": {"type": "LineString", "coordinates": [[80.778897, 6.03602], [80.778891, 6.035641], [80.778932, 6.035576], [80.779168, 6.035406], [80.779196, 6.035341], [80.779263, 6.034201], [80.779244, 6.033994], [80.779143, 6.033891], [80.778482, 6.033568], [80.778076, 6.033396], [80.778025, 6.033346], [80.777609, 6.032629], [80.777246, 6.032036], [80.776955, 6.031352], [80.776892, 6.031049], [80.776817, 6.030868], [80.77665, 6.030809], [80.776364, 6.030704], [80.776029, 6.029974], [80.775922, 6.02961], [80.775852, 6.029216], [80.775557, 6.028095], [80.775384, 6.026209]]}, "properties": {"id": 553, "u": 3634834964, "v": 3634836222, "safety": "safe", "district": "tangalle", "source": "ground_truth"}}, {"type": "Feature", "geometry": {"type": "LineString", "coordinates": [[80.783663, 6.032812], [80.783747, 6.032754], [80.783837, 6.032726]]}, "properties": {"id": 554, "u": 3634836107, "v": 3634836111, "safety": "safe", "district": "tangalle", "source": "ground_truth"}}, {"type": "Feature", "geometry": {"type": "LineString", "coordinates": [[80.784506, 6.033507], [80.784297, 6.032942], [80.784238, 6.032828], [80.784151, 6.032753], [80.78401, 6.032716], [80.783837, 6.032726]]}, "properties": {"id": 555, "u": 3634836107, "v": 3634836130, "safety": "safe", "district": "tangalle", "source": "ground_truth"}}, {"type": "Feature", "geometry": {"type": "LineString", "coordinates": [[80.783857, 6.03162], [80.783855, 6.032118], [80.783837, 6.032726]]}, "properties": {"id": 556, "u": 3634836107, "v": 9941727568, "safety": "safe", "district": "tangalle", "source": "ground_truth"}}, {"type": "Feature", "geometry": {"type": "LineString", "coordinates": [[80.781267, 6.036676], [80.781175, 6.035788], [80.781215, 6.035773], [80.781849, 6.035821], [80.78246, 6.035821], [80.782517, 6.035782], [80.782548, 6.035718], [80.782592, 6.035536], [80.7824, 6.033739], [80.782406, 6.033595], [80.782431, 6.033539], [80.782501, 6.033488], [80.782686, 6.033457], [80.782907, 6.033379], [80.783187, 6.033207], [80.783464, 6.032997], [80.783663, 6.032812]]}, "properties": {"id": 557, "u": 3634836111, "v": 3634836223, "safety": "safe", "district": "tangalle", "source": "ground_truth"}}, {"type": "Feature", "geometry": {"type": "LineString", "coordinates": [[80.78221, 6.032328], [80.782321, 6.03228], [80.782449, 6.032259], [80.782639, 6.032291], [80.783273, 6.032485], [80.783345, 6.032545], [80.783663, 6.032812]]}, "properties": {"id": 558, "u": 3634836111, "v": 3634838756, "safety": "safe", "district": "tangalle", "source": "ground_truth"}}, {"type": "Feature", "geometry": {"type": "LineString", "coordinates": [[80.784506, 6.033507], [80.78604, 6.03303]]}, "properties": {"id": 559, "u": 3634836130, "v": 9941727577, "safety": "safe", "district": "tangalle", "source": "ground_truth"}}, {"type": "Feature", "geometry": {"type": "LineString", "coordinates": [[80.778745, 6.037461], [80.778621, 6.037068], [80.778784, 6.036627], [80.778796, 6.036246], [80.7788, 6.03613], [80.778897, 6.03602]]}, "properties": {"id": 560, "u": 3634836222, "v": 9236982473, "safety": "safe", "district": "tangalle", "source": "ground_truth"}}, {"type": "Feature", "geometry": {"type": "LineString", "coordinates": [[80.781267, 6.036676], [80.78206, 6.036455]]}, "properties": {"id": 561, "u": 3634836223, "v": 3634843170, "safety": "safe", "district": "tangalle", "source": "ground_truth"}}, {"type": "Feature", "geometry": {"type": "LineString", "coordinates": [[80.793292, 6.028034], [80.793347, 6.028509]]}, "properties": {"id": 562, "u": 3634838700, "v": 3634838705, "safety": "unsafe", "district": "tangalle", "source": "ground_truth"}}, {"type": "Feature", "geometry": {"type": "LineString", "coordinates": [[80.79066, 6.028252], [80.791244, 6.028177], [80.791574, 6.028093], [80.792544, 6.028008], [80.793292, 6.028034]]}, "properties": {"id": 563, "u": 3634838700, "v": 3634838704, "safety": "safe", "district": "tangalle", "source": "ground_truth"}}, {"type": "Feature", "geometry": {"type": "LineString", "coordinates": [[80.79066, 6.028252], [80.790779, 6.028844]]}, "properties": {"id": 564, "u": 3634838704, "v": 3634838713, "safety": "safe", "district": "tangalle", "source": "ground_truth"}}, {"type": "Feature", "geometry": {"type": "LineString", "coordinates": [[80.793347, 6.028509], [80.793011, 6.028605]]}, "properties": {"id": 565, "u": 3634838705, "v": 3634838708, "safety": "safe", "district": "tangalle", "source": "ground_truth"}}, {"type": "Feature", "geometry": {"type": "LineString", "coordinates": [[80.779248, 6.029192], [80.779355, 6.029094], [80.779461, 6.028545]]}, "properties": {"id": 566, "u": 3634838706, "v": 3634838720, "safety": "safe", "district": "tangalle", "source": "ground_truth"}}, {"type": "Feature", "geometry": {"type": "LineString", "coordinates": [[80.793011, 6.028605], [80.792882, 6.029]]}, "properties": {"id": 567, "u": 3634838708, "v": 3771437058, "safety": "safe", "district": "tangalle", "source": "ground_truth"}}, {"type": "Feature", "geometry": {"type": "LineString", "coordinates": [[80.793011, 6.028605], [80.792595, 6.028599]]}, "properties": {"id": 568, "u": 3634838708, "v": 3634838709, "safety": "safe", "district": "tangalle", "source": "ground_truth"}}, {"type": "Feature", "geometry": {"type": "LineString", "coordinates": [[80.792224, 6.028955], [80.791918, 6.028907], [80.791897, 6.028703]]}, "properties": {"id": 569, "u": 3634838710, "v": 3771437059, "safety": "safe", "district": "tangalle", "source": "ground_truth"}}, {"type": "Feature", "geometry": {"type": "LineString", "coordinates": [[80.790779, 6.028844], [80.791145, 6.028729]]}, "properties": {"id": 570, "u": 3634838713, "v": 3771391555, "safety": "safe", "district": "tangalle", "source": "ground_truth"}}, {"type": "Feature", "geometry": {"type": "LineString", "coordinates": [[80.790799, 6.029259], [80.790784, 6.029139], [80.790779, 6.028844]]}, "properties": {"id": 571, "u": 3634838713, "v": 3635380005, "safety": "safe", "district": "tangalle", "source": "ground_truth"}}, {"type": "Feature", "geometry": {"type": "LineString", "coordinates": [[80.779248, 6.029192], [80.779635, 6.029704]]}, "properties": {"id": 572, "u": 3634838720, "v": 3634838730, "safety": "safe", "district": "tangalle", "source": "ground_truth"}}, {"type": "Feature", "geometry": {"type": "LineString", "coordinates": [[80.777719, 6.029505], [80.777947, 6.029347], [80.778246, 6.029335], [80.778869, 6.02925], [80.779248, 6.029192]]}, "properties": {"id": 573, "u": 3634838720, "v": 3634838726, "safety": "safe", "district": "tangalle", "source": "ground_truth"}}, {"type": "Feature", "geometry": {"type": "LineString", "coordinates": [[80.792964, 6.029587], [80.793162, 6.029968]]}, "properties": {"id": 574, "u": 3634838728, "v": 3634838733, "safety": "safe", "district": "tangalle", "source": "ground_truth"}}, {"type": "Feature", "geometry": {"type": "LineString", "coordinates": [[80.792964, 6.029587], [80.792364, 6.029738]]}, "properties": {"id": 575, "u": 3634838728, "v": 3771437062, "safety": "safe", "district": "tangalle", "source": "ground_truth"}}, {"type": "Feature", "geometry": {"type": "LineString", "coordinates": [[80.792882, 6.029], [80.792798, 6.029177], [80.792774, 6.02923], [80.79277, 6.029281], [80.792845, 6.029414], [80.792964, 6.029587]]}, "properties": {"id": 576, "u": 3634838728, "v": 3771437058, "safety": "safe", "district": "tangalle", "source": "ground_truth"}}, {"type": "Feature", "geometry": {"type": "LineString", "coordinates": [[80.790844, 6.029621], [80.791331, 6.029575]]}, "properties": {"id": 577, "u": 3634838729, "v": 3771394558, "safety": "safe", "district": "tangalle", "source": "ground_truth"}}, {"type": "Feature", "geometry": {"type": "LineString", "coordinates": [[80.790844, 6.029621], [80.790799, 6.029259]]}, "properties": {"id": 578, "u": 3634838729, "v": 3635380005, "safety": "safe", "district": "tangalle", "source": "ground_truth"}}, {"type": "Feature", "geometry": {"type": "LineString", "coordinates": [[80.790935, 6.030535], [80.790919, 6.030082], [80.790844, 6.029621]]}, "properties": {"id": 579, "u": 3634838729, "v": 3635380015, "safety": "safe", "district": "tangalle", "source": "ground_truth"}}, {"type": "Feature", "geometry": {"type": "LineString", "coordinates": [[80.778444, 6.029961], [80.779196, 6.029888], [80.779635, 6.029704]]}, "properties": {"id": 580, "u": 3634838730, "v": 3634838734, "safety": "safe", "district": "tangalle", "source": "ground_truth"}}, {"type": "Feature", "geometry": {"type": "LineString", "coordinates": [[80.780699, 6.032218], [80.780646, 6.031779], [80.78056, 6.031454], [80.780522, 6.03141], [80.780478, 6.031395], [80.7801, 6.031468], [80.780068, 6.031448], [80.779962, 6.030546], [80.780067, 6.030354], [80.780079, 6.029736], [80.779635, 6.029704]]}, "properties": {"id": 581, "u": 3634838730, "v": 3634838750, "safety": "safe", "district": "tangalle", "source": "ground_truth"}}, {"type": "Feature", "geometry": {"type": "LineString", "coordinates": [[80.793162, 6.029968], [80.79304, 6.030031]]}, "properties": {"id": 582, "u": 3634838733, "v": 3635380007, "safety": "unsafe", "district": "tangalle", "source": "ground_truth"}}, {"type": "Feature", "geometry": {"type": "LineString", "coordinates": [[80.788563, 6.03107], [80.788566, 6.031346]]}, "properties": {"id": 583, "u": 3634838737, "v": 3634838739, "safety": "safe", "district": "tangalle", "source": "ground_truth"}}, {"type": "Feature", "geometry": {"type": "LineString", "coordinates": [[80.788563, 6.03107], [80.78856, 6.030921]]}, "properties": {"id": 584, "u": 3634838737, "v": 3635380021, "safety": "safe", "district": "tangalle", "source": "ground_truth"}}, {"type": "Feature", "geometry": {"type": "LineString", "coordinates": [[80.787787, 6.031289], [80.788258, 6.031075], [80.788563, 6.03107]]}, "properties": {"id": 585, "u": 3634838737, "v": 3634838738, "safety": "safe", "district": "tangalle", "source": "ground_truth"}}, {"type": "Feature", "geometry": {"type": "LineString", "coordinates": [[80.787969, 6.03143], [80.788125, 6.031413], [80.788566, 6.031346]]}, "properties": {"id": 586, "u": 3634838739, "v": 9941737050, "safety": "safe", "district": "tangalle", "source": "ground_truth"}}, {"type": "Feature", "geometry": {"type": "LineString", "coordinates": [[80.78726, 6.032615], [80.787177, 6.032379], [80.787104, 6.032173], [80.787092, 6.031969], [80.787174, 6.031907], [80.787721, 6.031716]]}, "properties": {"id": 587, "u": 3634838745, "v": 3634838763, "safety": "safe", "district": "tangalle", "source": "ground_truth"}}, {"type": "Feature", "geometry": {"type": "LineString", "coordinates": [[80.780699, 6.032218], [80.78062, 6.032272]]}, "properties": {"id": 588, "u": 3634838750, "v": 3634838754, "safety": "safe", "district": "tangalle", "source": "ground_truth"}}, {"type": "Feature", "geometry": {"type": "LineString", "coordinates": [[80.78221, 6.032328], [80.782106, 6.03233], [80.78173, 6.032218], [80.780699, 6.032218]]}, "properties": {"id": 589, "u": 3634838750, "v": 3634838756, "safety": "safe", "district": "tangalle", "source": "ground_truth"}}, {"type": "Feature", "geometry": {"type": "LineString", "coordinates": [[80.78062, 6.032272], [80.779329, 6.032347]]}, "properties": {"id": 590, "u": 3634838754, "v": 3634838758, "safety": "safe", "district": "tangalle", "source": "ground_truth"}}, {"type": "Feature", "geometry": {"type": "LineString", "coordinates": [[80.779694, 6.032723], [80.780106, 6.032664], [80.780595, 6.03265], [80.780631, 6.032638], [80.780636, 6.032605], [80.78062, 6.032272]]}, "properties": {"id": 591, "u": 3634838754, "v": 3634838766, "safety": "safe", "district": "tangalle", "source": "ground_truth"}}, {"type": "Feature", "geometry": {"type": "LineString", "coordinates": [[80.782254, 6.032851], [80.782147, 6.03267], [80.782139, 6.032623], [80.78221, 6.032328]]}, "properties": {"id": 592, "u": 3634838756, "v": 3634838767, "safety": "safe", "district": "tangalle", "source": "ground_truth"}}, {"type": "Feature", "geometry": {"type": "LineString", "coordinates": [[80.78604, 6.03303], [80.786174, 6.032988], [80.787044, 6.032722], [80.78726, 6.032615]]}, "properties": {"id": 593, "u": 3634838763, "v": 9941727577, "safety": "safe", "district": "tangalle", "source": "ground_truth"}}, {"type": "Feature", "geometry": {"type": "LineString", "coordinates": [[80.78444, 6.04008], [80.784254, 6.039595], [80.784096, 6.039012], [80.784068, 6.038535]]}, "properties": {"id": 594, "u": 3634843045, "v": 3634843052, "safety": "safe", "district": "tangalle", "source": "ground_truth"}}, {"type": "Feature", "geometry": {"type": "LineString", "coordinates": [[80.783092, 6.039971], [80.783137, 6.040274]]}, "properties": {"id": 595, "u": 3634843051, "v": 3634843054, "safety": "safe", "district": "tangalle", "source": "ground_truth"}}, {"type": "Feature", "geometry": {"type": "LineString", "coordinates": [[80.783137, 6.040274], [80.783542, 6.04026], [80.783548, 6.040197], [80.78354, 6.040072], [80.783517, 6.040002], [80.783348, 6.04], [80.783202, 6.040001], [80.783092, 6.039971]]}, "properties": {"id": 596, "u": 3634843051, "v": 3634843054, "safety": "safe", "district": "tangalle", "source": "ground_truth"}}, {"type": "Feature", "geometry": {"type": "LineString", "coordinates": [[80.783092, 6.039971], [80.782359, 6.040022]]}, "properties": {"id": 597, "u": 3634843051, "v": 3634843053, "safety": "safe", "district": "tangalle", "source": "ground_truth"}}, {"type": "Feature", "geometry": {"type": "LineString", "coordinates": [[80.78444, 6.04008], [80.784587, 6.040538]]}, "properties": {"id": 598, "u": 3634843052, "v": 3634843058, "safety": "safe", "district": "tangalle", "source": "ground_truth"}}, {"type": "Feature", "geometry": {"type": "LineString", "coordinates": [[80.785402, 6.040078], [80.785282, 6.04012], [80.785239, 6.040149], [80.785125, 6.040125], [80.785046, 6.040125], [80.78444, 6.04008]]}, "properties": {"id": 599, "u": 3634843052, "v": 13145059423, "safety": "safe", "district": "tangalle", "source": "ground_truth"}}, {"type": "Feature", "geometry": {"type": "LineString", "coordinates": [[80.782359, 6.040022], [80.782314, 6.040358]]}, "properties": {"id": 600, "u": 3634843053, "v": 3634843056, "safety": "safe", "district": "tangalle", "source": "ground_truth"}}, {"type": "Feature", "geometry": {"type": "LineString", "coordinates": [[80.782359, 6.040022], [80.782336, 6.039684]]}, "properties": {"id": 601, "u": 3634843053, "v": 13145059434, "safety": "safe", "district": "tangalle", "source": "ground_truth"}}, {"type": "Feature", "geometry": {"type": "LineString", "coordinates": [[80.783137, 6.040274], [80.782314, 6.040358]]}, "properties": {"id": 602, "u": 3634843054, "v": 3634843056, "safety": "safe", "district": "tangalle", "source": "ground_truth"}}, {"type": "Feature", "geometry": {"type": "LineString", "coordinates": [[80.782314, 6.040358], [80.78257, 6.042301]]}, "properties": {"id": 603, "u": 3634843056, "v": 3771437277, "safety": "safe", "district": "tangalle", "source": "ground_truth"}}, {"type": "Feature", "geometry": {"type": "LineString", "coordinates": [[80.782635, 6.042797], [80.78257, 6.042301]]}, "properties": {"id": 604, "u": 3634843063, "v": 3771437277, "safety": "safe", "district": "tangalle", "source": "ground_truth"}}, {"type": "Feature", "geometry": {"type": "LineString", "coordinates": [[80.782201, 6.043403], [80.782072, 6.042943], [80.782635, 6.042797]]}, "properties": {"id": 605, "u": 3634843063, "v": 3634843082, "safety": "safe", "district": "tangalle", "source": "ground_truth"}}, {"type": "Feature", "geometry": {"type": "LineString", "coordinates": [[80.782889, 6.043459], [80.783008, 6.04291], [80.782962, 6.042859], [80.782635, 6.042797]]}, "properties": {"id": 606, "u": 3634843063, "v": 3634843086, "safety": "safe", "district": "tangalle", "source": "ground_truth"}}, {"type": "Feature", "geometry": {"type": "LineString", "coordinates": [[80.788121, 6.044335], [80.788071, 6.044154], [80.788102, 6.043765], [80.788194, 6.043559], [80.788222, 6.04342], [80.788186, 6.043352], [80.787257, 6.043059]]}, "properties": {"id": 607, "u": 3634843071, "v": 3634843220, "safety": "safe", "district": "tangalle", "source": "ground_truth"}}, {"type": "Feature", "geometry": {"type": "LineString", "coordinates": [[80.787381, 6.044248], [80.787391, 6.043817], [80.787393, 6.043745], [80.787456, 6.043257]]}, "properties": {"id": 608, "u": 3634843074, "v": 3634843216, "safety": "safe", "district": "tangalle", "source": "ground_truth"}}, {"type": "Feature", "geometry": {"type": "LineString", "coordinates": [[80.782889, 6.043459], [80.78248, 6.04341], [80.782201, 6.043403]]}, "properties": {"id": 609, "u": 3634843082, "v": 3634843086, "safety": "safe", "district": "tangalle", "source": "ground_truth"}}, {"type": "Feature", "geometry": {"type": "LineString", "coordinates": [[80.786591, 6.044211], [80.786468, 6.044171], [80.786256, 6.044052], [80.785933, 6.043836], [80.785417, 6.043558], [80.785132, 6.043352], [80.784962, 6.043279], [80.784849, 6.043263], [80.784247, 6.043291], [80.784077, 6.043356], [80.783782, 6.043523], [80.783515, 6.043576], [80.783168, 6.043558], [80.782889, 6.043459]]}, "properties": {"id": 610, "u": 3634843086, "v": 3634843213, "safety": "safe", "district": "tangalle", "source": "ground_truth"}}, {"type": "Feature", "geometry": {"type": "LineString", "coordinates": [[80.782271, 6.038939], [80.782032, 6.037526], [80.78206, 6.036455]]}, "properties": {"id": 611, "u": 3634843170, "v": 13145059421, "safety": "safe", "district": "tangalle", "source": "ground_truth"}}, {"type": "Feature", "geometry": {"type": "LineString", "coordinates": [[80.786591, 6.044211], [80.787381, 6.044248]]}, "properties": {"id": 612, "u": 3634843213, "v": 3634843216, "safety": "safe", "district": "tangalle", "source": "ground_truth"}}, {"type": "Feature", "geometry": {"type": "LineString", "coordinates": [[80.786627, 6.044662], [80.786562, 6.044318], [80.786591, 6.044211]]}, "properties": {"id": 613, "u": 3634843213, "v": 3771437315, "safety": "safe", "district": "tangalle", "source": "ground_truth"}}, {"type": "Feature", "geometry": {"type": "LineString", "coordinates": [[80.788121, 6.044335], [80.787851, 6.044272], [80.787381, 6.044248]]}, "properties": {"id": 614, "u": 3634843216, "v": 3634843220, "safety": "safe", "district": "tangalle", "source": "ground_truth"}}, {"type": "Feature", "geometry": {"type": "LineString", "coordinates": [[80.788121, 6.044335], [80.789289, 6.044344]]}, "properties": {"id": 615, "u": 3634843220, "v": 3634843221, "safety": "safe", "district": "tangalle", "source": "ground_truth"}}, {"type": "Feature", "geometry": {"type": "LineString", "coordinates": [[80.78928, 6.04556], [80.789362, 6.045439], [80.789365, 6.045284], [80.789237, 6.04474], [80.789231, 6.044532], [80.789289, 6.044344]]}, "properties": {"id": 616, "u": 3634843221, "v": 3771427475, "safety": "safe", "district": "tangalle", "source": "ground_truth"}}, {"type": "Feature", "geometry": {"type": "LineString", "coordinates": [[80.853049, 6.079759], [80.854163, 6.081028]]}, "properties": {"id": 617, "u": 3634864055, "v": 3634925025, "safety": "safe", "district": "tangalle", "source": "ground_truth"}}, {"type": "Feature", "geometry": {"type": "LineString", "coordinates": [[80.853049, 6.079759], [80.850197, 6.076346]]}, "properties": {"id": 618, "u": 3634864055, "v": 3697176249, "safety": "safe", "district": "tangalle", "source": "ground_truth"}}, {"type": "Feature", "geometry": {"type": "LineString", "coordinates": [[80.853049, 6.079759], [80.852741, 6.080096]]}, "properties": {"id": 619, "u": 3634864055, "v": 3634864056, "safety": "safe", "district": "tangalle", "source": "ground_truth"}}, {"type": "Feature", "geometry": {"type": "LineString", "coordinates": [[80.847054, 6.083152], [80.849905, 6.08165], [80.851766, 6.08036], [80.852741, 6.080096]]}, "properties": {"id": 620, "u": 3634864056, "v": 3634864083, "safety": "safe", "district": "tangalle", "source": "ground_truth"}}, {"type": "Feature", "geometry": {"type": "LineString", "coordinates": [[80.852384, 6.081392], [80.852461, 6.081253], [80.852781, 6.080957], [80.852854, 6.080339], [80.852741, 6.080096]]}, "properties": {"id": 621, "u": 3634864056, "v": 3697176257, "safety": "safe", "district": "tangalle", "source": "ground_truth"}}, {"type": "Feature", "geometry": {"type": "LineString", "coordinates": [[80.843857, 6.080108], [80.843904, 6.080218], [80.844159, 6.080456], [80.84506, 6.081522]]}, "properties": {"id": 622, "u": 3634864073, "v": 3697242437, "safety": "safe", "district": "tangalle", "source": "ground_truth"}}, {"type": "Feature", "geometry": {"type": "LineString", "coordinates": [[80.845851, 6.082613], [80.845491, 6.081939], [80.845332, 6.081756], [80.84506, 6.081522]]}, "properties": {"id": 623, "u": 3634864073, "v": 3634864078, "safety": "safe", "district": "tangalle", "source": "ground_truth"}}, {"type": "Feature", "geometry": {"type": "LineString", "coordinates": [[80.848424, 6.075903], [80.847041, 6.076438], [80.846263, 6.080542], [80.846156, 6.080699], [80.845733, 6.080969], [80.845693, 6.081053], [80.84506, 6.081522]]}, "properties": {"id": 624, "u": 3634864073, "v": 3634924782, "safety": "safe", "district": "tangalle", "source": "ground_truth"}}, {"type": "Feature", "geometry": {"type": "LineString", "coordinates": [[80.842459, 6.08459], [80.843992, 6.085524], [80.844054, 6.08558], [80.844184, 6.085793], [80.844274, 6.086006], [80.844353, 6.086034], [80.844438, 6.086034], [80.844517, 6.086012], [80.844652, 6.085928], [80.844765, 6.085805], [80.844894, 6.08549], [80.84508, 6.085193], [80.845447, 6.08452], [80.845532, 6.084212], [80.845577, 6.083881], [80.845645, 6.083629], [80.845707, 6.083074], [80.845701, 6.082905], [80.845851, 6.082613]]}, "properties": {"id": 625, "u": 3634864078, "v": 3697242924, "safety": "safe", "district": "tangalle", "source": "ground_truth"}}, {"type": "Feature", "geometry": {"type": "LineString", "coordinates": [[80.847054, 6.083152], [80.84648, 6.082922], [80.845851, 6.082613]]}, "properties": {"id": 626, "u": 3634864078, "v": 3634864083, "safety": "safe", "district": "tangalle", "source": "ground_truth"}}, {"type": "Feature", "geometry": {"type": "LineString", "coordinates": [[80.850071, 6.088633], [80.850077, 6.087038], [80.849766, 6.0863], [80.8492, 6.085904], [80.848594, 6.085214], [80.84837, 6.084825], [80.848003, 6.084524], [80.847605, 6.083699], [80.847302, 6.08335], [80.847054, 6.083152]]}, "properties": {"id": 627, "u": 3634864083, "v": 3634925491, "safety": "safe", "district": "tangalle", "source": "ground_truth"}}, {"type": "Feature", "geometry": {"type": "LineString", "coordinates": [[80.850071, 6.088633], [80.850029, 6.088941], [80.8503, 6.089702], [80.850364, 6.092383], [80.850355, 6.093995]]}, "properties": {"id": 628, "u": 3634864512, "v": 3634925491, "safety": "safe", "district": "tangalle", "source": "ground_truth"}}, {"type": "Feature", "geometry": {"type": "LineString", "coordinates": [[80.850367, 6.095909], [80.850284, 6.095602], [80.850229, 6.095158], [80.850355, 6.093995]]}, "properties": {"id": 629, "u": 3634864512, "v": 3697176294, "safety": "safe", "district": "tangalle", "source": "ground_truth"}}, {"type": "Feature", "geometry": {"type": "LineString", "coordinates": [[80.84557, 6.09471], [80.845985, 6.093915], [80.846001, 6.093693], [80.845777, 6.093598], [80.845729, 6.093376], [80.845935, 6.093041], [80.846326, 6.093101], [80.846366, 6.092894], [80.846403, 6.092849], [80.847215, 6.092871], [80.847436, 6.092984], [80.84742, 6.093404], [80.847562, 6.093465], [80.847937, 6.093473], [80.848297, 6.093709], [80.849325, 6.09391], [80.849835, 6.093985], [80.850355, 6.093995]]}, "properties": {"id": 630, "u": 3634864512, "v": 3697176284, "safety": "safe", "district": "tangalle", "source": "ground_truth"}}, {"type": "Feature", "geometry": {"type": "LineString", "coordinates": [[80.833612, 6.087346], [80.833725, 6.087877]]}, "properties": {"id": 631, "u": 3634866228, "v": 3634866229, "safety": "safe", "district": "tangalle", "source": "ground_truth"}}, {"type": "Feature", "geometry": {"type": "LineString", "coordinates": [[80.835931, 6.086583], [80.835362, 6.0872], [80.835131, 6.087301], [80.833612, 6.087346]]}, "properties": {"id": 632, "u": 3634866228, "v": 3634924839, "safety": "safe", "district": "tangalle", "source": "ground_truth"}}, {"type": "Feature", "geometry": {"type": "LineString", "coordinates": [[80.833949, 6.091311], [80.833964, 6.090621], [80.83402, 6.090272], [80.833725, 6.087877]]}, "properties": {"id": 633, "u": 3634866229, "v": 3634866232, "safety": "safe", "district": "tangalle", "source": "ground_truth"}}, {"type": "Feature", "geometry": {"type": "LineString", "coordinates": [[80.832001, 6.088037], [80.832215, 6.087978], [80.833725, 6.087877]]}, "properties": {"id": 634, "u": 3634866229, "v": 3697224549, "safety": "safe", "district": "tangalle", "source": "ground_truth"}}, {"type": "Feature", "geometry": {"type": "LineString", "coordinates": [[80.83461, 6.092183], [80.834164, 6.09166], [80.833949, 6.091311]]}, "properties": {"id": 635, "u": 3634866232, "v": 3634866234, "safety": "safe", "district": "tangalle", "source": "ground_truth"}}, {"type": "Feature", "geometry": {"type": "LineString", "coordinates": [[80.833604, 6.092222], [80.833688, 6.091431], [80.833949, 6.091311]]}, "properties": {"id": 636, "u": 3634866232, "v": 3697224555, "safety": "safe", "district": "tangalle", "source": "ground_truth"}}, {"type": "Feature", "geometry": {"type": "LineString", "coordinates": [[80.83461, 6.092183], [80.833604, 6.092222]]}, "properties": {"id": 637, "u": 3634866234, "v": 3697224555, "safety": "safe", "district": "tangalle", "source": "ground_truth"}}, {"type": "Feature", "geometry": {"type": "LineString", "coordinates": [[80.836395, 6.094203], [80.835894, 6.093611], [80.835384, 6.093151], [80.83461, 6.092183]]}, "properties": {"id": 638, "u": 3634866234, "v": 3697224577, "safety": "safe", "district": "tangalle", "source": "ground_truth"}}, {"type": "Feature", "geometry": {"type": "LineString", "coordinates": [[80.842842, 6.094407], [80.843082, 6.093456], [80.84364, 6.092694]]}, "properties": {"id": 639, "u": 3634866235, "v": 3634866258, "safety": "safe", "district": "tangalle", "source": "ground_truth"}}, {"type": "Feature", "geometry": {"type": "LineString", "coordinates": [[80.842842, 6.094407], [80.844876, 6.096041]]}, "properties": {"id": 640, "u": 3634866258, "v": 3634866262, "safety": "safe", "district": "tangalle", "source": "ground_truth"}}, {"type": "Feature", "geometry": {"type": "LineString", "coordinates": [[80.842842, 6.094407], [80.841917, 6.09685]]}, "properties": {"id": 641, "u": 3634866258, "v": 3634866264, "safety": "safe", "district": "tangalle", "source": "ground_truth"}}, {"type": "Feature", "geometry": {"type": "LineString", "coordinates": [[80.836652, 6.094507], [80.836395, 6.094203]]}, "properties": {"id": 642, "u": 3634866259, "v": 3697224577, "safety": "safe", "district": "tangalle", "source": "ground_truth"}}, {"type": "Feature", "geometry": {"type": "LineString", "coordinates": [[80.836652, 6.094507], [80.839237, 6.095708]]}, "properties": {"id": 643, "u": 3634866259, "v": 3634866261, "safety": "safe", "district": "tangalle", "source": "ground_truth"}}, {"type": "Feature", "geometry": {"type": "LineString", "coordinates": [[80.836652, 6.094507], [80.836453, 6.095554]]}, "properties": {"id": 644, "u": 3634866259, "v": 3634866260, "safety": "safe", "district": "tangalle", "source": "ground_truth"}}, {"type": "Feature", "geometry": {"type": "LineString", "coordinates": [[80.837651, 6.093222], [80.836829, 6.094186], [80.836652, 6.094507]]}, "properties": {"id": 645, "u": 3634866259, "v": 3697224562, "safety": "safe", "district": "tangalle", "source": "ground_truth"}}, {"type": "Feature", "geometry": {"type": "LineString", "coordinates": [[80.836453, 6.095554], [80.831863, 6.09582]]}, "properties": {"id": 646, "u": 3634866260, "v": 3697224580, "safety": "safe", "district": "tangalle", "source": "ground_truth"}}, {"type": "Feature", "geometry": {"type": "LineString", "coordinates": [[80.839237, 6.095708], [80.841917, 6.09685]]}, "properties": {"id": 647, "u": 3634866261, "v": 3634866264, "safety": "safe", "district": "tangalle", "source": "ground_truth"}}, {"type": "Feature", "geometry": {"type": "LineString", "coordinates": [[80.835931, 6.086583], [80.83654, 6.087054], [80.836986, 6.087805], [80.837437, 6.087979], [80.837702, 6.088041], [80.838046, 6.088377], [80.8383, 6.088523], [80.838503, 6.08859], [80.838892, 6.088618], [80.839078, 6.08868], [80.839146, 6.088747], [80.839332, 6.089196], [80.839586, 6.089347], [80.839687, 6.089516], [80.839828, 6.089897], [80.839834, 6.090205], [80.839749, 6.090721], [80.839743, 6.091304], [80.839854, 6.091382], [80.840396, 6.09143], [80.840556, 6.091548], [80.840538, 6.09169], [80.840336, 6.092448], [80.840497, 6.092602], [80.840568, 6.092732], [80.84055, 6.092915], [80.84035, 6.093539], [80.840329, 6.093744], [80.840262, 6.094], [80.839799, 6.094812], [80.839237, 6.095708]]}, "properties": {"id": 648, "u": 3634866261, "v": 3634924839, "safety": "safe", "district": "tangalle", "source": "ground_truth"}}, {"type": "Feature", "geometry": {"type": "LineString", "coordinates": [[80.844876, 6.096041], [80.84557, 6.09471]]}, "properties": {"id": 649, "u": 3634866262, "v": 3697176284, "safety": "safe", "district": "tangalle", "source": "ground_truth"}}, {"type": "Feature", "geometry": {"type": "LineString", "coordinates": [[80.853273, 6.060972], [80.853273, 6.060787], [80.853269, 6.059959], [80.853198, 6.059065], [80.853107, 6.058274], [80.852969, 6.057571]]}, "properties": {"id": 650, "u": 3634910644, "v": 3634910647, "safety": "safe", "district": "tangalle", "source": "ground_truth"}}, {"type": "Feature", "geometry": {"type": "LineString", "coordinates": [[80.846661, 6.059782], [80.848416, 6.060977]]}, "properties": {"id": 651, "u": 3634910646, "v": 3634910648, "safety": "safe", "district": "tangalle", "source": "ground_truth"}}, {"type": "Feature", "geometry": {"type": "LineString", "coordinates": [[80.846661, 6.059782], [80.847068, 6.059381]]}, "properties": {"id": 652, "u": 3634910646, "v": 3635199103, "safety": "safe", "district": "tangalle", "source": "ground_truth"}}, {"type": "Feature", "geometry": {"type": "LineString", "coordinates": [[80.846661, 6.059782], [80.846199, 6.060163]]}, "properties": {"id": 653, "u": 3634910646, "v": 3635199115, "safety": "safe", "district": "tangalle", "source": "ground_truth"}}, {"type": "Feature", "geometry": {"type": "LineString", "coordinates": [[80.853217, 6.063631], [80.85329, 6.062445], [80.853285, 6.061691], [80.853273, 6.060972]]}, "properties": {"id": 654, "u": 3634910647, "v": 3634910656, "safety": "safe", "district": "tangalle", "source": "ground_truth"}}, {"type": "Feature", "geometry": {"type": "LineString", "coordinates": [[80.848416, 6.060977], [80.848873, 6.061258]]}, "properties": {"id": 655, "u": 3634910648, "v": 3634910649, "safety": "safe", "district": "tangalle", "source": "ground_truth"}}, {"type": "Feature", "geometry": {"type": "LineString", "coordinates": [[80.848244, 6.059981], [80.848688, 6.060411], [80.848416, 6.060977]]}, "properties": {"id": 656, "u": 3634910648, "v": 3635199114, "safety": "safe", "district": "tangalle", "source": "ground_truth"}}, {"type": "Feature", "geometry": {"type": "LineString", "coordinates": [[80.848873, 6.061258], [80.846987, 6.063332]]}, "properties": {"id": 657, "u": 3634910649, "v": 3635199134, "safety": "safe", "district": "tangalle", "source": "ground_truth"}}, {"type": "Feature", "geometry": {"type": "LineString", "coordinates": [[80.853217, 6.063631], [80.852093, 6.063428], [80.851484, 6.063164], [80.850559, 6.062559], [80.849437, 6.061667], [80.848873, 6.061258]]}, "properties": {"id": 658, "u": 3634910649, "v": 3634910656, "safety": "safe", "district": "tangalle", "source": "ground_truth"}}, {"type": "Feature", "geometry": {"type": "LineString", "coordinates": [[80.849133, 6.059246], [80.84915, 6.059338], [80.849156, 6.05996], [80.849097, 6.060803], [80.848873, 6.061258]]}, "properties": {"id": 659, "u": 3634910649, "v": 3635199101, "safety": "safe", "district": "tangalle", "source": "ground_truth"}}, {"type": "Feature", "geometry": {"type": "LineString", "coordinates": [[80.8582, 6.07493], [80.858417, 6.073102], [80.858493, 6.071717], [80.858593, 6.070329], [80.858735, 6.068358], [80.858716, 6.068284], [80.85869, 6.068254], [80.858619, 6.068218], [80.857916, 6.068083], [80.857668, 6.068051], [80.857184, 6.067931], [80.85699, 6.067803], [80.856844, 6.067703], [80.85669, 6.067662], [80.856456, 6.067642], [80.856304, 6.067594], [80.856201, 6.067574], [80.856132, 6.067546], [80.856017, 6.06748], [80.855887, 6.067426], [80.855788, 6.067384], [80.855667, 6.067386], [80.855437, 6.067432], [80.855244, 6.067446], [80.85505, 6.067432], [80.854893, 6.067388], [80.85477, 6.067308], [80.854739, 6.067276], [80.854696, 6.067254], [80.85468, 6.067254], [80.854653, 6.067258], [80.854625, 6.067272], [80.854587, 6.067291], [80.854555, 6.067298], [80.854527, 6.067287], [80.854491, 6.06725], [80.854445, 6.067194], [80.854379, 6.067132], [80.854288, 6.067086], [80.854239, 6.067072], [80.854117, 6.067064], [80.853954, 6.067048], [80.853904, 6.067032], [80.85386, 6.066847], [80.853702, 6.065911], [80.853595, 6.065354], [80.85358, 6.065296], [80.853552, 6.065249], [80.853489, 6.065209], [80.853454, 6.065141], [80.853418, 6.064971], [80.853381, 6.064723], [80.853336, 6.064428], [80.853286, 6.064022], [80.853253, 6.063802], [80.853217, 6.063631]]}, "properties": {"id": 660, "u": 3634910656, "v": 3634912896, "safety": "safe", "district": "tangalle", "source": "ground_truth"}}, {"type": "Feature", "geometry": {"type": "LineString", "coordinates": [[80.841447, 6.067014], [80.841899, 6.067497]]}, "properties": {"id": 661, "u": 3634910664, "v": 3634910671, "safety": "safe", "district": "tangalle", "source": "ground_truth"}}, {"type": "Feature", "geometry": {"type": "LineString", "coordinates": [[80.840238, 6.066078], [80.840914, 6.066512], [80.841447, 6.067014]]}, "properties": {"id": 662, "u": 3634910664, "v": 3634919746, "safety": "safe", "district": "tangalle", "source": "ground_truth"}}, {"type": "Feature", "geometry": {"type": "LineString", "coordinates": [[80.84208, 6.065357], [80.841622, 6.066673], [80.841447, 6.067014]]}, "properties": {"id": 663, "u": 3634910664, "v": 3634919741, "safety": "safe", "district": "tangalle", "source": "ground_truth"}}, {"type": "Feature", "geometry": {"type": "LineString", "coordinates": [[80.841899, 6.067497], [80.842511, 6.068117]]}, "properties": {"id": 664, "u": 3634910671, "v": 3634919772, "safety": "safe", "district": "tangalle", "source": "ground_truth"}}, {"type": "Feature", "geometry": {"type": "LineString", "coordinates": [[80.844381, 6.066443], [80.843695, 6.06638], [80.843057, 6.06609], [80.842826, 6.066653], [80.841899, 6.067497]]}, "properties": {"id": 665, "u": 3634910671, "v": 3634919754, "safety": "safe", "district": "tangalle", "source": "ground_truth"}}, {"type": "Feature", "geometry": {"type": "LineString", "coordinates": [[80.845859, 6.071492], [80.847147, 6.070129], [80.849683, 6.067694], [80.849676, 6.067551], [80.848423, 6.066488], [80.847857, 6.06591], [80.847594, 6.065838], [80.847227, 6.066203], [80.846932, 6.067821], [80.846836, 6.068059], [80.846597, 6.068162], [80.845489, 6.068201]]}, "properties": {"id": 666, "u": 3634910682, "v": 3634912894, "safety": "safe", "district": "tangalle", "source": "ground_truth"}}, {"type": "Feature", "geometry": {"type": "LineString", "coordinates": [[80.845649, 6.067822], [80.845652, 6.067856], [80.845515, 6.068111], [80.845489, 6.068201]]}, "properties": {"id": 667, "u": 3634910682, "v": 5956568796, "safety": "safe", "district": "tangalle", "source": "ground_truth"}}, {"type": "Feature", "geometry": {"type": "LineString", "coordinates": [[80.845159, 6.068053], [80.845159, 6.068004], [80.845225, 6.067999], [80.845411, 6.068099], [80.845489, 6.068201]]}, "properties": {"id": 668, "u": 3634910682, "v": 5956568785, "safety": "safe", "district": "tangalle", "source": "ground_truth"}}, {"type": "Feature", "geometry": {"type": "LineString", "coordinates": [[80.845237, 6.07085], [80.845859, 6.071492]]}, "properties": {"id": 669, "u": 3634912893, "v": 3634912894, "safety": "safe", "district": "tangalle", "source": "ground_truth"}}, {"type": "Feature", "geometry": {"type": "LineString", "coordinates": [[80.845237, 6.07085], [80.844256, 6.071434]]}, "properties": {"id": 670, "u": 3634912893, "v": 3634924798, "safety": "safe", "district": "tangalle", "source": "ground_truth"}}, {"type": "Feature", "geometry": {"type": "LineString", "coordinates": [[80.855916, 6.083037], [80.856446, 6.082004], [80.857258, 6.07927], [80.857628, 6.078036], [80.858003, 6.076163], [80.8582, 6.07493]]}, "properties": {"id": 671, "u": 3634912896, "v": 3634912901, "safety": "safe", "district": "tangalle", "source": "ground_truth"}}, {"type": "Feature", "geometry": {"type": "LineString", "coordinates": [[80.85435, 6.074607], [80.85466, 6.074947], [80.854766, 6.075005], [80.854851, 6.074971], [80.855233, 6.074676], [80.855296, 6.07466], [80.855362, 6.074678], [80.855621, 6.074841], [80.85584, 6.074933], [80.85624, 6.07499], [80.856277, 6.074987], [80.85631, 6.074971], [80.856404, 6.074644], [80.856445, 6.074611], [80.856524, 6.07462], [80.857473, 6.074819], [80.8582, 6.07493]]}, "properties": {"id": 672, "u": 3634912896, "v": 3634924757, "safety": "safe", "district": "tangalle", "source": "ground_truth"}}, {"type": "Feature", "geometry": {"type": "LineString", "coordinates": [[80.855916, 6.083037], [80.85541, 6.082463]]}, "properties": {"id": 673, "u": 3634912901, "v": 3697176260, "safety": "safe", "district": "tangalle", "source": "ground_truth"}}, {"type": "Feature", "geometry": {"type": "LineString", "coordinates": [[80.862194, 6.085399], [80.862465, 6.084867], [80.862752, 6.084233]]}, "properties": {"id": 674, "u": 3634912902, "v": 3634912911, "safety": "safe", "district": "tangalle", "source": "ground_truth"}}, {"type": "Feature", "geometry": {"type": "LineString", "coordinates": [[80.866442, 6.087435], [80.86599, 6.087437], [80.865121, 6.086906], [80.864204, 6.086295], [80.862928, 6.085803], [80.862194, 6.085399]]}, "properties": {"id": 675, "u": 3634912911, "v": 3680818527, "safety": "safe", "district": "tangalle", "source": "ground_truth"}}, {"type": "Feature", "geometry": {"type": "LineString", "coordinates": [[80.861461, 6.087255], [80.861748, 6.086787], [80.862194, 6.085399]]}, "properties": {"id": 676, "u": 3634912911, "v": 3634912921, "safety": "safe", "district": "tangalle", "source": "ground_truth"}}, {"type": "Feature", "geometry": {"type": "LineString", "coordinates": [[80.869796, 6.086485], [80.87051, 6.087635]]}, "properties": {"id": 677, "u": 3634912917, "v": 3634912925, "safety": "safe", "district": "tangalle", "source": "ground_truth"}}, {"type": "Feature", "geometry": {"type": "LineString", "coordinates": [[80.866442, 6.087435], [80.86753, 6.087429], [80.868602, 6.087389], [80.868806, 6.087044], [80.869796, 6.086485]]}, "properties": {"id": 678, "u": 3634912917, "v": 3680818527, "safety": "safe", "district": "tangalle", "source": "ground_truth"}}, {"type": "Feature", "geometry": {"type": "LineString", "coordinates": [[80.861461, 6.087255], [80.861668, 6.087395]]}, "properties": {"id": 679, "u": 3634912921, "v": 3634932456, "safety": "safe", "district": "tangalle", "source": "ground_truth"}}, {"type": "Feature", "geometry": {"type": "LineString", "coordinates": [[80.87102, 6.088582], [80.870892, 6.088251], [80.87051, 6.087635]]}, "properties": {"id": 680, "u": 3634912925, "v": 3680682617, "safety": "safe", "district": "tangalle", "source": "ground_truth"}}, {"type": "Feature", "geometry": {"type": "LineString", "coordinates": [[80.866884, 6.088458], [80.866919, 6.088418], [80.867425, 6.088424], [80.869341, 6.088364], [80.87051, 6.087635]]}, "properties": {"id": 681, "u": 3634912925, "v": 3680818540, "safety": "safe", "district": "tangalle", "source": "ground_truth"}}, {"type": "Feature", "geometry": {"type": "LineString", "coordinates": [[80.840238, 6.066078], [80.84033, 6.065813], [80.840429, 6.065075], [80.840537, 6.064821], [80.840729, 6.06452], [80.843384, 6.064623], [80.843839, 6.064576]]}, "properties": {"id": 682, "u": 3634919736, "v": 3634919746, "safety": "safe", "district": "tangalle", "source": "ground_truth"}}, {"type": "Feature", "geometry": {"type": "LineString", "coordinates": [[80.836567, 6.066941], [80.836325, 6.066807], [80.836093, 6.06656], [80.835885, 6.066184], [80.8358, 6.066089], [80.835315, 6.065932], [80.834898, 6.066044], [80.8347, 6.066005]]}, "properties": {"id": 683, "u": 3634919744, "v": 3634919760, "safety": "safe", "district": "tangalle", "source": "ground_truth"}}, {"type": "Feature", "geometry": {"type": "LineString", "coordinates": [[80.838249, 6.064732], [80.839255, 6.065386], [80.840238, 6.066078]]}, "properties": {"id": 684, "u": 3634919746, "v": 4323161707, "safety": "safe", "district": "tangalle", "source": "ground_truth"}}, {"type": "Feature", "geometry": {"type": "LineString", "coordinates": [[80.839275, 6.068368], [80.839342, 6.068234], [80.839562, 6.068122], [80.840008, 6.068038], [80.839867, 6.06778], [80.839297, 6.067566], [80.839421, 6.067051], [80.839912, 6.067039], [80.840025, 6.066439], [80.840238, 6.066078]]}, "properties": {"id": 685, "u": 3634919746, "v": 3634919780, "safety": "safe", "district": "tangalle", "source": "ground_truth"}}, {"type": "Feature", "geometry": {"type": "LineString", "coordinates": [[80.83589, 6.068669], [80.835857, 6.068315], [80.836037, 6.067844], [80.83611, 6.06748], [80.836567, 6.066941]]}, "properties": {"id": 686, "u": 3634919760, "v": 3634919783, "safety": "safe", "district": "tangalle", "source": "ground_truth"}}, {"type": "Feature", "geometry": {"type": "LineString", "coordinates": [[80.84344, 6.067276], [80.842511, 6.068117]]}, "properties": {"id": 687, "u": 3634919764, "v": 3634919772, "safety": "safe", "district": "tangalle", "source": "ground_truth"}}, {"type": "Feature", "geometry": {"type": "LineString", "coordinates": [[80.842511, 6.068117], [80.842807, 6.068416]]}, "properties": {"id": 688, "u": 3634919772, "v": 3697223597, "safety": "safe", "district": "tangalle", "source": "ground_truth"}}, {"type": "Feature", "geometry": {"type": "LineString", "coordinates": [[80.830104, 6.073719], [80.830103, 6.073319], [80.830223, 6.071636], [80.830288, 6.071532], [80.83047, 6.071389], [80.830662, 6.071321], [80.830836, 6.07131], [80.831378, 6.071354], [80.831857, 6.071332], [80.832279, 6.071278], [80.832552, 6.071279], [80.832769, 6.07134], [80.833268, 6.071566], [80.833432, 6.071563], [80.833931, 6.071453], [80.834114, 6.071355], [80.834226, 6.07127], [80.835106, 6.069655], [80.835118, 6.069563]]}, "properties": {"id": 689, "u": 3634919787, "v": 3634924742, "safety": "safe", "district": "tangalle", "source": "ground_truth"}}, {"type": "Feature", "geometry": {"type": "LineString", "coordinates": [[80.832488, 6.071736], [80.832341, 6.071994], [80.832172, 6.072364], [80.832268, 6.072846], [80.832347, 6.073032], [80.832567, 6.073149], [80.832674, 6.073323], [80.83264, 6.073519], [80.832516, 6.073575], [80.830104, 6.073719]]}, "properties": {"id": 690, "u": 3634924742, "v": 3634924808, "safety": "safe", "district": "tangalle", "source": "ground_truth"}}, {"type": "Feature", "geometry": {"type": "LineString", "coordinates": [[80.849456, 6.075459], [80.848812, 6.074717], [80.848012, 6.073746]]}, "properties": {"id": 691, "u": 3634924744, "v": 3634924775, "safety": "safe", "district": "tangalle", "source": "ground_truth"}}, {"type": "Feature", "geometry": {"type": "LineString", "coordinates": [[80.85435, 6.074607], [80.854295, 6.074558], [80.85332, 6.074028], [80.853017, 6.073779], [80.852399, 6.073147], [80.852167, 6.073004], [80.851705, 6.072905], [80.851481, 6.072762], [80.851102, 6.072596], [80.850756, 6.072596], [80.850481, 6.072635], [80.849906, 6.072826], [80.849264, 6.07321], [80.848885, 6.073246], [80.84883, 6.07327], [80.848722, 6.073345], [80.84863, 6.073519], [80.848527, 6.073607], [80.848012, 6.073746]]}, "properties": {"id": 692, "u": 3634924744, "v": 3634924757, "safety": "safe", "district": "tangalle", "source": "ground_truth"}}, {"type": "Feature", "geometry": {"type": "LineString", "coordinates": [[80.855898, 6.07916], [80.854077, 6.078569], [80.854007, 6.078486], [80.853645, 6.077268], [80.853637, 6.077102], [80.853846, 6.076668], [80.853882, 6.076505], [80.85397, 6.075512], [80.854056, 6.075194], [80.854267, 6.074771], [80.85435, 6.074607]]}, "properties": {"id": 693, "u": 3634924757, "v": 3634925012, "safety": "safe", "district": "tangalle", "source": "ground_truth"}}, {"type": "Feature", "geometry": {"type": "LineString", "coordinates": [[80.849456, 6.075459], [80.850197, 6.076346]]}, "properties": {"id": 694, "u": 3634924775, "v": 3697176249, "safety": "safe", "district": "tangalle", "source": "ground_truth"}}, {"type": "Feature", "geometry": {"type": "LineString", "coordinates": [[80.849456, 6.075459], [80.848424, 6.075903]]}, "properties": {"id": 695, "u": 3634924775, "v": 3634924782, "safety": "safe", "district": "tangalle", "source": "ground_truth"}}, {"type": "Feature", "geometry": {"type": "LineString", "coordinates": [[80.844256, 6.071434], [80.845203, 6.072572], [80.847989, 6.075336], [80.848424, 6.075903]]}, "properties": {"id": 696, "u": 3634924782, "v": 3634924798, "safety": "safe", "district": "tangalle", "source": "ground_truth"}}, {"type": "Feature", "geometry": {"type": "LineString", "coordinates": [[80.8325, 6.076735], [80.8325, 6.077398]]}, "properties": {"id": 697, "u": 3634924787, "v": 3634924994, "safety": "safe", "district": "tangalle", "source": "ground_truth"}}, {"type": "Feature", "geometry": {"type": "LineString", "coordinates": [[80.855898, 6.07916], [80.855958, 6.079049], [80.855878, 6.078648], [80.855878, 6.078514], [80.856121, 6.078296], [80.856185, 6.078177], [80.856209, 6.078034], [80.856045, 6.077213]]}, "properties": {"id": 698, "u": 3634924792, "v": 3634925012, "safety": "safe", "district": "tangalle", "source": "ground_truth"}}, {"type": "Feature", "geometry": {"type": "LineString", "coordinates": [[80.839784, 6.072028], [80.840156, 6.072112], [80.841024, 6.071916], [80.842017, 6.071658], [80.842722, 6.071551], [80.843229, 6.071546], [80.844256, 6.071434]]}, "properties": {"id": 699, "u": 3634924798, "v": 3634924812, "safety": "safe", "district": "tangalle", "source": "ground_truth"}}, {"type": "Feature", "geometry": {"type": "LineString", "coordinates": [[80.839894, 6.071561], [80.839861, 6.071811], [80.839784, 6.072028]]}, "properties": {"id": 700, "u": 3634924812, "v": 3697242223, "safety": "safe", "district": "tangalle", "source": "ground_truth"}}, {"type": "Feature", "geometry": {"type": "LineString", "coordinates": [[80.840003, 6.075223], [80.839948, 6.074072], [80.839797, 6.07308], [80.839637, 6.072549], [80.839637, 6.072319], [80.839784, 6.072028]]}, "properties": {"id": 701, "u": 3634924812, "v": 3697223615, "safety": "safe", "district": "tangalle", "source": "ground_truth"}}, {"type": "Feature", "geometry": {"type": "LineString", "coordinates": [[80.835931, 6.086583], [80.837584, 6.086078], [80.8379, 6.086033], [80.83808, 6.085843], [80.838548, 6.084329]]}, "properties": {"id": 702, "u": 3634924835, "v": 3634924839, "safety": "safe", "district": "tangalle", "source": "ground_truth"}}, {"type": "Feature", "geometry": {"type": "LineString", "coordinates": [[80.8325, 6.077398], [80.832508, 6.07808]]}, "properties": {"id": 703, "u": 3634924994, "v": 3634924997, "safety": "safe", "district": "tangalle", "source": "ground_truth"}}, {"type": "Feature", "geometry": {"type": "LineString", "coordinates": [[80.834296, 6.078289], [80.833389, 6.078218], [80.832508, 6.07808]]}, "properties": {"id": 704, "u": 3634924997, "v": 3634925001, "safety": "safe", "district": "tangalle", "source": "ground_truth"}}, {"type": "Feature", "geometry": {"type": "LineString", "coordinates": [[80.854163, 6.081028], [80.855567, 6.079652], [80.855842, 6.079322], [80.855898, 6.07916]]}, "properties": {"id": 705, "u": 3634925012, "v": 3634925025, "safety": "safe", "district": "tangalle", "source": "ground_truth"}}, {"type": "Feature", "geometry": {"type": "LineString", "coordinates": [[80.854163, 6.081028], [80.854708, 6.081655]]}, "properties": {"id": 706, "u": 3634925025, "v": 3697176258, "safety": "safe", "district": "tangalle", "source": "ground_truth"}}, {"type": "Feature", "geometry": {"type": "LineString", "coordinates": [[80.854045, 6.088999], [80.854388, 6.08898], [80.85467, 6.089059], [80.85533, 6.089524], [80.856373, 6.089642], [80.856452, 6.089508], [80.856576, 6.088835], [80.857084, 6.088824], [80.857788, 6.088694], [80.857896, 6.088532], [80.857946, 6.088252], [80.858014, 6.088179], [80.85846, 6.08819], [80.859204, 6.088296], [80.859778, 6.088514]]}, "properties": {"id": 707, "u": 3634925489, "v": 3697176283, "safety": "safe", "district": "tangalle", "source": "ground_truth"}}, {"type": "Feature", "geometry": {"type": "LineString", "coordinates": [[80.858802, 6.091002], [80.85865, 6.090756], [80.858503, 6.090602], [80.858463, 6.090475], [80.85847, 6.090303], [80.858662, 6.089827], [80.859006, 6.089322], [80.85909, 6.089266], [80.859293, 6.08903], [80.859384, 6.088985], [80.859587, 6.088969], [80.85966, 6.088901], [80.859778, 6.088514]]}, "properties": {"id": 708, "u": 3634925489, "v": 3634927319, "safety": "safe", "district": "tangalle", "source": "ground_truth"}}, {"type": "Feature", "geometry": {"type": "LineString", "coordinates": [[80.854045, 6.088999], [80.853982, 6.089003], [80.8537, 6.089137], [80.853395, 6.089194], [80.853288, 6.089182], [80.852961, 6.08893], [80.852493, 6.088762], [80.851743, 6.088683], [80.850508, 6.088723], [80.850071, 6.088633]]}, "properties": {"id": 709, "u": 3634925491, "v": 3697176283, "safety": "safe", "district": "tangalle", "source": "ground_truth"}}, {"type": "Feature", "geometry": {"type": "LineString", "coordinates": [[80.852561, 6.091335], [80.853226, 6.091306], [80.853761, 6.09149], [80.854079, 6.091515], [80.854119, 6.091407], [80.854213, 6.09126], [80.854571, 6.091249], [80.854673, 6.090957], [80.854755, 6.090558], [80.85489, 6.090497], [80.855046, 6.090469], [80.855499, 6.090426], [80.856552, 6.09037], [80.856861, 6.090471], [80.857791, 6.090929], [80.858006, 6.09097], [80.858226, 6.090939], [80.858405, 6.090944], [80.858802, 6.091002]]}, "properties": {"id": 710, "u": 3634927319, "v": 3846981445, "safety": "safe", "district": "tangalle", "source": "ground_truth"}}, {"type": "Feature", "geometry": {"type": "LineString", "coordinates": [[80.867212, 6.094694], [80.86658, 6.094387], [80.865491, 6.093958], [80.864594, 6.09355]]}, "properties": {"id": 711, "u": 3634927334, "v": 3634933400, "safety": "safe", "district": "tangalle", "source": "ground_truth"}}, {"type": "Feature", "geometry": {"type": "LineString", "coordinates": [[80.861668, 6.087395], [80.865472, 6.089988]]}, "properties": {"id": 712, "u": 3634932456, "v": 3667034068, "safety": "safe", "district": "tangalle", "source": "ground_truth"}}, {"type": "Feature", "geometry": {"type": "LineString", "coordinates": [[80.867274, 6.096408], [80.867511, 6.095722], [80.867494, 6.095674], [80.867415, 6.095618], [80.867181, 6.095548], [80.867119, 6.095424], [80.867105, 6.095225], [80.867136, 6.094875], [80.867176, 6.094732], [80.867212, 6.094694]]}, "properties": {"id": 713, "u": 3634933400, "v": 3634933432, "safety": "safe", "district": "tangalle", "source": "ground_truth"}}, {"type": "Feature", "geometry": {"type": "LineString", "coordinates": [[80.87206, 6.096182], [80.87184, 6.096215], [80.871509, 6.096318], [80.870922, 6.096262], [80.870544, 6.09625], [80.869991, 6.09606], [80.868741, 6.095564], [80.867987, 6.0951], [80.867212, 6.094694]]}, "properties": {"id": 714, "u": 3634933400, "v": 3634933424, "safety": "safe", "district": "tangalle", "source": "ground_truth"}}, {"type": "Feature", "geometry": {"type": "LineString", "coordinates": [[80.861625, 6.057296], [80.861144, 6.057222], [80.860491, 6.057226], [80.860343, 6.057199]]}, "properties": {"id": 715, "u": 3634939794, "v": 12928006840, "safety": "safe", "district": "tangalle", "source": "ground_truth"}}, {"type": "Feature", "geometry": {"type": "LineString", "coordinates": [[80.860439, 6.061639], [80.860174, 6.059051], [80.860275, 6.057525], [80.860343, 6.057199]]}, "properties": {"id": 716, "u": 3634939794, "v": 3634939817, "safety": "safe", "district": "tangalle", "source": "ground_truth"}}, {"type": "Feature", "geometry": {"type": "LineString", "coordinates": [[80.869824, 6.060509], [80.870232, 6.060489]]}, "properties": {"id": 717, "u": 3634939803, "v": 3680817702, "safety": "unsafe", "district": "tangalle", "source": "ground_truth"}}, {"type": "Feature", "geometry": {"type": "LineString", "coordinates": [[80.86848, 6.059698], [80.869261, 6.060144], [80.869719, 6.060424], [80.869824, 6.060509]]}, "properties": {"id": 718, "u": 3634939803, "v": 3680817701, "safety": "unsafe", "district": "tangalle", "source": "ground_truth"}}, {"type": "Feature", "geometry": {"type": "LineString", "coordinates": [[80.86276, 6.06106], [80.862124, 6.061219]]}, "properties": {"id": 719, "u": 3634939809, "v": 12928006844, "safety": "safe", "district": "tangalle", "source": "ground_truth"}}, {"type": "Feature", "geometry": {"type": "LineString", "coordinates": [[80.864615, 6.05726], [80.864836, 6.058845], [80.864911, 6.058968], [80.864994, 6.059071], [80.865225, 6.059379], [80.86532, 6.060093], [80.864898, 6.060362], [80.86276, 6.06106]]}, "properties": {"id": 720, "u": 3634939809, "v": 12928006828, "safety": "safe", "district": "tangalle", "source": "ground_truth"}}, {"type": "Feature", "geometry": {"type": "LineString", "coordinates": [[80.862965, 6.062794], [80.862966, 6.062374], [80.86291, 6.061795], [80.86276, 6.06106]]}, "properties": {"id": 721, "u": 3634939809, "v": 3634939831, "safety": "safe", "district": "tangalle", "source": "ground_truth"}}, {"type": "Feature", "geometry": {"type": "LineString", "coordinates": [[80.870232, 6.060489], [80.87174, 6.060521], [80.872232, 6.060532], [80.872365, 6.060535], [80.873765, 6.061181], [80.874263, 6.061355], [80.874825, 6.061375]]}, "properties": {"id": 722, "u": 3634939813, "v": 3680817702, "safety": "unsafe", "district": "tangalle", "source": "ground_truth"}}, {"type": "Feature", "geometry": {"type": "LineString", "coordinates": [[80.877295, 6.062195], [80.876932, 6.062124], [80.876468, 6.061903], [80.875974, 6.061704], [80.874825, 6.061375]]}, "properties": {"id": 723, "u": 3634939813, "v": 3634939821, "safety": "unsafe", "district": "tangalle", "source": "ground_truth"}}, {"type": "Feature", "geometry": {"type": "LineString", "coordinates": [[80.874539, 6.062918], [80.874503, 6.062636], [80.874507, 6.062206], [80.874535, 6.062076], [80.874825, 6.061375]]}, "properties": {"id": 724, "u": 3634939813, "v": 7097769426, "safety": "unsafe", "district": "tangalle", "source": "ground_truth"}}, {"type": "Feature", "geometry": {"type": "LineString", "coordinates": [[80.860439, 6.061639], [80.859386, 6.062621]]}, "properties": {"id": 725, "u": 3634939817, "v": 12928006849, "safety": "safe", "district": "tangalle", "source": "ground_truth"}}, {"type": "Feature", "geometry": {"type": "LineString", "coordinates": [[80.860439, 6.061639], [80.862124, 6.061219]]}, "properties": {"id": 726, "u": 3634939817, "v": 12928006844, "safety": "safe", "district": "tangalle", "source": "ground_truth"}}, {"type": "Feature", "geometry": {"type": "LineString", "coordinates": [[80.874539, 6.062918], [80.876002, 6.062652], [80.876929, 6.06262], [80.877044, 6.062574], [80.877295, 6.062195]]}, "properties": {"id": 727, "u": 3634939821, "v": 7097769426, "safety": "unsafe", "district": "tangalle", "source": "ground_truth"}}, {"type": "Feature", "geometry": {"type": "LineString", "coordinates": [[80.889181, 6.064099], [80.888997, 6.064115], [80.888435, 6.063945], [80.888188, 6.064024], [80.887869, 6.064302], [80.887131, 6.064524], [80.886968, 6.064508], [80.886485, 6.063992], [80.886158, 6.06383], [80.885744, 6.063774], [80.884491, 6.06375], [80.88371, 6.063675], [80.88308, 6.063639], [80.882374, 6.063429], [80.881844, 6.06314], [80.881457, 6.063009], [80.880922, 6.062945], [80.88032, 6.06283], [80.878949, 6.062676], [80.878346, 6.062577], [80.87794, 6.062374], [80.877525, 6.062279], [80.877295, 6.062195]]}, "properties": {"id": 728, "u": 3634939821, "v": 3634939855, "safety": "unsafe", "district": "tangalle", "source": "ground_truth"}}, {"type": "Feature", "geometry": {"type": "LineString", "coordinates": [[80.862965, 6.062794], [80.860412, 6.063612]]}, "properties": {"id": 729, "u": 3634939831, "v": 11607180985, "safety": "safe", "district": "tangalle", "source": "ground_truth"}}, {"type": "Feature", "geometry": {"type": "LineString", "coordinates": [[80.862965, 6.062794], [80.862913, 6.063302]]}, "properties": {"id": 730, "u": 3634939831, "v": 11607171848, "safety": "safe", "district": "tangalle", "source": "ground_truth"}}, {"type": "Feature", "geometry": {"type": "LineString", "coordinates": [[80.859155, 6.062837], [80.859386, 6.062621]]}, "properties": {"id": 731, "u": 3634939833, "v": 12928006849, "safety": "safe", "district": "tangalle", "source": "ground_truth"}}, {"type": "Feature", "geometry": {"type": "LineString", "coordinates": [[80.860208, 6.063677], [80.860412, 6.063612]]}, "properties": {"id": 732, "u": 3634939847, "v": 11607180985, "safety": "safe", "district": "tangalle", "source": "ground_truth"}}, {"type": "Feature", "geometry": {"type": "LineString", "coordinates": [[80.862553, 6.064692], [80.862593, 6.06429]]}, "properties": {"id": 733, "u": 3634939861, "v": 11607161857, "safety": "safe", "district": "tangalle", "source": "ground_truth"}}, {"type": "Feature", "geometry": {"type": "LineString", "coordinates": [[80.872038, 6.065671], [80.87002, 6.065462]]}, "properties": {"id": 734, "u": 3634939862, "v": 3680817706, "safety": "safe", "district": "tangalle", "source": "ground_truth"}}, {"type": "Feature", "geometry": {"type": "LineString", "coordinates": [[80.872038, 6.065671], [80.872318, 6.064546]]}, "properties": {"id": 735, "u": 3634939862, "v": 3680817704, "safety": "unsafe", "district": "tangalle", "source": "ground_truth"}}, {"type": "Feature", "geometry": {"type": "LineString", "coordinates": [[80.87336, 6.065957], [80.872835, 6.065901], [80.872038, 6.065671]]}, "properties": {"id": 736, "u": 3634939862, "v": 7097769435, "safety": "safe", "district": "tangalle", "source": "ground_truth"}}, {"type": "Feature", "geometry": {"type": "LineString", "coordinates": [[80.874534, 6.066083], [80.87446, 6.066496]]}, "properties": {"id": 737, "u": 3634939864, "v": 3634939867, "safety": "safe", "district": "tangalle", "source": "ground_truth"}}, {"type": "Feature", "geometry": {"type": "LineString", "coordinates": [[80.874534, 6.066083], [80.874603, 6.065574]]}, "properties": {"id": 738, "u": 3634939864, "v": 7097769433, "safety": "safe", "district": "tangalle", "source": "ground_truth"}}, {"type": "Feature", "geometry": {"type": "LineString", "coordinates": [[80.874534, 6.066083], [80.87336, 6.065957]]}, "properties": {"id": 739, "u": 3634939864, "v": 7097769435, "safety": "safe", "district": "tangalle", "source": "ground_truth"}}, {"type": "Feature", "geometry": {"type": "LineString", "coordinates": [[80.875595, 6.066559], [80.875762, 6.066139], [80.874534, 6.066083]]}, "properties": {"id": 740, "u": 3634939864, "v": 3634939868, "safety": "safe", "district": "tangalle", "source": "ground_truth"}}, {"type": "Feature", "geometry": {"type": "LineString", "coordinates": [[80.873585, 6.066448], [80.87446, 6.066496]]}, "properties": {"id": 741, "u": 3634939866, "v": 3634939867, "safety": "safe", "district": "tangalle", "source": "ground_truth"}}, {"type": "Feature", "geometry": {"type": "LineString", "coordinates": [[80.87446, 6.066496], [80.875595, 6.066559]]}, "properties": {"id": 742, "u": 3634939867, "v": 3634939868, "safety": "safe", "district": "tangalle", "source": "ground_truth"}}, {"type": "Feature", "geometry": {"type": "LineString", "coordinates": [[80.878155, 6.068034], [80.877365, 6.066979], [80.876249, 6.066734], [80.875595, 6.066559]]}, "properties": {"id": 743, "u": 3634939868, "v": 3634939873, "safety": "safe", "district": "tangalle", "source": "ground_truth"}}, {"type": "Feature", "geometry": {"type": "LineString", "coordinates": [[80.874279, 6.066979], [80.875363, 6.066972], [80.875595, 6.066559]]}, "properties": {"id": 744, "u": 3634939868, "v": 3634939871, "safety": "safe", "district": "tangalle", "source": "ground_truth"}}, {"type": "Feature", "geometry": {"type": "LineString", "coordinates": [[80.873978, 6.07306], [80.873971, 6.072093], [80.874047, 6.071577]]}, "properties": {"id": 745, "u": 3634939878, "v": 3634939889, "safety": "safe", "district": "tangalle", "source": "ground_truth"}}, {"type": "Feature", "geometry": {"type": "LineString", "coordinates": [[80.873451, 6.072992], [80.872013, 6.072804], [80.871299, 6.072711]]}, "properties": {"id": 746, "u": 3634939882, "v": 3634939887, "safety": "safe", "district": "tangalle", "source": "ground_truth"}}, {"type": "Feature", "geometry": {"type": "LineString", "coordinates": [[80.871631, 6.068792], [80.871506, 6.068937], [80.871435, 6.069186], [80.871427, 6.069575], [80.871212, 6.07036], [80.871076, 6.07189], [80.871208, 6.072239], [80.871299, 6.072711]]}, "properties": {"id": 747, "u": 3634939882, "v": 3680617282, "safety": "safe", "district": "tangalle", "source": "ground_truth"}}, {"type": "Feature", "geometry": {"type": "LineString", "coordinates": [[80.873451, 6.072992], [80.873978, 6.07306]]}, "properties": {"id": 748, "u": 3634939887, "v": 3634939889, "safety": "safe", "district": "tangalle", "source": "ground_truth"}}, {"type": "Feature", "geometry": {"type": "LineString", "coordinates": [[80.873684, 6.074817], [80.873656, 6.073722], [80.873451, 6.072992]]}, "properties": {"id": 749, "u": 3634939887, "v": 3634940403, "safety": "unsafe", "district": "tangalle", "source": "ground_truth"}}, {"type": "Feature", "geometry": {"type": "LineString", "coordinates": [[80.87886, 6.07638], [80.878714, 6.076287], [80.878676, 6.076123], [80.878627, 6.075649], [80.87862, 6.075399], [80.878499, 6.075249], [80.877703, 6.074789], [80.877137, 6.074598], [80.876754, 6.074115], [80.876467, 6.073488], [80.876307, 6.073401], [80.875749, 6.073266], [80.873978, 6.07306]]}, "properties": {"id": 750, "u": 3634939889, "v": 3680708535, "safety": "unsafe", "district": "tangalle", "source": "ground_truth"}}, {"type": "Feature", "geometry": {"type": "LineString", "coordinates": [[80.869733, 6.077002], [80.870314, 6.075959], [80.870858, 6.076093], [80.870982, 6.075676], [80.870836, 6.075168], [80.870709, 6.074506]]}, "properties": {"id": 751, "u": 3634940400, "v": 3634940424, "safety": "unsafe", "district": "tangalle", "source": "ground_truth"}}, {"type": "Feature", "geometry": {"type": "LineString", "coordinates": [[80.866877, 6.078067], [80.866966, 6.077438], [80.86708, 6.076843], [80.866986, 6.075864]]}, "properties": {"id": 752, "u": 3634940411, "v": 3680801177, "safety": "safe", "district": "tangalle", "source": "ground_truth"}}, {"type": "Feature", "geometry": {"type": "LineString", "coordinates": [[80.869733, 6.077002], [80.869277, 6.076853], [80.868919, 6.076449], [80.868812, 6.076246], [80.868831, 6.075799], [80.867968, 6.075586], [80.866986, 6.075864]]}, "properties": {"id": 753, "u": 3634940411, "v": 3634940424, "safety": "safe", "district": "tangalle", "source": "ground_truth"}}, {"type": "Feature", "geometry": {"type": "LineString", "coordinates": [[80.868146, 6.07846], [80.869062, 6.078266], [80.869082, 6.077933], [80.869443, 6.07772], [80.869573, 6.077644], [80.869733, 6.077002]]}, "properties": {"id": 754, "u": 3634940424, "v": 3634940429, "safety": "safe", "district": "tangalle", "source": "ground_truth"}}, {"type": "Feature", "geometry": {"type": "LineString", "coordinates": [[80.868146, 6.07846], [80.868214, 6.078998]]}, "properties": {"id": 755, "u": 3634940429, "v": 3634940430, "safety": "safe", "district": "tangalle", "source": "ground_truth"}}, {"type": "Feature", "geometry": {"type": "LineString", "coordinates": [[80.868173, 6.077037], [80.868127, 6.077252], [80.868174, 6.07735], [80.86818, 6.077673], [80.868, 6.07771], [80.868071, 6.077861], [80.868103, 6.077992], [80.868054, 6.078085], [80.868067, 6.078284], [80.868146, 6.07846]]}, "properties": {"id": 756, "u": 3634940429, "v": 3680817714, "safety": "safe", "district": "tangalle", "source": "ground_truth"}}, {"type": "Feature", "geometry": {"type": "LineString", "coordinates": [[80.873395, 6.080952], [80.873346, 6.080934], [80.873283, 6.081006], [80.873224, 6.081028], [80.873049, 6.081012], [80.872954, 6.080976], [80.872843, 6.080851], [80.872856, 6.08071], [80.872812, 6.080678], [80.872054, 6.080487], [80.871437, 6.080498], [80.871132, 6.080378], [80.870943, 6.080249], [80.87083, 6.080016], [80.870687, 6.079825], [80.87008, 6.079449], [80.869499, 6.079155], [80.869296, 6.07913], [80.868214, 6.078998]]}, "properties": {"id": 757, "u": 3634940430, "v": 3680675688, "safety": "safe", "district": "tangalle", "source": "ground_truth"}}, {"type": "Feature", "geometry": {"type": "LineString", "coordinates": [[80.873915, 6.094026], [80.874304, 6.093456], [80.874337, 6.093335], [80.874323, 6.093192]]}, "properties": {"id": 758, "u": 3634940447, "v": 3634940450, "safety": "safe", "district": "tangalle", "source": "ground_truth"}}, {"type": "Feature", "geometry": {"type": "LineString", "coordinates": [[80.874913, 6.093832], [80.874505, 6.094377]]}, "properties": {"id": 759, "u": 3634940449, "v": 3634940451, "safety": "safe", "district": "tangalle", "source": "ground_truth"}}, {"type": "Feature", "geometry": {"type": "LineString", "coordinates": [[80.873915, 6.094026], [80.874505, 6.094377]]}, "properties": {"id": 760, "u": 3634940450, "v": 3634940451, "safety": "safe", "district": "tangalle", "source": "ground_truth"}}, {"type": "Feature", "geometry": {"type": "LineString", "coordinates": [[80.873915, 6.094026], [80.873116, 6.095228]]}, "properties": {"id": 761, "u": 3634940450, "v": 3634940453, "safety": "safe", "district": "tangalle", "source": "ground_truth"}}, {"type": "Feature", "geometry": {"type": "LineString", "coordinates": [[80.874505, 6.094377], [80.873633, 6.095577]]}, "properties": {"id": 762, "u": 3634940451, "v": 3634940454, "safety": "safe", "district": "tangalle", "source": "ground_truth"}}, {"type": "Feature", "geometry": {"type": "LineString", "coordinates": [[80.874162, 6.095924], [80.87502, 6.094712], [80.874505, 6.094377]]}, "properties": {"id": 763, "u": 3634940451, "v": 3634940455, "safety": "safe", "district": "tangalle", "source": "ground_truth"}}, {"type": "Feature", "geometry": {"type": "LineString", "coordinates": [[80.873633, 6.095577], [80.874162, 6.095924]]}, "properties": {"id": 764, "u": 3634940454, "v": 3634940455, "safety": "safe", "district": "tangalle", "source": "ground_truth"}}, {"type": "Feature", "geometry": {"type": "LineString", "coordinates": [[80.842823, 6.054952], [80.842837, 6.054188], [80.842778, 6.05349]]}, "properties": {"id": 765, "u": 3635197549, "v": 3635239104, "safety": "safe", "district": "tangalle", "source": "ground_truth"}}, {"type": "Feature", "geometry": {"type": "LineString", "coordinates": [[80.839376, 6.054193], [80.839487, 6.054048], [80.839966, 6.053868], [80.84089, 6.053705], [80.841913, 6.053496], [80.842778, 6.05349]]}, "properties": {"id": 766, "u": 3635197549, "v": 3635197560, "safety": "unsafe", "district": "tangalle", "source": "ground_truth"}}, {"type": "Feature", "geometry": {"type": "LineString", "coordinates": [[80.84247, 6.056401], [80.84535, 6.056385], [80.845356, 6.055507], [80.845408, 6.055059], [80.84559, 6.054385], [80.845999, 6.053583], [80.844543, 6.053647], [80.842778, 6.05349]]}, "properties": {"id": 767, "u": 3635197549, "v": 3635197573, "safety": "safe", "district": "tangalle", "source": "ground_truth"}}, {"type": "Feature", "geometry": {"type": "LineString", "coordinates": [[80.842771, 6.055646], [80.842759, 6.055812], [80.842659, 6.05619], [80.84247, 6.056401]]}, "properties": {"id": 768, "u": 3635197573, "v": 3635239109, "safety": "safe", "district": "tangalle", "source": "ground_truth"}}, {"type": "Feature", "geometry": {"type": "LineString", "coordinates": [[80.842077, 6.056996], [80.842295, 6.056569], [80.84247, 6.056401]]}, "properties": {"id": 769, "u": 3635197573, "v": 3635197584, "safety": "safe", "district": "tangalle", "source": "ground_truth"}}, {"type": "Feature", "geometry": {"type": "LineString", "coordinates": [[80.841806, 6.058591], [80.84185, 6.057691], [80.842077, 6.056996]]}, "properties": {"id": 770, "u": 3635197584, "v": 3635239138, "safety": "safe", "district": "tangalle", "source": "ground_truth"}}, {"type": "Feature", "geometry": {"type": "LineString", "coordinates": [[80.836646, 6.058495], [80.836541, 6.058219], [80.836497, 6.057998], [80.836617, 6.057855], [80.837465, 6.057291], [80.837453, 6.057039], [80.837757, 6.056521], [80.83809, 6.056306], [80.838467, 6.056277], [80.839665, 6.056457], [80.839817, 6.056673], [80.839969, 6.056748], [80.840472, 6.056789], [80.840898, 6.056754], [80.841278, 6.05676], [80.842077, 6.056996]]}, "properties": {"id": 771, "u": 3635197584, "v": 3635199097, "safety": "safe", "district": "tangalle", "source": "ground_truth"}}, {"type": "Feature", "geometry": {"type": "LineString", "coordinates": [[80.847034, 6.057546], [80.847068, 6.059381]]}, "properties": {"id": 772, "u": 3635197588, "v": 3635199103, "safety": "safe", "district": "tangalle", "source": "ground_truth"}}, {"type": "Feature", "geometry": {"type": "LineString", "coordinates": [[80.851064, 6.058212], [80.851087, 6.057524]]}, "properties": {"id": 773, "u": 3635197592, "v": 12927871373, "safety": "safe", "district": "tangalle", "source": "ground_truth"}}, {"type": "Feature", "geometry": {"type": "LineString", "coordinates": [[80.836646, 6.058495], [80.837274, 6.05819], [80.837824, 6.058242]]}, "properties": {"id": 774, "u": 3635199094, "v": 3635199097, "safety": "safe", "district": "tangalle", "source": "ground_truth"}}, {"type": "Feature", "geometry": {"type": "LineString", "coordinates": [[80.837561, 6.059727], [80.837397, 6.059582], [80.837137, 6.059489], [80.836953, 6.059396], [80.836836, 6.059108], [80.836646, 6.058495]]}, "properties": {"id": 775, "u": 3635199097, "v": 3635199112, "safety": "safe", "district": "tangalle", "source": "ground_truth"}}, {"type": "Feature", "geometry": {"type": "LineString", "coordinates": [[80.848595, 6.059545], [80.848244, 6.059981]]}, "properties": {"id": 776, "u": 3635199107, "v": 3635199114, "safety": "safe", "district": "tangalle", "source": "ground_truth"}}, {"type": "Feature", "geometry": {"type": "LineString", "coordinates": [[80.838198, 6.061541], [80.838084, 6.060814], [80.837561, 6.059727]]}, "properties": {"id": 777, "u": 3635199112, "v": 3635199126, "safety": "safe", "district": "tangalle", "source": "ground_truth"}}, {"type": "Feature", "geometry": {"type": "LineString", "coordinates": [[80.841806, 6.058591], [80.841392, 6.058559], [80.84095, 6.058464], [80.840171, 6.058451], [80.83992, 6.058501], [80.83992, 6.058967], [80.839263, 6.059049], [80.839382, 6.059602], [80.839221, 6.059625], [80.839139, 6.059672], [80.838964, 6.059689], [80.838402, 6.059515], [80.837561, 6.059727]]}, "properties": {"id": 778, "u": 3635199112, "v": 3635239138, "safety": "safe", "district": "tangalle", "source": "ground_truth"}}, {"type": "Feature", "geometry": {"type": "LineString", "coordinates": [[80.846199, 6.060163], [80.846583, 6.062128]]}, "properties": {"id": 779, "u": 3635199115, "v": 3635199130, "safety": "safe", "district": "tangalle", "source": "ground_truth"}}, {"type": "Feature", "geometry": {"type": "LineString", "coordinates": [[80.845551, 6.060385], [80.845825, 6.060318], [80.846199, 6.060163]]}, "properties": {"id": 780, "u": 3635199115, "v": 3635199117, "safety": "safe", "district": "tangalle", "source": "ground_truth"}}, {"type": "Feature", "geometry": {"type": "LineString", "coordinates": [[80.845551, 6.060385], [80.845914, 6.062193]]}, "properties": {"id": 781, "u": 3635199117, "v": 3635199131, "safety": "safe", "district": "tangalle", "source": "ground_truth"}}, {"type": "Feature", "geometry": {"type": "LineString", "coordinates": [[80.839095, 6.06141], [80.838198, 6.061541]]}, "properties": {"id": 782, "u": 3635199124, "v": 3635199126, "safety": "safe", "district": "tangalle", "source": "ground_truth"}}, {"type": "Feature", "geometry": {"type": "LineString", "coordinates": [[80.827776, 6.052871], [80.828577, 6.053202]]}, "properties": {"id": 783, "u": 3635239094, "v": 3635239095, "safety": "safe", "district": "tangalle", "source": "ground_truth"}}, {"type": "Feature", "geometry": {"type": "LineString", "coordinates": [[80.827776, 6.052871], [80.827574, 6.053211]]}, "properties": {"id": 784, "u": 3635239094, "v": 3698271596, "safety": "safe", "district": "tangalle", "source": "ground_truth"}}, {"type": "Feature", "geometry": {"type": "LineString", "coordinates": [[80.827031, 6.052988], [80.827241, 6.052639], [80.827776, 6.052871]]}, "properties": {"id": 785, "u": 3635239094, "v": 3698271594, "safety": "unsafe", "district": "tangalle", "source": "ground_truth"}}, {"type": "Feature", "geometry": {"type": "LineString", "coordinates": [[80.828577, 6.053202], [80.828369, 6.053541]]}, "properties": {"id": 786, "u": 3635239095, "v": 3698271600, "safety": "safe", "district": "tangalle", "source": "ground_truth"}}, {"type": "Feature", "geometry": {"type": "LineString", "coordinates": [[80.826602, 6.053703], [80.826409, 6.054022]]}, "properties": {"id": 787, "u": 3635239096, "v": 3698271604, "safety": "safe", "district": "tangalle", "source": "ground_truth"}}, {"type": "Feature", "geometry": {"type": "LineString", "coordinates": [[80.826602, 6.053703], [80.826786, 6.053397]]}, "properties": {"id": 788, "u": 3635239096, "v": 3698271598, "safety": "safe", "district": "tangalle", "source": "ground_truth"}}, {"type": "Feature", "geometry": {"type": "LineString", "coordinates": [[80.826602, 6.053703], [80.827107, 6.054]]}, "properties": {"id": 789, "u": 3635239096, "v": 3635239097, "safety": "safe", "district": "tangalle", "source": "ground_truth"}}, {"type": "Feature", "geometry": {"type": "LineString", "coordinates": [[80.827107, 6.054], [80.827294, 6.053684]]}, "properties": {"id": 790, "u": 3635239097, "v": 3698271602, "safety": "safe", "district": "tangalle", "source": "ground_truth"}}, {"type": "Feature", "geometry": {"type": "LineString", "coordinates": [[80.827107, 6.054], [80.826928, 6.054306]]}, "properties": {"id": 791, "u": 3635239097, "v": 3698271607, "safety": "safe", "district": "tangalle", "source": "ground_truth"}}, {"type": "Feature", "geometry": {"type": "LineString", "coordinates": [[80.827107, 6.054], [80.827816, 6.054443]]}, "properties": {"id": 792, "u": 3635239097, "v": 3635239098, "safety": "safe", "district": "tangalle", "source": "ground_truth"}}, {"type": "Feature", "geometry": {"type": "LineString", "coordinates": [[80.827816, 6.054443], [80.827561, 6.054843]]}, "properties": {"id": 793, "u": 3635239098, "v": 3635239100, "safety": "safe", "district": "tangalle", "source": "ground_truth"}}, {"type": "Feature", "geometry": {"type": "LineString", "coordinates": [[80.827816, 6.054443], [80.828015, 6.054119]]}, "properties": {"id": 794, "u": 3635239098, "v": 3698271605, "safety": "safe", "district": "tangalle", "source": "ground_truth"}}, {"type": "Feature", "geometry": {"type": "LineString", "coordinates": [[80.826076, 6.054572], [80.826267, 6.054257]]}, "properties": {"id": 795, "u": 3635239099, "v": 3698271606, "safety": "safe", "district": "tangalle", "source": "ground_truth"}}, {"type": "Feature", "geometry": {"type": "LineString", "coordinates": [[80.826076, 6.054572], [80.826608, 6.054855]]}, "properties": {"id": 796, "u": 3635239099, "v": 3635239101, "safety": "safe", "district": "tangalle", "source": "ground_truth"}}, {"type": "Feature", "geometry": {"type": "LineString", "coordinates": [[80.826608, 6.054855], [80.827289, 6.055269], [80.827561, 6.054843]]}, "properties": {"id": 797, "u": 3635239100, "v": 3635239101, "safety": "safe", "district": "tangalle", "source": "ground_truth"}}, {"type": "Feature", "geometry": {"type": "LineString", "coordinates": [[80.826608, 6.054855], [80.826782, 6.054556]]}, "properties": {"id": 798, "u": 3635239101, "v": 3698271608, "safety": "safe", "district": "tangalle", "source": "ground_truth"}}, {"type": "Feature", "geometry": {"type": "LineString", "coordinates": [[80.842823, 6.054952], [80.843856, 6.054893], [80.844431, 6.054911]]}, "properties": {"id": 799, "u": 3635239103, "v": 3635239104, "safety": "safe", "district": "tangalle", "source": "ground_truth"}}, {"type": "Feature", "geometry": {"type": "LineString", "coordinates": [[80.84408, 6.055641], [80.842771, 6.055646]]}, "properties": {"id": 800, "u": 3635239108, "v": 3635239109, "safety": "safe", "district": "tangalle", "source": "ground_truth"}}, {"type": "Feature", "geometry": {"type": "LineString", "coordinates": [[80.823586, 6.056879], [80.823543, 6.056725], [80.822747, 6.056691], [80.822419, 6.056637]]}, "properties": {"id": 801, "u": 3635239114, "v": 3635239119, "safety": "safe", "district": "tangalle", "source": "ground_truth"}}, {"type": "Feature", "geometry": {"type": "LineString", "coordinates": [[80.823152, 6.059392], [80.822886, 6.059509], [80.822369, 6.059683], [80.822106, 6.059733], [80.822005, 6.059729], [80.821934, 6.059671], [80.821864, 6.059392], [80.821845, 6.059208], [80.821792, 6.059117], [80.821671, 6.059059], [80.820996, 6.059042], [80.821093, 6.058776], [80.8214, 6.058409], [80.822304, 6.057758], [80.822377, 6.057189], [80.822419, 6.056637]]}, "properties": {"id": 802, "u": 3635239114, "v": 3635239154, "safety": "safe", "district": "tangalle", "source": "ground_truth"}}, {"type": "Feature", "geometry": {"type": "LineString", "coordinates": [[80.819919, 6.057576], [80.820228, 6.05713], [80.820338, 6.057049], [80.821658, 6.056596], [80.82182, 6.056559], [80.822166, 6.056571], [80.822419, 6.056637]]}, "properties": {"id": 803, "u": 3635239114, "v": 3698285575, "safety": "unsafe", "district": "tangalle", "source": "ground_truth"}}, {"type": "Feature", "geometry": {"type": "LineString", "coordinates": [[80.823152, 6.059392], [80.823483, 6.05848], [80.823693, 6.05726], [80.823586, 6.056879]]}, "properties": {"id": 804, "u": 3635239119, "v": 3635239154, "safety": "safe", "district": "tangalle", "source": "ground_truth"}}, {"type": "Feature", "geometry": {"type": "LineString", "coordinates": [[80.830426, 6.057282], [80.830297, 6.058013]]}, "properties": {"id": 805, "u": 3635239121, "v": 3635239128, "safety": "safe", "district": "tangalle", "source": "ground_truth"}}, {"type": "Feature", "geometry": {"type": "LineString", "coordinates": [[80.830297, 6.058013], [80.830506, 6.057985], [80.830697, 6.057978], [80.830793, 6.057939], [80.831181, 6.057987]]}, "properties": {"id": 806, "u": 3635239127, "v": 3635239128, "safety": "safe", "district": "tangalle", "source": "ground_truth"}}, {"type": "Feature", "geometry": {"type": "LineString", "coordinates": [[80.830297, 6.058013], [80.8302, 6.05841]]}, "properties": {"id": 807, "u": 3635239128, "v": 3635239132, "safety": "safe", "district": "tangalle", "source": "ground_truth"}}, {"type": "Feature", "geometry": {"type": "LineString", "coordinates": [[80.8302, 6.05841], [80.830374, 6.058377], [80.830595, 6.05839]]}, "properties": {"id": 808, "u": 3635239130, "v": 3635239132, "safety": "safe", "district": "tangalle", "source": "ground_truth"}}, {"type": "Feature", "geometry": {"type": "LineString", "coordinates": [[80.829852, 6.059176], [80.830029, 6.058936], [80.830136, 6.058708], [80.8302, 6.05841]]}, "properties": {"id": 809, "u": 3635239132, "v": 3635239150, "safety": "safe", "district": "tangalle", "source": "ground_truth"}}, {"type": "Feature", "geometry": {"type": "LineString", "coordinates": [[80.791129, 6.020685], [80.79151, 6.020672]]}, "properties": {"id": 810, "u": 3635370862, "v": 3960797002, "safety": "safe", "district": "tangalle", "source": "ground_truth"}}, {"type": "Feature", "geometry": {"type": "LineString", "coordinates": [[80.791129, 6.020685], [80.791006, 6.021749]]}, "properties": {"id": 811, "u": 3635370862, "v": 3635370863, "safety": "safe", "district": "tangalle", "source": "ground_truth"}}, {"type": "Feature", "geometry": {"type": "LineString", "coordinates": [[80.797607, 6.025359], [80.797454, 6.02535], [80.797104, 6.025331], [80.796774, 6.025372], [80.796594, 6.025347], [80.796084, 6.025168], [80.795715, 6.024917], [80.795522, 6.024829], [80.795408, 6.024746]]}, "properties": {"id": 812, "u": 3635370864, "v": 12048751731, "safety": "safe", "district": "tangalle", "source": "ground_truth"}}, {"type": "Feature", "geometry": {"type": "LineString", "coordinates": [[80.796595, 6.024001], [80.796383, 6.02403], [80.796187, 6.024103], [80.795992, 6.024447], [80.795878, 6.024563], [80.795771, 6.024634], [80.795619, 6.024672], [80.795408, 6.024746]]}, "properties": {"id": 813, "u": 3635370864, "v": 3635381522, "safety": "safe", "district": "tangalle", "source": "ground_truth"}}, {"type": "Feature", "geometry": {"type": "LineString", "coordinates": [[80.784705, 6.020251], [80.78467, 6.020178], [80.784544, 6.020102], [80.784475, 6.020001], [80.784075, 6.018808], [80.784024, 6.018519], [80.784008, 6.018363], [80.783893, 6.018308], [80.783829, 6.01817], [80.783657, 6.017619], [80.783583, 6.017411]]}, "properties": {"id": 814, "u": 3635379762, "v": 3635379788, "safety": "safe", "district": "tangalle", "source": "ground_truth"}}, {"type": "Feature", "geometry": {"type": "LineString", "coordinates": [[80.787967, 6.018703], [80.787951, 6.01858], [80.788071, 6.018317], [80.788071, 6.018206], [80.78786, 6.017724]]}, "properties": {"id": 815, "u": 3635379764, "v": 13592769561, "safety": "safe", "district": "tangalle", "source": "ground_truth"}}, {"type": "Feature", "geometry": {"type": "LineString", "coordinates": [[80.786791, 6.019263], [80.786661, 6.019189], [80.786519, 6.019145], [80.786132, 6.019126], [80.786022, 6.018709], [80.78608, 6.018337], [80.785506, 6.018282], [80.785467, 6.018231]]}, "properties": {"id": 816, "u": 3635379766, "v": 3635379782, "safety": "safe", "district": "tangalle", "source": "ground_truth"}}, {"type": "Feature", "geometry": {"type": "LineString", "coordinates": [[80.787848, 6.018722], [80.787967, 6.018703]]}, "properties": {"id": 817, "u": 3635379774, "v": 13592769561, "safety": "safe", "district": "tangalle", "source": "ground_truth"}}, {"type": "Feature", "geometry": {"type": "LineString", "coordinates": [[80.786791, 6.019263], [80.787258, 6.018828], [80.78746, 6.018773], [80.787848, 6.018722]]}, "properties": {"id": 818, "u": 3635379774, "v": 3635379782, "safety": "safe", "district": "tangalle", "source": "ground_truth"}}, {"type": "Feature", "geometry": {"type": "LineString", "coordinates": [[80.787996, 6.02056], [80.787989, 6.019595], [80.787923, 6.019503], [80.787729, 6.018972], [80.78783, 6.018923], [80.787854, 6.018805], [80.787848, 6.018722]]}, "properties": {"id": 819, "u": 3635379774, "v": 3635379790, "safety": "safe", "district": "tangalle", "source": "ground_truth"}}, {"type": "Feature", "geometry": {"type": "LineString", "coordinates": [[80.787493, 6.019845], [80.787359, 6.019714], [80.787111, 6.019629], [80.786879, 6.019358], [80.786791, 6.019263]]}, "properties": {"id": 820, "u": 3635379782, "v": 3960786003, "safety": "safe", "district": "tangalle", "source": "ground_truth"}}, {"type": "Feature", "geometry": {"type": "LineString", "coordinates": [[80.784705, 6.020251], [80.78476, 6.021539]]}, "properties": {"id": 821, "u": 3635379788, "v": 3635379792, "safety": "safe", "district": "tangalle", "source": "ground_truth"}}, {"type": "Feature", "geometry": {"type": "LineString", "coordinates": [[80.784739, 6.018832], [80.784759, 6.019662], [80.784746, 6.019952], [80.784705, 6.020251]]}, "properties": {"id": 822, "u": 3635379788, "v": 3960785988, "safety": "safe", "district": "tangalle", "source": "ground_truth"}}, {"type": "Feature", "geometry": {"type": "LineString", "coordinates": [[80.78476, 6.021539], [80.784703, 6.021542]]}, "properties": {"id": 823, "u": 3635379792, "v": 3960869404, "safety": "safe", "district": "tangalle", "source": "ground_truth"}}, {"type": "Feature", "geometry": {"type": "LineString", "coordinates": [[80.787455, 6.025703], [80.787566, 6.025708]]}, "properties": {"id": 824, "u": 3635379993, "v": 3977261884, "safety": "safe", "district": "tangalle", "source": "ground_truth"}}, {"type": "Feature", "geometry": {"type": "LineString", "coordinates": [[80.787471, 6.027845], [80.787491, 6.027093], [80.787428, 6.02667], [80.787455, 6.025703]]}, "properties": {"id": 825, "u": 3635379993, "v": 3960797171, "safety": "safe", "district": "tangalle", "source": "ground_truth"}}, {"type": "Feature", "geometry": {"type": "LineString", "coordinates": [[80.79304, 6.030031], [80.792358, 6.030382]]}, "properties": {"id": 826, "u": 3635380007, "v": 3771394574, "safety": "safe", "district": "tangalle", "source": "ground_truth"}}, {"type": "Feature", "geometry": {"type": "LineString", "coordinates": [[80.792954, 6.031134], [80.793196, 6.030858], [80.793119, 6.030461], [80.79304, 6.030031]]}, "properties": {"id": 827, "u": 3635380007, "v": 3635380025, "safety": "unsafe", "district": "tangalle", "source": "ground_truth"}}, {"type": "Feature", "geometry": {"type": "LineString", "coordinates": [[80.790935, 6.030535], [80.791098, 6.030985]]}, "properties": {"id": 828, "u": 3635380015, "v": 3771394579, "safety": "safe", "district": "tangalle", "source": "ground_truth"}}, {"type": "Feature", "geometry": {"type": "LineString", "coordinates": [[80.78856, 6.030921], [80.788908, 6.03085], [80.789642, 6.030746], [80.789642, 6.030565], [80.789667, 6.030472], [80.789843, 6.030447], [80.790212, 6.030461], [80.790636, 6.030526], [80.790935, 6.030535]]}, "properties": {"id": 829, "u": 3635380015, "v": 3635380021, "safety": "safe", "district": "tangalle", "source": "ground_truth"}}, {"type": "Feature", "geometry": {"type": "LineString", "coordinates": [[80.795845, 6.034928], [80.796003, 6.034804], [80.796097, 6.034538], [80.796023, 6.0344], [80.79612, 6.03432], [80.79619, 6.034076], [80.795831, 6.033874]]}, "properties": {"id": 830, "u": 3635380029, "v": 3635380035, "safety": "unsafe", "district": "tangalle", "source": "ground_truth"}}, {"type": "Feature", "geometry": {"type": "LineString", "coordinates": [[80.796258, 6.032979], [80.796068, 6.03324], [80.795831, 6.033874]]}, "properties": {"id": 831, "u": 3635380029, "v": 3669997743, "safety": "unsafe", "district": "tangalle", "source": "ground_truth"}}, {"type": "Feature", "geometry": {"type": "LineString", "coordinates": [[80.79622, 6.037545], [80.796831, 6.037743]]}, "properties": {"id": 832, "u": 3635380050, "v": 3635380053, "safety": "unsafe", "district": "tangalle", "source": "ground_truth"}}, {"type": "Feature", "geometry": {"type": "LineString", "coordinates": [[80.790117, 6.037552], [80.790761, 6.037704]]}, "properties": {"id": 833, "u": 3635380051, "v": 3635380052, "safety": "unsafe", "district": "tangalle", "source": "ground_truth"}}, {"type": "Feature", "geometry": {"type": "LineString", "coordinates": [[80.797771, 6.024987], [80.797288, 6.024867], [80.796433, 6.024767], [80.796238, 6.024745]]}, "properties": {"id": 834, "u": 3635381529, "v": 3635381532, "safety": "safe", "district": "tangalle", "source": "ground_truth"}}, {"type": "Feature", "geometry": {"type": "LineString", "coordinates": [[80.797607, 6.025359], [80.797667, 6.025241], [80.797712, 6.025124], [80.797771, 6.024987]]}, "properties": {"id": 835, "u": 3635381532, "v": 12048751731, "safety": "unsafe", "district": "tangalle", "source": "ground_truth"}}, {"type": "Feature", "geometry": {"type": "LineString", "coordinates": [[80.798325, 6.023794], [80.797822, 6.024885], [80.797771, 6.024987]]}, "properties": {"id": 836, "u": 3635381532, "v": 3977262207, "safety": "unsafe", "district": "tangalle", "source": "ground_truth"}}, {"type": "Feature", "geometry": {"type": "LineString", "coordinates": [[80.795997, 6.030957], [80.796145, 6.0318]]}, "properties": {"id": 837, "u": 3635381544, "v": 3635381547, "safety": "unsafe", "district": "tangalle", "source": "ground_truth"}}, {"type": "Feature", "geometry": {"type": "LineString", "coordinates": [[80.794712, 6.031912], [80.794615, 6.031447], [80.795418, 6.031367], [80.795473, 6.030941], [80.795997, 6.030957]]}, "properties": {"id": 838, "u": 3635381544, "v": 3635381548, "safety": "unsafe", "district": "tangalle", "source": "ground_truth"}}, {"type": "Feature", "geometry": {"type": "LineString", "coordinates": [[80.795727, 6.029887], [80.795771, 6.030064], [80.795997, 6.030957]]}, "properties": {"id": 839, "u": 3635381544, "v": 3960868158, "safety": "unsafe", "district": "tangalle", "source": "ground_truth"}}, {"type": "Feature", "geometry": {"type": "LineString", "coordinates": [[80.796145, 6.0318], [80.794712, 6.031912]]}, "properties": {"id": 840, "u": 3635381547, "v": 3635381548, "safety": "unsafe", "district": "tangalle", "source": "ground_truth"}}, {"type": "Feature", "geometry": {"type": "LineString", "coordinates": [[80.796447, 6.03275], [80.796268, 6.032316], [80.796145, 6.0318]]}, "properties": {"id": 841, "u": 3635381547, "v": 3960868163, "safety": "unsafe", "district": "tangalle", "source": "ground_truth"}}, {"type": "Feature", "geometry": {"type": "LineString", "coordinates": [[80.794712, 6.031912], [80.794522, 6.032098]]}, "properties": {"id": 842, "u": 3635381548, "v": 3635381549, "safety": "unsafe", "district": "tangalle", "source": "ground_truth"}}, {"type": "Feature", "geometry": {"type": "LineString", "coordinates": [[80.781795, 6.015941], [80.781392, 6.016539], [80.781266, 6.016824], [80.781167, 6.016978], [80.780936, 6.017109], [80.780778, 6.017168]]}, "properties": {"id": 843, "u": 3667022663, "v": 3667022668, "safety": "safe", "district": "tangalle", "source": "ground_truth"}}, {"type": "Feature", "geometry": {"type": "LineString", "coordinates": [[80.781379, 6.014602], [80.781524, 6.015304], [80.781632, 6.015517], [80.781795, 6.015941]]}, "properties": {"id": 844, "u": 3667022668, "v": 3960783665, "safety": "safe", "district": "tangalle", "source": "ground_truth"}}, {"type": "Feature", "geometry": {"type": "LineString", "coordinates": [[80.783249, 6.016591], [80.782852, 6.015736], [80.782785, 6.015686], [80.78189, 6.015861], [80.781795, 6.015941]]}, "properties": {"id": 845, "u": 3667022668, "v": 7232550056, "safety": "safe", "district": "tangalle", "source": "ground_truth"}}, {"type": "Feature", "geometry": {"type": "LineString", "coordinates": [[80.866884, 6.088458], [80.866732, 6.088829], [80.866448, 6.088802], [80.865936, 6.089148], [80.865673, 6.08968], [80.865472, 6.089988]]}, "properties": {"id": 846, "u": 3667034068, "v": 3680818540, "safety": "safe", "district": "tangalle", "source": "ground_truth"}}, {"type": "Feature", "geometry": {"type": "LineString", "coordinates": [[80.860147, 6.046033], [80.860008, 6.045677], [80.860155, 6.045154], [80.860463, 6.044662]]}, "properties": {"id": 847, "u": 3669584792, "v": 3669584804, "safety": "safe", "district": "tangalle", "source": "ground_truth"}}, {"type": "Feature", "geometry": {"type": "LineString", "coordinates": [[80.860147, 6.046033], [80.859313, 6.046093], [80.859142, 6.04617], [80.858836, 6.046352], [80.858683, 6.046381], [80.85845, 6.046368], [80.85834, 6.04633], [80.858238, 6.046346], [80.858069, 6.04656], [80.857927, 6.046704], [80.857756, 6.046768], [80.857719, 6.046799], [80.85772, 6.046853], [80.858123, 6.048176]]}, "properties": {"id": 848, "u": 3669584796, "v": 3669584804, "safety": "safe", "district": "tangalle", "source": "ground_truth"}}, {"type": "Feature", "geometry": {"type": "LineString", "coordinates": [[80.855558, 6.046357], [80.855595, 6.047239], [80.855615, 6.047316], [80.856268, 6.047302], [80.856325, 6.047337], [80.856353, 6.047398], [80.856315, 6.047874], [80.856488, 6.047849], [80.856776, 6.047826], [80.856933, 6.047834], [80.85749, 6.047979], [80.857986, 6.048153], [80.858123, 6.048176]]}, "properties": {"id": 849, "u": 3669584796, "v": 12422823243, "safety": "safe", "district": "tangalle", "source": "ground_truth"}}, {"type": "Feature", "geometry": {"type": "LineString", "coordinates": [[80.860895, 6.048667], [80.860846, 6.048397], [80.860652, 6.047683], [80.860147, 6.046033]]}, "properties": {"id": 850, "u": 3669584804, "v": 5041655899, "safety": "safe", "district": "tangalle", "source": "ground_truth"}}, {"type": "Feature", "geometry": {"type": "LineString", "coordinates": [[80.796258, 6.032979], [80.796447, 6.03275]]}, "properties": {"id": 851, "u": 3669997743, "v": 3960868163, "safety": "unsafe", "district": "tangalle", "source": "ground_truth"}}, {"type": "Feature", "geometry": {"type": "LineString", "coordinates": [[80.87102, 6.088582], [80.87142, 6.088416], [80.871961, 6.088202], [80.872141, 6.088043], [80.872562, 6.088001], [80.872645, 6.08792]]}, "properties": {"id": 852, "u": 3680676068, "v": 3680682617, "safety": "safe", "district": "tangalle", "source": "ground_truth"}}, {"type": "Feature", "geometry": {"type": "LineString", "coordinates": [[80.87102, 6.088582], [80.871263, 6.089217]]}, "properties": {"id": 853, "u": 3680682617, "v": 3680801222, "safety": "safe", "district": "tangalle", "source": "ground_truth"}}, {"type": "Feature", "geometry": {"type": "LineString", "coordinates": [[80.865715, 6.078015], [80.866877, 6.078067]]}, "properties": {"id": 854, "u": 3680801176, "v": 3680801177, "safety": "safe", "district": "tangalle", "source": "ground_truth"}}, {"type": "Feature", "geometry": {"type": "LineString", "coordinates": [[80.864914, 6.080086], [80.867434, 6.080146]]}, "properties": {"id": 855, "u": 3680801178, "v": 3680801179, "safety": "safe", "district": "tangalle", "source": "ground_truth"}}, {"type": "Feature", "geometry": {"type": "LineString", "coordinates": [[80.867434, 6.080146], [80.867477, 6.080359]]}, "properties": {"id": 856, "u": 3680801179, "v": 3680801182, "safety": "safe", "district": "tangalle", "source": "ground_truth"}}, {"type": "Feature", "geometry": {"type": "LineString", "coordinates": [[80.867477, 6.080359], [80.867648, 6.081204]]}, "properties": {"id": 857, "u": 3680801182, "v": 3680801189, "safety": "safe", "district": "tangalle", "source": "ground_truth"}}, {"type": "Feature", "geometry": {"type": "LineString", "coordinates": [[80.872546, 6.082077], [80.871848, 6.082218], [80.871331, 6.08217], [80.87015, 6.081842], [80.869873, 6.081652], [80.869738, 6.081402], [80.869682, 6.081346], [80.869266, 6.081122], [80.869438, 6.080645], [80.868332, 6.080205], [80.8681, 6.08022], [80.867477, 6.080359]]}, "properties": {"id": 858, "u": 3680801182, "v": 3680801207, "safety": "safe", "district": "tangalle", "source": "ground_truth"}}, {"type": "Feature", "geometry": {"type": "LineString", "coordinates": [[80.868373, 6.081038], [80.868199, 6.081358]]}, "properties": {"id": 859, "u": 3680801184, "v": 3680801196, "safety": "safe", "district": "tangalle", "source": "ground_truth"}}, {"type": "Feature", "geometry": {"type": "LineString", "coordinates": [[80.868199, 6.081358], [80.867776, 6.081181], [80.867648, 6.081204]]}, "properties": {"id": 860, "u": 3680801189, "v": 3680801196, "safety": "safe", "district": "tangalle", "source": "ground_truth"}}, {"type": "Feature", "geometry": {"type": "LineString", "coordinates": [[80.868199, 6.081358], [80.869192, 6.081776]]}, "properties": {"id": 861, "u": 3680801196, "v": 3680801203, "safety": "safe", "district": "tangalle", "source": "ground_truth"}}, {"type": "Feature", "geometry": {"type": "LineString", "coordinates": [[80.871263, 6.089217], [80.871714, 6.090698]]}, "properties": {"id": 862, "u": 3680801222, "v": 3680803828, "safety": "safe", "district": "tangalle", "source": "ground_truth"}}, {"type": "Feature", "geometry": {"type": "LineString", "coordinates": [[80.870431, 6.089634], [80.870529, 6.089533], [80.871263, 6.089217]]}, "properties": {"id": 863, "u": 3680801222, "v": 3680801224, "safety": "safe", "district": "tangalle", "source": "ground_truth"}}, {"type": "Feature", "geometry": {"type": "LineString", "coordinates": [[80.872762, 6.090128], [80.871714, 6.090698]]}, "properties": {"id": 864, "u": 3680803825, "v": 3680803828, "safety": "safe", "district": "tangalle", "source": "ground_truth"}}, {"type": "Feature", "geometry": {"type": "LineString", "coordinates": [[80.869982, 6.09029], [80.869738, 6.090461]]}, "properties": {"id": 865, "u": 3680803826, "v": 3680803827, "safety": "safe", "district": "tangalle", "source": "ground_truth"}}, {"type": "Feature", "geometry": {"type": "LineString", "coordinates": [[80.868797, 6.092284], [80.869982, 6.091274], [80.869738, 6.090461]]}, "properties": {"id": 866, "u": 3680803827, "v": 3680803830, "safety": "safe", "district": "tangalle", "source": "ground_truth"}}, {"type": "Feature", "geometry": {"type": "LineString", "coordinates": [[80.86966, 6.090114], [80.869648, 6.090241], [80.869738, 6.090461]]}, "properties": {"id": 867, "u": 3680803827, "v": 3680818541, "safety": "safe", "district": "tangalle", "source": "ground_truth"}}, {"type": "Feature", "geometry": {"type": "LineString", "coordinates": [[80.871703, 6.092392], [80.871853, 6.091201], [80.871714, 6.090698]]}, "properties": {"id": 868, "u": 3680803828, "v": 3680818547, "safety": "safe", "district": "tangalle", "source": "ground_truth"}}, {"type": "Feature", "geometry": {"type": "LineString", "coordinates": [[80.868797, 6.092284], [80.869651, 6.092866]]}, "properties": {"id": 869, "u": 3680803830, "v": 4343878229, "safety": "safe", "district": "tangalle", "source": "ground_truth"}}, {"type": "Feature", "geometry": {"type": "LineString", "coordinates": [[80.871982, 6.094453], [80.872463, 6.093478], [80.872457, 6.093252]]}, "properties": {"id": 870, "u": 3680803832, "v": 3680803834, "safety": "safe", "district": "tangalle", "source": "ground_truth"}}, {"type": "Feature", "geometry": {"type": "LineString", "coordinates": [[80.871982, 6.094453], [80.871888, 6.09439]]}, "properties": {"id": 871, "u": 3680803834, "v": 3680818552, "safety": "safe", "district": "tangalle", "source": "ground_truth"}}, {"type": "Feature", "geometry": {"type": "LineString", "coordinates": [[80.86848, 6.059698], [80.86868, 6.059346], [80.868841, 6.059137], [80.869168, 6.058988], [80.869134, 6.058735], [80.869179, 6.058571]]}, "properties": {"id": 872, "u": 3680817695, "v": 3680817701, "safety": "unsafe", "district": "tangalle", "source": "ground_truth"}}, {"type": "Feature", "geometry": {"type": "LineString", "coordinates": [[80.870809, 6.058899], [80.870232, 6.060489]]}, "properties": {"id": 873, "u": 3680817697, "v": 3680817702, "safety": "unsafe", "district": "tangalle", "source": "ground_truth"}}, {"type": "Feature", "geometry": {"type": "LineString", "coordinates": [[80.874539, 6.062918], [80.873824, 6.063049], [80.87339, 6.063088], [80.873188, 6.063106], [80.872596, 6.063429], [80.872318, 6.064546]]}, "properties": {"id": 874, "u": 3680817704, "v": 7097769426, "safety": "unsafe", "district": "tangalle", "source": "ground_truth"}}, {"type": "Feature", "geometry": {"type": "LineString", "coordinates": [[80.87002, 6.065462], [80.870122, 6.064453], [80.872318, 6.064546]]}, "properties": {"id": 875, "u": 3680817704, "v": 3680817706, "safety": "unsafe", "district": "tangalle", "source": "ground_truth"}}, {"type": "Feature", "geometry": {"type": "LineString", "coordinates": [[80.868499, 6.065228], [80.87002, 6.065462]]}, "properties": {"id": 876, "u": 3680817705, "v": 3680817706, "safety": "safe", "district": "tangalle", "source": "ground_truth"}}, {"type": "Feature", "geometry": {"type": "LineString", "coordinates": [[80.868499, 6.065228], [80.868433, 6.065464]]}, "properties": {"id": 877, "u": 3680817705, "v": 3680817709, "safety": "safe", "district": "tangalle", "source": "ground_truth"}}, {"type": "Feature", "geometry": {"type": "LineString", "coordinates": [[80.868499, 6.065228], [80.868261, 6.065242]]}, "properties": {"id": 878, "u": 3680817705, "v": 7099291107, "safety": "safe", "district": "tangalle", "source": "ground_truth"}}, {"type": "Feature", "geometry": {"type": "LineString", "coordinates": [[80.867883, 6.065613], [80.868261, 6.065242]]}, "properties": {"id": 879, "u": 3680817707, "v": 7099291107, "safety": "safe", "district": "tangalle", "source": "ground_truth"}}, {"type": "Feature", "geometry": {"type": "LineString", "coordinates": [[80.869571, 6.066005], [80.86872, 6.065852], [80.868123, 6.065702], [80.867883, 6.065613]]}, "properties": {"id": 880, "u": 3680817707, "v": 3680817713, "safety": "safe", "district": "tangalle", "source": "ground_truth"}}, {"type": "Feature", "geometry": {"type": "LineString", "coordinates": [[80.866508, 6.088316], [80.866662, 6.088187], [80.86671, 6.088121], [80.866704, 6.088045], [80.86663, 6.088], [80.866453, 6.08795], [80.866381, 6.087881], [80.866397, 6.087678], [80.866442, 6.087435]]}, "properties": {"id": 881, "u": 3680818527, "v": 3680818539, "safety": "safe", "district": "tangalle", "source": "ground_truth"}}, {"type": "Feature", "geometry": {"type": "LineString", "coordinates": [[80.866884, 6.088458], [80.866935, 6.088184], [80.867047, 6.087916], [80.867359, 6.087781]]}, "properties": {"id": 882, "u": 3680818529, "v": 3680818540, "safety": "safe", "district": "tangalle", "source": "ground_truth"}}, {"type": "Feature", "geometry": {"type": "LineString", "coordinates": [[80.871703, 6.092392], [80.871635, 6.092999]]}, "properties": {"id": 883, "u": 3680818547, "v": 3680818548, "safety": "safe", "district": "tangalle", "source": "ground_truth"}}, {"type": "Feature", "geometry": {"type": "LineString", "coordinates": [[80.869651, 6.092866], [80.869766, 6.092666], [80.869935, 6.092455], [80.870113, 6.092383], [80.870383, 6.092385], [80.870506, 6.092363], [80.871366, 6.092389], [80.871703, 6.092392]]}, "properties": {"id": 884, "u": 3680818547, "v": 4343878229, "safety": "safe", "district": "tangalle", "source": "ground_truth"}}, {"type": "Feature", "geometry": {"type": "LineString", "coordinates": [[80.87068, 6.093567], [80.870854, 6.093414], [80.871184, 6.093196], [80.871431, 6.093066], [80.871635, 6.092999]]}, "properties": {"id": 885, "u": 3680818548, "v": 4343878233, "safety": "safe", "district": "tangalle", "source": "ground_truth"}}, {"type": "Feature", "geometry": {"type": "LineString", "coordinates": [[80.871431, 6.095115], [80.871485, 6.095105], [80.871575, 6.095013], [80.871678, 6.094831], [80.871787, 6.094564], [80.871888, 6.09439]]}, "properties": {"id": 886, "u": 3680818552, "v": 3680818557, "safety": "safe", "district": "tangalle", "source": "ground_truth"}}, {"type": "Feature", "geometry": {"type": "LineString", "coordinates": [[80.820488, 6.053608], [80.820397, 6.05397], [80.820397, 6.054268], [80.820644, 6.055074], [80.820631, 6.055629], [80.820649, 6.056397], [80.82055, 6.056594], [80.820446, 6.056695], [80.820346, 6.05673], [80.818775, 6.056952]]}, "properties": {"id": 887, "u": 3680934041, "v": 3680934066, "safety": "unsafe", "district": "tangalle", "source": "ground_truth"}}, {"type": "Feature", "geometry": {"type": "LineString", "coordinates": [[80.815019, 6.053684], [80.816202, 6.054709]]}, "properties": {"id": 888, "u": 3680934050, "v": 3680934062, "safety": "safe", "district": "tangalle", "source": "ground_truth"}}, {"type": "Feature", "geometry": {"type": "LineString", "coordinates": [[80.810043, 6.049037], [80.809936, 6.049059], [80.809534, 6.049011], [80.809274, 6.048955], [80.808691, 6.048915], [80.808486, 6.048923]]}, "properties": {"id": 889, "u": 3680934054, "v": 3680934060, "safety": "unsafe", "district": "tangalle", "source": "ground_truth"}}, {"type": "Feature", "geometry": {"type": "LineString", "coordinates": [[80.812242, 6.04871], [80.811745, 6.048431], [80.811335, 6.04821], [80.810471, 6.047746], [80.810125, 6.047544], [80.809865, 6.047344]]}, "properties": {"id": 890, "u": 3680934059, "v": 13584756679, "safety": "unsafe", "district": "tangalle", "source": "ground_truth"}}, {"type": "Feature", "geometry": {"type": "LineString", "coordinates": [[80.810043, 6.049037], [80.81002, 6.048987], [80.809865, 6.047344]]}, "properties": {"id": 891, "u": 3680934059, "v": 3680934060, "safety": "unsafe", "district": "tangalle", "source": "ground_truth"}}, {"type": "Feature", "geometry": {"type": "LineString", "coordinates": [[80.813845, 6.053134], [80.813727, 6.053047], [80.813525, 6.052971], [80.812623, 6.052838], [80.812529, 6.052801], [80.8123, 6.052524], [80.811924, 6.051798], [80.811809, 6.05163], [80.811718, 6.051558], [80.811246, 6.051313], [80.810827, 6.051182], [80.810728, 6.051105], [80.810615, 6.050982], [80.810575, 6.050865], [80.810537, 6.050558], [80.81033, 6.049477], [80.810043, 6.049037]]}, "properties": {"id": 892, "u": 3680934060, "v": 3680934080, "safety": "unsafe", "district": "tangalle", "source": "ground_truth"}}, {"type": "Feature", "geometry": {"type": "LineString", "coordinates": [[80.840061, 6.076447], [80.840003, 6.075223]]}, "properties": {"id": 893, "u": 3692696411, "v": 3697223615, "safety": "safe", "district": "tangalle", "source": "ground_truth"}}, {"type": "Feature", "geometry": {"type": "LineString", "coordinates": [[80.843857, 6.080108], [80.843354, 6.078941], [80.842796, 6.078584], [80.841839, 6.077387], [80.841512, 6.077244], [80.840594, 6.077244], [80.840283, 6.077109], [80.840116, 6.076823], [80.840068, 6.076594], [80.840061, 6.076447]]}, "properties": {"id": 894, "u": 3692696411, "v": 3697242437, "safety": "safe", "district": "tangalle", "source": "ground_truth"}}, {"type": "Feature", "geometry": {"type": "LineString", "coordinates": [[80.839476, 6.076384], [80.839914, 6.076468], [80.840061, 6.076447]]}, "properties": {"id": 895, "u": 3692696411, "v": 3697224526, "safety": "safe", "district": "tangalle", "source": "ground_truth"}}, {"type": "Feature", "geometry": {"type": "LineString", "coordinates": [[80.848832, 6.077676], [80.849248, 6.077226], [80.849794, 6.076709], [80.850197, 6.076346]]}, "properties": {"id": 896, "u": 3697176249, "v": 3697176253, "safety": "safe", "district": "tangalle", "source": "ground_truth"}}, {"type": "Feature", "geometry": {"type": "LineString", "coordinates": [[80.854708, 6.081655], [80.85541, 6.082463]]}, "properties": {"id": 897, "u": 3697176258, "v": 3697176260, "safety": "safe", "district": "tangalle", "source": "ground_truth"}}, {"type": "Feature", "geometry": {"type": "LineString", "coordinates": [[80.854813, 6.085824], [80.854115, 6.085853], [80.853949, 6.085349], [80.853659, 6.08468], [80.853199, 6.084062], [80.853512, 6.082793], [80.853938, 6.082282], [80.854708, 6.081655]]}, "properties": {"id": 898, "u": 3697176258, "v": 3697176271, "safety": "safe", "district": "tangalle", "source": "ground_truth"}}, {"type": "Feature", "geometry": {"type": "LineString", "coordinates": [[80.854813, 6.085824], [80.85521, 6.084395], [80.855225, 6.083883], [80.855262, 6.083729], [80.855339, 6.082611], [80.85541, 6.082463]]}, "properties": {"id": 899, "u": 3697176260, "v": 3697176271, "safety": "safe", "district": "tangalle", "source": "ground_truth"}}, {"type": "Feature", "geometry": {"type": "LineString", "coordinates": [[80.854045, 6.088999], [80.854019, 6.088357], [80.854052, 6.088021], [80.854335, 6.086935], [80.854423, 6.086745], [80.854769, 6.086712], [80.854868, 6.086387], [80.854872, 6.086259], [80.854795, 6.086007], [80.854813, 6.085824]]}, "properties": {"id": 900, "u": 3697176271, "v": 3697176283, "safety": "safe", "district": "tangalle", "source": "ground_truth"}}, {"type": "Feature", "geometry": {"type": "LineString", "coordinates": [[80.850367, 6.095909], [80.849839, 6.096032], [80.849288, 6.096073], [80.848783, 6.096063], [80.848004, 6.095851], [80.84766, 6.095706], [80.846974, 6.095303], [80.846652, 6.095236], [80.846272, 6.09522], [80.846069, 6.095127], [80.84596, 6.094946], [80.845804, 6.094822], [80.84557, 6.09471]]}, "properties": {"id": 901, "u": 3697176284, "v": 3697176294, "safety": "safe", "district": "tangalle", "source": "ground_truth"}}, {"type": "Feature", "geometry": {"type": "LineString", "coordinates": [[80.822174, 6.062692], [80.822184, 6.063087]]}, "properties": {"id": 902, "u": 3697198509, "v": 3697198512, "safety": "safe", "district": "tangalle", "source": "ground_truth"}}, {"type": "Feature", "geometry": {"type": "LineString", "coordinates": [[80.822184, 6.063087], [80.821363, 6.063104], [80.820954, 6.063037], [80.820479, 6.063058]]}, "properties": {"id": 903, "u": 3697198511, "v": 3697198512, "safety": "safe", "district": "tangalle", "source": "ground_truth"}}, {"type": "Feature", "geometry": {"type": "LineString", "coordinates": [[80.822184, 6.063087], [80.822165, 6.06403]]}, "properties": {"id": 904, "u": 3697198512, "v": 3697198517, "safety": "safe", "district": "tangalle", "source": "ground_truth"}}, {"type": "Feature", "geometry": {"type": "LineString", "coordinates": [[80.821364, 6.064015], [80.822165, 6.06403]]}, "properties": {"id": 905, "u": 3697198516, "v": 3697198517, "safety": "safe", "district": "tangalle", "source": "ground_truth"}}, {"type": "Feature", "geometry": {"type": "LineString", "coordinates": [[80.822165, 6.06403], [80.822162, 6.064942]]}, "properties": {"id": 906, "u": 3697198517, "v": 3697198520, "safety": "safe", "district": "tangalle", "source": "ground_truth"}}, {"type": "Feature", "geometry": {"type": "LineString", "coordinates": [[80.827761, 6.066705], [80.827675, 6.067543]]}, "properties": {"id": 907, "u": 3697198630, "v": 3697198640, "safety": "safe", "district": "tangalle", "source": "ground_truth"}}, {"type": "Feature", "geometry": {"type": "LineString", "coordinates": [[80.827675, 6.067543], [80.82677, 6.067543], [80.826184, 6.067406], [80.825518, 6.067157], [80.824702, 6.067127], [80.823851, 6.067169], [80.823173, 6.067113]]}, "properties": {"id": 908, "u": 3697198632, "v": 3697198640, "safety": "safe", "district": "tangalle", "source": "ground_truth"}}, {"type": "Feature", "geometry": {"type": "LineString", "coordinates": [[80.827008, 6.068751], [80.827514, 6.068647], [80.827556, 6.068147], [80.827675, 6.067543]]}, "properties": {"id": 909, "u": 3697198640, "v": 3697198644, "safety": "safe", "district": "tangalle", "source": "ground_truth"}}, {"type": "Feature", "geometry": {"type": "LineString", "coordinates": [[80.824778, 6.070192], [80.82484, 6.070095], [80.82492, 6.069976], [80.825206, 6.069902], [80.82525, 6.069198], [80.825742, 6.069221], [80.825873, 6.069088], [80.826114, 6.069079], [80.826513, 6.069272], [80.826569, 6.069399]]}, "properties": {"id": 910, "u": 3697198652, "v": 3697198657, "safety": "safe", "district": "tangalle", "source": "ground_truth"}}, {"type": "Feature", "geometry": {"type": "LineString", "coordinates": [[80.824778, 6.070192], [80.8247, 6.070128]]}, "properties": {"id": 911, "u": 3697198657, "v": 3698265464, "safety": "safe", "district": "tangalle", "source": "ground_truth"}}, {"type": "Feature", "geometry": {"type": "LineString", "coordinates": [[80.818631, 6.079218], [80.818787, 6.079046], [80.818926, 6.078669], [80.81888, 6.078158], [80.819149, 6.078162], [80.819528, 6.078213], [80.819814, 6.078275]]}, "properties": {"id": 912, "u": 3697198664, "v": 3697198674, "safety": "safe", "district": "tangalle", "source": "ground_truth"}}, {"type": "Feature", "geometry": {"type": "LineString", "coordinates": [[80.812876, 6.078967], [80.812695, 6.078588]]}, "properties": {"id": 913, "u": 3697198670, "v": 3697292681, "safety": "safe", "district": "tangalle", "source": "ground_truth"}}, {"type": "Feature", "geometry": {"type": "LineString", "coordinates": [[80.81379, 6.081549], [80.813375, 6.080709], [80.812876, 6.078967]]}, "properties": {"id": 914, "u": 3697198670, "v": 3697198704, "safety": "safe", "district": "tangalle", "source": "ground_truth"}}, {"type": "Feature", "geometry": {"type": "LineString", "coordinates": [[80.818631, 6.079218], [80.818568, 6.079159], [80.817903, 6.078845], [80.817436, 6.078594], [80.816783, 6.078728], [80.815676, 6.07879], [80.812876, 6.078967]]}, "properties": {"id": 915, "u": 3697198670, "v": 3697198674, "safety": "safe", "district": "tangalle", "source": "ground_truth"}}, {"type": "Feature", "geometry": {"type": "LineString", "coordinates": [[80.818697, 6.08163], [80.818581, 6.081084], [80.818483, 6.08089], [80.818435, 6.080588], [80.818471, 6.080398], [80.818534, 6.080046], [80.818694, 6.079703], [80.818816, 6.079548], [80.818707, 6.079288], [80.818631, 6.079218]]}, "properties": {"id": 916, "u": 3697198674, "v": 3697198708, "safety": "safe", "district": "tangalle", "source": "ground_truth"}}, {"type": "Feature", "geometry": {"type": "LineString", "coordinates": [[80.81379, 6.081549], [80.814144, 6.081423], [80.814657, 6.081323], [80.815053, 6.081306], [80.815533, 6.081356]]}, "properties": {"id": 917, "u": 3697198698, "v": 3697198704, "safety": "safe", "district": "tangalle", "source": "ground_truth"}}, {"type": "Feature", "geometry": {"type": "LineString", "coordinates": [[80.819645, 6.081631], [80.819431, 6.081643], [80.819266, 6.081693], [80.819027, 6.081563], [80.818697, 6.08163]]}, "properties": {"id": 918, "u": 3697198708, "v": 3697198712, "safety": "safe", "district": "tangalle", "source": "ground_truth"}}, {"type": "Feature", "geometry": {"type": "LineString", "coordinates": [[80.822886, 6.095829], [80.822801, 6.096232]]}, "properties": {"id": 919, "u": 3697205812, "v": 3697206030, "safety": "safe", "district": "tangalle", "source": "ground_truth"}}, {"type": "Feature", "geometry": {"type": "LineString", "coordinates": [[80.818831, 6.096148], [80.819654, 6.096098], [80.819793, 6.096036], [80.820511, 6.096059], [80.820532, 6.096204], [80.820591, 6.096258], [80.822112, 6.096198], [80.822154, 6.09595], [80.82224, 6.095828], [80.822886, 6.095829]]}, "properties": {"id": 920, "u": 3697205812, "v": 3697205822, "safety": "safe", "district": "tangalle", "source": "ground_truth"}}, {"type": "Feature", "geometry": {"type": "LineString", "coordinates": [[80.822801, 6.096232], [80.823551, 6.096215], [80.824868, 6.096181], [80.826716, 6.096181], [80.828051, 6.096097]]}, "properties": {"id": 921, "u": 3697205818, "v": 3697206030, "safety": "safe", "district": "tangalle", "source": "ground_truth"}}, {"type": "Feature", "geometry": {"type": "LineString", "coordinates": [[80.818831, 6.096148], [80.81782, 6.09621], [80.816811, 6.096142]]}, "properties": {"id": 922, "u": 3697205821, "v": 3697205822, "safety": "safe", "district": "tangalle", "source": "ground_truth"}}, {"type": "Feature", "geometry": {"type": "LineString", "coordinates": [[80.818776, 6.096933], [80.818844, 6.09672], [80.81883, 6.096486], [80.818831, 6.096148]]}, "properties": {"id": 923, "u": 3697205822, "v": 3697206036, "safety": "safe", "district": "tangalle", "source": "ground_truth"}}, {"type": "Feature", "geometry": {"type": "LineString", "coordinates": [[80.840895, 6.070547], [80.840983, 6.070489], [80.841084, 6.070472], [80.841202, 6.070376], [80.841249, 6.070133], [80.841345, 6.069915], [80.84172, 6.06953], [80.842807, 6.068416]]}, "properties": {"id": 924, "u": 3697223597, "v": 3697223604, "safety": "safe", "district": "tangalle", "source": "ground_truth"}}, {"type": "Feature", "geometry": {"type": "LineString", "coordinates": [[80.838664, 6.074345], [80.838407, 6.074262], [80.838251, 6.074308]]}, "properties": {"id": 925, "u": 3697223606, "v": 3697223607, "safety": "safe", "district": "tangalle", "source": "ground_truth"}}, {"type": "Feature", "geometry": {"type": "LineString", "coordinates": [[80.838664, 6.074345], [80.839026, 6.074588]]}, "properties": {"id": 926, "u": 3697223607, "v": 3697223608, "safety": "safe", "district": "tangalle", "source": "ground_truth"}}, {"type": "Feature", "geometry": {"type": "LineString", "coordinates": [[80.83863, 6.075174], [80.838651, 6.074643], [80.838664, 6.074345]]}, "properties": {"id": 927, "u": 3697223607, "v": 3697223614, "safety": "safe", "district": "tangalle", "source": "ground_truth"}}, {"type": "Feature", "geometry": {"type": "LineString", "coordinates": [[80.839026, 6.074588], [80.839569, 6.074941]]}, "properties": {"id": 928, "u": 3697223608, "v": 3697223611, "safety": "safe", "district": "tangalle", "source": "ground_truth"}}, {"type": "Feature", "geometry": {"type": "LineString", "coordinates": [[80.83863, 6.075174], [80.838933, 6.075225], [80.838979, 6.075078], [80.839026, 6.074588]]}, "properties": {"id": 929, "u": 3697223608, "v": 3697223614, "safety": "safe", "district": "tangalle", "source": "ground_truth"}}, {"type": "Feature", "geometry": {"type": "LineString", "coordinates": [[80.839569, 6.074941], [80.840003, 6.075223]]}, "properties": {"id": 930, "u": 3697223611, "v": 3697223615, "safety": "safe", "district": "tangalle", "source": "ground_truth"}}, {"type": "Feature", "geometry": {"type": "LineString", "coordinates": [[80.839476, 6.076384], [80.839508, 6.076208], [80.839516, 6.075467], [80.839569, 6.074941]]}, "properties": {"id": 931, "u": 3697223611, "v": 3697224526, "safety": "safe", "district": "tangalle", "source": "ground_truth"}}, {"type": "Feature", "geometry": {"type": "LineString", "coordinates": [[80.838668, 6.075568], [80.838668, 6.075375], [80.83863, 6.075174]]}, "properties": {"id": 932, "u": 3697223614, "v": 3697223619, "safety": "safe", "district": "tangalle", "source": "ground_truth"}}, {"type": "Feature", "geometry": {"type": "LineString", "coordinates": [[80.836719, 6.076443], [80.836875, 6.076464], [80.837755, 6.076962], [80.837864, 6.07697], [80.838634, 6.076803], [80.838676, 6.076707], [80.838647, 6.076372], [80.838714, 6.076317], [80.839173, 6.076384], [80.839476, 6.076384]]}, "properties": {"id": 933, "u": 3697224526, "v": 3697224528, "safety": "safe", "district": "tangalle", "source": "ground_truth"}}, {"type": "Feature", "geometry": {"type": "LineString", "coordinates": [[80.836929, 6.078033], [80.836795, 6.077339], [80.836788, 6.077039], [80.836719, 6.076443]]}, "properties": {"id": 934, "u": 3697224528, "v": 3697224541, "safety": "safe", "district": "tangalle", "source": "ground_truth"}}, {"type": "Feature", "geometry": {"type": "LineString", "coordinates": [[80.831735, 6.092367], [80.832558, 6.092309], [80.833604, 6.092222]]}, "properties": {"id": 935, "u": 3697224555, "v": 3697224557, "safety": "safe", "district": "tangalle", "source": "ground_truth"}}, {"type": "Feature", "geometry": {"type": "LineString", "coordinates": [[80.831893, 6.094164], [80.831863, 6.09582]]}, "properties": {"id": 936, "u": 3697224573, "v": 3697224580, "safety": "safe", "district": "tangalle", "source": "ground_truth"}}, {"type": "Feature", "geometry": {"type": "LineString", "coordinates": [[80.836395, 6.094203], [80.835136, 6.094164], [80.831893, 6.094164]]}, "properties": {"id": 937, "u": 3697224573, "v": 3697224577, "safety": "safe", "district": "tangalle", "source": "ground_truth"}}, {"type": "Feature", "geometry": {"type": "LineString", "coordinates": [[80.838383, 6.072005], [80.838606, 6.072076], [80.839153, 6.072001], [80.839339, 6.071871], [80.839452, 6.071733], [80.83957, 6.071632], [80.839819, 6.071574], [80.839894, 6.071561]]}, "properties": {"id": 938, "u": 3697242223, "v": 3697242251, "safety": "safe", "district": "tangalle", "source": "ground_truth"}}, {"type": "Feature", "geometry": {"type": "LineString", "coordinates": [[80.841627, 6.081814], [80.842048, 6.081789], [80.842123, 6.081747], [80.84225, 6.081538], [80.842313, 6.081366], [80.842536, 6.081345], [80.842776, 6.081496], [80.842864, 6.081492], [80.843138, 6.081081], [80.843857, 6.080108]]}, "properties": {"id": 939, "u": 3697242437, "v": 3697242483, "safety": "safe", "district": "tangalle", "source": "ground_truth"}}, {"type": "Feature", "geometry": {"type": "LineString", "coordinates": [[80.84177, 6.085939], [80.841984, 6.085258], [80.842459, 6.08459]]}, "properties": {"id": 940, "u": 3697242924, "v": 3697243932, "safety": "safe", "district": "tangalle", "source": "ground_truth"}}, {"type": "Feature", "geometry": {"type": "LineString", "coordinates": [[80.809881, 6.088794], [80.809876, 6.088975], [80.809933, 6.089141], [80.810107, 6.089213], [80.810492, 6.089239], [80.810565, 6.089329], [80.810661, 6.089534], [80.810695, 6.089707]]}, "properties": {"id": 941, "u": 3697268619, "v": 3698247769, "safety": "safe", "district": "tangalle", "source": "ground_truth"}}, {"type": "Feature", "geometry": {"type": "LineString", "coordinates": [[80.790707, 6.075943], [80.790452, 6.075766], [80.790318, 6.075698], [80.789658, 6.075368], [80.78807, 6.074756], [80.786999, 6.074388]]}, "properties": {"id": 942, "u": 3697292656, "v": 3698285944, "safety": "safe", "district": "tangalle", "source": "ground_truth"}}, {"type": "Feature", "geometry": {"type": "LineString", "coordinates": [[80.800511, 6.079237], [80.800433, 6.078918], [80.800219, 6.078031], [80.800167, 6.077628]]}, "properties": {"id": 943, "u": 3697292667, "v": 3697292691, "safety": "safe", "district": "tangalle", "source": "ground_truth"}}, {"type": "Feature", "geometry": {"type": "LineString", "coordinates": [[80.813057, 6.068698], [80.813023, 6.069858], [80.812727, 6.072504], [80.812472, 6.074199], [80.812472, 6.075271], [80.812597, 6.075945], [80.812321, 6.077167], [80.812548, 6.078127], [80.812695, 6.078588]]}, "properties": {"id": 944, "u": 3697292681, "v": 3698468208, "safety": "safe", "district": "tangalle", "source": "ground_truth"}}, {"type": "Feature", "geometry": {"type": "LineString", "coordinates": [[80.800511, 6.079237], [80.802278, 6.078778], [80.802654, 6.07871], [80.804575, 6.078545], [80.80591, 6.078325], [80.806662, 6.078361], [80.807942, 6.078349], [80.808201, 6.078606], [80.808496, 6.078606], [80.812695, 6.078588]]}, "properties": {"id": 945, "u": 3697292681, "v": 3697292691, "safety": "safe", "district": "tangalle", "source": "ground_truth"}}, {"type": "Feature", "geometry": {"type": "LineString", "coordinates": [[80.799181, 6.08102], [80.799305, 6.081024], [80.799988, 6.081159], [80.800296, 6.081281], [80.800425, 6.081049], [80.800696, 6.080228], [80.800696, 6.079977], [80.800511, 6.079237]]}, "properties": {"id": 946, "u": 3697292691, "v": 3697292709, "safety": "safe", "district": "tangalle", "source": "ground_truth"}}, {"type": "Feature", "geometry": {"type": "LineString", "coordinates": [[80.798918, 6.084403], [80.798911, 6.084337], [80.798888, 6.083479], [80.798934, 6.082567], [80.798876, 6.082352], [80.799134, 6.081122], [80.799181, 6.08102]]}, "properties": {"id": 947, "u": 3697292709, "v": 3697292870, "safety": "safe", "district": "tangalle", "source": "ground_truth"}}, {"type": "Feature", "geometry": {"type": "LineString", "coordinates": [[80.795112, 6.079353], [80.795654, 6.079622], [80.796104, 6.079788], [80.796301, 6.079959], [80.796799, 6.080106], [80.796947, 6.080192], [80.797107, 6.080534], [80.797255, 6.080663], [80.79747, 6.080675], [80.797772, 6.08081], [80.798031, 6.08089], [80.798406, 6.08092], [80.798942, 6.081012], [80.799181, 6.08102]]}, "properties": {"id": 948, "u": 3697292709, "v": 3698285966, "safety": "safe", "district": "tangalle", "source": "ground_truth"}}, {"type": "Feature", "geometry": {"type": "LineString", "coordinates": [[80.790099, 6.084191], [80.789764, 6.083724], [80.789694, 6.083455], [80.789507, 6.082451], [80.789246, 6.082014]]}, "properties": {"id": 949, "u": 3697292717, "v": 3697292854, "safety": "safe", "district": "tangalle", "source": "ground_truth"}}, {"type": "Feature", "geometry": {"type": "LineString", "coordinates": [[80.786047, 6.083495], [80.785995, 6.083351], [80.785874, 6.083214], [80.785693, 6.083116], [80.785382, 6.083061], [80.784945, 6.083027], [80.784652, 6.083045]]}, "properties": {"id": 950, "u": 3697292828, "v": 3697292842, "safety": "safe", "district": "tangalle", "source": "ground_truth"}}, {"type": "Feature", "geometry": {"type": "LineString", "coordinates": [[80.786957, 6.087823], [80.786949, 6.087649], [80.78685, 6.087083], [80.786816, 6.086923], [80.78673, 6.086752], [80.786743, 6.086406], [80.786705, 6.08618], [80.786462, 6.085519], [80.785924, 6.08445], [80.785908, 6.084251], [80.786047, 6.083495]]}, "properties": {"id": 951, "u": 3697292842, "v": 3697292991, "safety": "safe", "district": "tangalle", "source": "ground_truth"}}, {"type": "Feature", "geometry": {"type": "LineString", "coordinates": [[80.788338, 6.085339], [80.787944, 6.084506], [80.78767, 6.083698], [80.787525, 6.083389], [80.787299, 6.083024], [80.786988, 6.083064], [80.786814, 6.08322], [80.786605, 6.083367], [80.786344, 6.083475], [80.786047, 6.083495]]}, "properties": {"id": 952, "u": 3697292842, "v": 3697292925, "safety": "safe", "district": "tangalle", "source": "ground_truth"}}, {"type": "Feature", "geometry": {"type": "LineString", "coordinates": [[80.792491, 6.085125], [80.792482, 6.084856], [80.792377, 6.084452], [80.792285, 6.083913], [80.79234, 6.083742]]}, "properties": {"id": 953, "u": 3697292846, "v": 3697292916, "safety": "safe", "district": "tangalle", "source": "ground_truth"}}, {"type": "Feature", "geometry": {"type": "LineString", "coordinates": [[80.792491, 6.085125], [80.792442, 6.085107], [80.791777, 6.08507], [80.791697, 6.084929], [80.791532, 6.08478], [80.79107, 6.084793], [80.790974, 6.08475], [80.790857, 6.084611], [80.790713, 6.08452], [80.790517, 6.084507], [80.790334, 6.084455], [80.790178, 6.084343], [80.790099, 6.084191]]}, "properties": {"id": 954, "u": 3697292854, "v": 3697292916, "safety": "safe", "district": "tangalle", "source": "ground_truth"}}, {"type": "Feature", "geometry": {"type": "LineString", "coordinates": [[80.788338, 6.085339], [80.788515, 6.08513], [80.789272, 6.084507], [80.789507, 6.084395], [80.790099, 6.084191]]}, "properties": {"id": 955, "u": 3697292854, "v": 3697292925, "safety": "safe", "district": "tangalle", "source": "ground_truth"}}, {"type": "Feature", "geometry": {"type": "LineString", "coordinates": [[80.79766, 6.08933], [80.797676, 6.088897], [80.797661, 6.088625], [80.797689, 6.088353], [80.797747, 6.088154], [80.79787, 6.087942], [80.797907, 6.087737], [80.79788, 6.087226], [80.797686, 6.086666], [80.797686, 6.086449], [80.797732, 6.086256], [80.797793, 6.085993], [80.797787, 6.085668], [80.79775, 6.085509], [80.797757, 6.085423], [80.797821, 6.085353], [80.798052, 6.08535], [80.798169, 6.085276], [80.798295, 6.085102], [80.798465, 6.084962], [80.798687, 6.084863], [80.799009, 6.084768], [80.799122, 6.084685], [80.799144, 6.08453], [80.799066, 6.084417], [80.798991, 6.084395], [80.798918, 6.084403]]}, "properties": {"id": 956, "u": 3697292870, "v": 3697292999, "safety": "safe", "district": "tangalle", "source": "ground_truth"}}, {"type": "Feature", "geometry": {"type": "LineString", "coordinates": [[80.794143, 6.087145], [80.794402, 6.087162], [80.794563, 6.087118], [80.794619, 6.086919], [80.794589, 6.08624], [80.794654, 6.085997], [80.794913, 6.085579], [80.794968, 6.085337], [80.795249, 6.085324], [80.795379, 6.08527], [80.796687, 6.085404], [80.796788, 6.085342], [80.796898, 6.085262], [80.797089, 6.085043], [80.797311, 6.08463], [80.797578, 6.084006], [80.797832, 6.084218], [80.798135, 6.084367], [80.798564, 6.084454], [80.798918, 6.084403]]}, "properties": {"id": 957, "u": 3697292870, "v": 3697292983, "safety": "safe", "district": "tangalle", "source": "ground_truth"}}, {"type": "Feature", "geometry": {"type": "LineString", "coordinates": [[80.792527, 6.085917], [80.792488, 6.085793], [80.792457, 6.085462], [80.792491, 6.085125]]}, "properties": {"id": 958, "u": 3697292916, "v": 3697292942, "safety": "safe", "district": "tangalle", "source": "ground_truth"}}, {"type": "Feature", "geometry": {"type": "LineString", "coordinates": [[80.792527, 6.085917], [80.792028, 6.086083], [80.791727, 6.086046], [80.791437, 6.086046], [80.791136, 6.086138], [80.790372, 6.086248], [80.789538, 6.086465], [80.789246, 6.086563], [80.788602, 6.086475], [80.788612, 6.086], [80.788338, 6.085339]]}, "properties": {"id": 959, "u": 3697292925, "v": 3697292942, "safety": "safe", "district": "tangalle", "source": "ground_truth"}}, {"type": "Feature", "geometry": {"type": "LineString", "coordinates": [[80.794143, 6.087145], [80.794113, 6.087122], [80.793839, 6.087122], [80.793793, 6.087022], [80.793805, 6.086714], [80.79311, 6.086754], [80.79287, 6.086717], [80.792774, 6.086677], [80.792753, 6.086331], [80.792527, 6.085917]]}, "properties": {"id": 960, "u": 3697292942, "v": 3697292983, "safety": "safe", "district": "tangalle", "source": "ground_truth"}}, {"type": "Feature", "geometry": {"type": "LineString", "coordinates": [[80.79352, 6.088663], [80.794091, 6.087968], [80.794143, 6.087145]]}, "properties": {"id": 961, "u": 3697292983, "v": 3697292997, "safety": "safe", "district": "tangalle", "source": "ground_truth"}}, {"type": "Feature", "geometry": {"type": "LineString", "coordinates": [[80.79766, 6.08933], [80.795766, 6.088931], [80.794825, 6.088698], [80.794059, 6.088698], [80.79352, 6.088663]]}, "properties": {"id": 962, "u": 3697292997, "v": 3697292999, "safety": "safe", "district": "tangalle", "source": "ground_truth"}}, {"type": "Feature", "geometry": {"type": "LineString", "coordinates": [[80.791847, 6.092836], [80.792081, 6.09253], [80.792128, 6.092433], [80.79216, 6.092224], [80.792175, 6.091725], [80.792216, 6.091556], [80.792295, 6.091396], [80.79243, 6.091239], [80.792685, 6.09118], [80.792817, 6.091093], [80.792855, 6.091043], [80.792958, 6.090632], [80.793104, 6.090239], [80.793304, 6.089499], [80.793418, 6.089201], [80.793438, 6.088788], [80.793476, 6.088697], [80.79352, 6.088663]]}, "properties": {"id": 963, "u": 3697292997, "v": 3770150394, "safety": "safe", "district": "tangalle", "source": "ground_truth"}}, {"type": "Feature", "geometry": {"type": "LineString", "coordinates": [[80.810066, 6.088171], [80.809759, 6.087996], [80.809387, 6.08768], [80.809018, 6.087424], [80.808917, 6.08729], [80.808883, 6.087083], [80.80888, 6.08691], [80.808815, 6.086706]]}, "properties": {"id": 964, "u": 3698247713, "v": 3698247751, "safety": "safe", "district": "tangalle", "source": "ground_truth"}}, {"type": "Feature", "geometry": {"type": "LineString", "coordinates": [[80.810066, 6.088171], [80.809967, 6.087908], [80.809933, 6.087582]]}, "properties": {"id": 965, "u": 3698247730, "v": 3698247751, "safety": "safe", "district": "tangalle", "source": "ground_truth"}}, {"type": "Feature", "geometry": {"type": "LineString", "coordinates": [[80.810066, 6.088171], [80.810162, 6.088065], [80.810401, 6.087947], [80.810861, 6.087794]]}, "properties": {"id": 966, "u": 3698247736, "v": 3698247751, "safety": "safe", "district": "tangalle", "source": "ground_truth"}}, {"type": "Feature", "geometry": {"type": "LineString", "coordinates": [[80.809881, 6.088794], [80.809897, 6.088668], [80.810087, 6.088391], [80.810092, 6.088267], [80.810066, 6.088171]]}, "properties": {"id": 967, "u": 3698247751, "v": 3698247769, "safety": "safe", "district": "tangalle", "source": "ground_truth"}}, {"type": "Feature", "geometry": {"type": "LineString", "coordinates": [[80.809881, 6.088794], [80.809814, 6.088719], [80.809668, 6.088722], [80.809351, 6.088784], [80.809099, 6.08865], [80.808769, 6.088668], [80.808418, 6.088621], [80.80821, 6.088621]]}, "properties": {"id": 968, "u": 3698247757, "v": 3698247769, "safety": "safe", "district": "tangalle", "source": "ground_truth"}}, {"type": "Feature", "geometry": {"type": "LineString", "coordinates": [[80.801975, 6.094861], [80.801879, 6.094575], [80.801769, 6.094242], [80.801962, 6.093984], [80.801998, 6.093855], [80.801931, 6.093669], [80.801764, 6.093359], [80.801588, 6.09311], [80.80152, 6.092712], [80.801374, 6.092221], [80.801302, 6.091766], [80.801322, 6.090949], [80.801302, 6.0905], [80.801191, 6.089828]]}, "properties": {"id": 969, "u": 3698259175, "v": 3698259196, "safety": "safe", "district": "tangalle", "source": "ground_truth"}}, {"type": "Feature", "geometry": {"type": "LineString", "coordinates": [[80.801975, 6.094861], [80.801722, 6.094987], [80.801619, 6.09504], [80.801447, 6.095059], [80.801299, 6.095026], [80.801057, 6.094896], [80.800904, 6.094922], [80.800787, 6.094979], [80.800589, 6.095034], [80.800394, 6.095046], [80.800267, 6.094995], [80.800152, 6.095018], [80.799996, 6.095147], [80.799404, 6.095439], [80.799261, 6.095408], [80.79904, 6.095276], [80.798964, 6.095266], [80.798374, 6.095432], [80.798226, 6.095414], [80.798117, 6.09532], [80.798083, 6.095189], [80.798171, 6.094894], [80.798179, 6.09476], [80.797841, 6.094178], [80.797709, 6.094098], [80.797514, 6.094056], [80.797394, 6.093961], [80.797316, 6.093832], [80.797276, 6.093697]]}, "properties": {"id": 970, "u": 3698259186, "v": 3698259196, "safety": "safe", "district": "tangalle", "source": "ground_truth"}}, {"type": "Feature", "geometry": {"type": "LineString", "coordinates": [[80.794563, 6.091167], [80.79477, 6.091451], [80.794953, 6.091608], [80.795218, 6.091678], [80.795819, 6.091649], [80.795916, 6.09166], [80.79601, 6.091719], [80.796109, 6.091896], [80.796126, 6.091995], [80.796043, 6.092671], [80.796229, 6.092951], [80.796391, 6.093333], [80.796461, 6.093412], [80.797012, 6.09354], [80.797276, 6.093697]]}, "properties": {"id": 971, "u": 3698259186, "v": 3770150376, "safety": "safe", "district": "tangalle", "source": "ground_truth"}}, {"type": "Feature", "geometry": {"type": "LineString", "coordinates": [[80.79829, 6.093094], [80.798237, 6.093152], [80.798188, 6.093362], [80.798117, 6.093438], [80.797593, 6.093575], [80.797276, 6.093697]]}, "properties": {"id": 972, "u": 3698259186, "v": 3770150396, "safety": "safe", "district": "tangalle", "source": "ground_truth"}}, {"type": "Feature", "geometry": {"type": "LineString", "coordinates": [[80.813057, 6.068698], [80.813081, 6.067887], [80.813069, 6.066762]]}, "properties": {"id": 973, "u": 3698265436, "v": 3698468208, "safety": "safe", "district": "tangalle", "source": "ground_truth"}}, {"type": "Feature", "geometry": {"type": "LineString", "coordinates": [[80.817332, 6.068766], [80.817225, 6.068713], [80.816919, 6.068564], [80.814592, 6.067402], [80.813069, 6.066762]]}, "properties": {"id": 974, "u": 3698265436, "v": 3698468213, "safety": "safe", "district": "tangalle", "source": "ground_truth"}}, {"type": "Feature", "geometry": {"type": "LineString", "coordinates": [[80.820573, 6.075203], [80.820739, 6.075012], [80.821009, 6.075012], [80.821311, 6.075079], [80.821524, 6.075079], [80.821654, 6.074572], [80.821872, 6.073993], [80.82195, 6.073662], [80.822023, 6.073481], [80.822262, 6.073176], [80.822314, 6.073001], [80.822356, 6.072509], [80.822559, 6.071537], [80.822756, 6.070436], [80.822855, 6.070057]]}, "properties": {"id": 975, "u": 3698265463, "v": 3698265497, "safety": "safe", "district": "tangalle", "source": "ground_truth"}}, {"type": "Feature", "geometry": {"type": "LineString", "coordinates": [[80.817332, 6.068766], [80.817795, 6.068945], [80.818, 6.068968], [80.818187, 6.068991], [80.81853, 6.068991], [80.819086, 6.068929], [80.82005, 6.068944], [80.820103, 6.06901], [80.820075, 6.069168], [80.8199, 6.069459], [80.819879, 6.069529], [80.819896, 6.069589], [80.820229, 6.069811], [80.820551, 6.069935], [80.820915, 6.07], [80.821251, 6.070013], [80.821947, 6.069997], [80.822855, 6.070057]]}, "properties": {"id": 976, "u": 3698265463, "v": 3698468213, "safety": "safe", "district": "tangalle", "source": "ground_truth"}}, {"type": "Feature", "geometry": {"type": "LineString", "coordinates": [[80.823307, 6.073264], [80.823567, 6.073156], [80.82389, 6.073083], [80.824046, 6.072985], [80.824186, 6.072773], [80.824254, 6.072618], [80.824311, 6.072318], [80.824337, 6.071967], [80.824326, 6.071656], [80.82428, 6.071398], [80.824337, 6.071129], [80.824467, 6.07087], [80.824602, 6.070508], [80.8247, 6.070128]]}, "properties": {"id": 977, "u": 3698265464, "v": 3698265485, "safety": "safe", "district": "tangalle", "source": "ground_truth"}}, {"type": "Feature", "geometry": {"type": "LineString", "coordinates": [[80.823278, 6.092682], [80.820736, 6.092677], [80.818365, 6.092604]]}, "properties": {"id": 978, "u": 3698265500, "v": 3698265503, "safety": "safe", "district": "tangalle", "source": "ground_truth"}}, {"type": "Feature", "geometry": {"type": "LineString", "coordinates": [[80.827031, 6.052988], [80.826786, 6.053397]]}, "properties": {"id": 979, "u": 3698271594, "v": 3698271598, "safety": "unsafe", "district": "tangalle", "source": "ground_truth"}}, {"type": "Feature", "geometry": {"type": "LineString", "coordinates": [[80.827031, 6.052988], [80.827574, 6.053211]]}, "properties": {"id": 980, "u": 3698271594, "v": 3698271596, "safety": "unsafe", "district": "tangalle", "source": "ground_truth"}}, {"type": "Feature", "geometry": {"type": "LineString", "coordinates": [[80.827574, 6.053211], [80.827294, 6.053684]]}, "properties": {"id": 981, "u": 3698271596, "v": 3698271602, "safety": "safe", "district": "tangalle", "source": "ground_truth"}}, {"type": "Feature", "geometry": {"type": "LineString", "coordinates": [[80.827574, 6.053211], [80.828369, 6.053541]]}, "properties": {"id": 982, "u": 3698271596, "v": 3698271600, "safety": "safe", "district": "tangalle", "source": "ground_truth"}}, {"type": "Feature", "geometry": {"type": "LineString", "coordinates": [[80.826786, 6.053397], [80.827294, 6.053684]]}, "properties": {"id": 983, "u": 3698271598, "v": 3698271602, "safety": "safe", "district": "tangalle", "source": "ground_truth"}}, {"type": "Feature", "geometry": {"type": "LineString", "coordinates": [[80.828369, 6.053541], [80.828015, 6.054119]]}, "properties": {"id": 984, "u": 3698271600, "v": 3698271605, "safety": "safe", "district": "tangalle", "source": "ground_truth"}}, {"type": "Feature", "geometry": {"type": "LineString", "coordinates": [[80.827294, 6.053684], [80.828015, 6.054119]]}, "properties": {"id": 985, "u": 3698271602, "v": 3698271605, "safety": "safe", "district": "tangalle", "source": "ground_truth"}}, {"type": "Feature", "geometry": {"type": "LineString", "coordinates": [[80.826409, 6.054022], [80.826267, 6.054257]]}, "properties": {"id": 986, "u": 3698271604, "v": 3698271606, "safety": "safe", "district": "tangalle", "source": "ground_truth"}}, {"type": "Feature", "geometry": {"type": "LineString", "coordinates": [[80.826409, 6.054022], [80.826928, 6.054306]]}, "properties": {"id": 987, "u": 3698271604, "v": 3698271607, "safety": "safe", "district": "tangalle", "source": "ground_truth"}}, {"type": "Feature", "geometry": {"type": "LineString", "coordinates": [[80.826267, 6.054257], [80.826782, 6.054556]]}, "properties": {"id": 988, "u": 3698271606, "v": 3698271608, "safety": "safe", "district": "tangalle", "source": "ground_truth"}}, {"type": "Feature", "geometry": {"type": "LineString", "coordinates": [[80.826928, 6.054306], [80.826782, 6.054556]]}, "properties": {"id": 989, "u": 3698271607, "v": 3698271608, "safety": "safe", "district": "tangalle", "source": "ground_truth"}}, {"type": "Feature", "geometry": {"type": "LineString", "coordinates": [[80.826782, 6.054556], [80.827299, 6.054851]]}, "properties": {"id": 990, "u": 3698271608, "v": 3698271609, "safety": "safe", "district": "tangalle", "source": "ground_truth"}}, {"type": "Feature", "geometry": {"type": "LineString", "coordinates": [[80.8246, 6.05584], [80.824755, 6.055228], [80.825748, 6.055357]]}, "properties": {"id": 991, "u": 3698271612, "v": 3698271613, "safety": "safe", "district": "tangalle", "source": "ground_truth"}}, {"type": "Feature", "geometry": {"type": "LineString", "coordinates": [[80.816273, 6.057684], [80.816034, 6.057855], [80.81568, 6.057963], [80.815561, 6.057963], [80.815524, 6.05785], [80.815496, 6.057576], [80.814258, 6.056888], [80.814201, 6.056821], [80.814284, 6.056076], [80.813736, 6.055536], [80.81353, 6.055358]]}, "properties": {"id": 992, "u": 3698285549, "v": 3698285576, "safety": "safe", "district": "tangalle", "source": "ground_truth"}}, {"type": "Feature", "geometry": {"type": "LineString", "coordinates": [[80.795112, 6.079353], [80.794755, 6.079145], [80.794128, 6.078686], [80.793764, 6.078563], [80.793654, 6.078404], [80.793617, 6.078178], [80.793506, 6.077988], [80.793075, 6.077627], [80.792299, 6.077259], [80.79201, 6.077064], [80.791917, 6.076923], [80.791671, 6.076641], [80.791173, 6.076237], [80.790707, 6.075943]]}, "properties": {"id": 993, "u": 3698285944, "v": 3698285966, "safety": "safe", "district": "tangalle", "source": "ground_truth"}}, {"type": "Feature", "geometry": {"type": "LineString", "coordinates": [[80.795112, 6.079353], [80.795389, 6.079197], [80.79541, 6.079137], [80.795381, 6.078985], [80.795183, 6.078582], [80.795168, 6.078458], [80.795186, 6.078166], [80.795236, 6.078096], [80.795696, 6.077879], [80.795737, 6.077778], [80.795612, 6.077488], [80.795615, 6.077199], [80.795675, 6.07685], [80.79574, 6.076796], [80.796086, 6.076759], [80.796569, 6.076638], [80.796621, 6.076558], [80.796598, 6.074022], [80.791977, 6.073971], [80.791146, 6.075415], [80.790707, 6.075943]]}, "properties": {"id": 994, "u": 3698285944, "v": 3698285966, "safety": "safe", "district": "tangalle", "source": "ground_truth"}}, {"type": "Feature", "geometry": {"type": "LineString", "coordinates": [[80.794824, 6.064956], [80.794853, 6.064795], [80.794864, 6.064145]]}, "properties": {"id": 995, "u": 3698300779, "v": 3698300782, "safety": "safe", "district": "tangalle", "source": "ground_truth"}}, {"type": "Feature", "geometry": {"type": "LineString", "coordinates": [[80.794438, 6.065471], [80.794489, 6.065292], [80.794824, 6.064956]]}, "properties": {"id": 996, "u": 3698300782, "v": 3698300791, "safety": "safe", "district": "tangalle", "source": "ground_truth"}}, {"type": "Feature", "geometry": {"type": "LineString", "coordinates": [[80.79689, 6.066067], [80.796695, 6.065979], [80.796224, 6.06595], [80.796007, 6.065972], [80.79589, 6.065957], [80.79579, 6.065797], [80.795643, 6.065621], [80.79543, 6.065464], [80.795287, 6.065409], [80.795074, 6.065405], [80.795, 6.06534], [80.794952, 6.065204], [80.794952, 6.065051], [80.794824, 6.064956]]}, "properties": {"id": 997, "u": 3698300782, "v": 3698300799, "safety": "safe", "district": "tangalle", "source": "ground_truth"}}, {"type": "Feature", "geometry": {"type": "LineString", "coordinates": [[80.775709, 6.069608], [80.775662, 6.069468], [80.775644, 6.069292], [80.77567, 6.069011], [80.775735, 6.068819], [80.775818, 6.068695], [80.775878, 6.06853], [80.775953, 6.068126], [80.775971, 6.067852], [80.775893, 6.067666]]}, "properties": {"id": 998, "u": 3698300800, "v": 3698300823, "safety": "safe", "district": "tangalle", "source": "ground_truth"}}, {"type": "Feature", "geometry": {"type": "LineString", "coordinates": [[80.783419, 6.069599], [80.783055, 6.069863]]}, "properties": {"id": 999, "u": 3698300822, "v": 3698301930, "safety": "safe", "district": "tangalle", "source": "ground_truth"}}, {"type": "Feature", "geometry": {"type": "LineString", "coordinates": [[80.784054, 6.07202], [80.784087, 6.071733], [80.784304, 6.070702], [80.784286, 6.070578], [80.783701, 6.070392], [80.783363, 6.070329], [80.78326, 6.070267], [80.783419, 6.069599]]}, "properties": {"id": 1000, "u": 3698300822, "v": 3698301991, "safety": "safe", "district": "tangalle", "source": "ground_truth"}}, {"type": "Feature", "geometry": {"type": "LineString", "coordinates": [[80.775382, 6.074109], [80.775543, 6.07383], [80.775697, 6.073428], [80.775774, 6.07315], [80.775774, 6.07243], [80.775738, 6.072328], [80.775646, 6.072277], [80.775172, 6.072112], [80.775098, 6.072054], [80.775102, 6.071929], [80.775172, 6.071681], [80.775377, 6.071118], [80.775461, 6.070622], [80.775614, 6.070216], [80.775645, 6.069694], [80.775709, 6.069608]]}, "properties": {"id": 1001, "u": 3698300823, "v": 3698302062, "safety": "safe", "district": "tangalle", "source": "ground_truth"}}, {"type": "Feature", "geometry": {"type": "LineString", "coordinates": [[80.779689, 6.07111], [80.779473, 6.071107], [80.778672, 6.071244], [80.777656, 6.071311], [80.777542, 6.071303], [80.777396, 6.071218], [80.777318, 6.071063], [80.777373, 6.070419], [80.77737, 6.070244], [80.777297, 6.070081], [80.777157, 6.070019], [80.776868, 6.070006], [80.776663, 6.069946], [80.776211, 6.069758], [80.775709, 6.069608]]}, "properties": {"id": 1002, "u": 3698300823, "v": 3698301959, "safety": "safe", "district": "tangalle", "source": "ground_truth"}}, {"type": "Feature", "geometry": {"type": "LineString", "coordinates": [[80.784054, 6.07202], [80.783409, 6.07212], [80.782923, 6.072252], [80.782842, 6.072242], [80.782351, 6.072061], [80.781488, 6.071691], [80.780581, 6.071459], [80.780118, 6.071363], [80.779848, 6.071177], [80.779689, 6.07111]]}, "properties": {"id": 1003, "u": 3698301959, "v": 3698301991, "safety": "safe", "district": "tangalle", "source": "ground_truth"}}, {"type": "Feature", "geometry": {"type": "LineString", "coordinates": [[80.780947, 6.066752], [80.780796, 6.06736], [80.780605, 6.068348], [80.780507, 6.069552], [80.780548, 6.069826], [80.780511, 6.069913], [80.780277, 6.070168], [80.780131, 6.070261], [80.780012, 6.070396], [80.779915, 6.070713], [80.779689, 6.07111]]}, "properties": {"id": 1004, "u": 3698301959, "v": 3698317162, "safety": "safe", "district": "tangalle", "source": "ground_truth"}}, {"type": "Feature", "geometry": {"type": "LineString", "coordinates": [[80.778352, 6.084913], [80.778404, 6.084431], [80.778388, 6.083386], [80.778279, 6.083154], [80.778289, 6.082606], [80.778066, 6.082104], [80.778055, 6.081903], [80.778076, 6.081655], [80.77803, 6.081443]]}, "properties": {"id": 1005, "u": 3698302554, "v": 3698302568, "safety": "safe", "district": "tangalle", "source": "ground_truth"}}, {"type": "Feature", "geometry": {"type": "LineString", "coordinates": [[80.783949, 6.058149], [80.783882, 6.05832]]}, "properties": {"id": 1006, "u": 3698310074, "v": 3698310079, "safety": "safe", "district": "tangalle", "source": "ground_truth"}}, {"type": "Feature", "geometry": {"type": "LineString", "coordinates": [[80.783949, 6.058149], [80.784594, 6.058073]]}, "properties": {"id": 1007, "u": 3698310074, "v": 3698326041, "safety": "safe", "district": "tangalle", "source": "ground_truth"}}, {"type": "Feature", "geometry": {"type": "LineString", "coordinates": [[80.783886, 6.056576], [80.783977, 6.056964], [80.784076, 6.057543], [80.784044, 6.057874], [80.783949, 6.058149]]}, "properties": {"id": 1008, "u": 3698310074, "v": 3698326014, "safety": "safe", "district": "tangalle", "source": "ground_truth"}}, {"type": "Feature", "geometry": {"type": "LineString", "coordinates": [[80.783882, 6.05832], [80.783716, 6.05874]]}, "properties": {"id": 1009, "u": 3698310079, "v": 3698310086, "safety": "safe", "district": "tangalle", "source": "ground_truth"}}, {"type": "Feature", "geometry": {"type": "LineString", "coordinates": [[80.781297, 6.057858], [80.782753, 6.058184], [80.783882, 6.05832]]}, "properties": {"id": 1010, "u": 3698310079, "v": 3698326038, "safety": "safe", "district": "tangalle", "source": "ground_truth"}}, {"type": "Feature", "geometry": {"type": "LineString", "coordinates": [[80.782576, 6.058772], [80.7826, 6.059434]]}, "properties": {"id": 1011, "u": 3698310085, "v": 3698310091, "safety": "safe", "district": "tangalle", "source": "ground_truth"}}, {"type": "Feature", "geometry": {"type": "LineString", "coordinates": [[80.781553, 6.059569], [80.781575, 6.05879], [80.782576, 6.058772]]}, "properties": {"id": 1012, "u": 3698310085, "v": 3698317030, "safety": "safe", "district": "tangalle", "source": "ground_truth"}}, {"type": "Feature", "geometry": {"type": "LineString", "coordinates": [[80.783716, 6.05874], [80.783486, 6.058747], [80.782576, 6.058772]]}, "properties": {"id": 1013, "u": 3698310085, "v": 3698310086, "safety": "safe", "district": "tangalle", "source": "ground_truth"}}, {"type": "Feature", "geometry": {"type": "LineString", "coordinates": [[80.783716, 6.05874], [80.78354, 6.059278]]}, "properties": {"id": 1014, "u": 3698310086, "v": 3698310090, "safety": "safe", "district": "tangalle", "source": "ground_truth"}}, {"type": "Feature", "geometry": {"type": "LineString", "coordinates": [[80.784704, 6.059024], [80.784264, 6.059107]]}, "properties": {"id": 1015, "u": 3698310088, "v": 3698310089, "safety": "safe", "district": "tangalle", "source": "ground_truth"}}, {"type": "Feature", "geometry": {"type": "LineString", "coordinates": [[80.787642, 6.058461], [80.787472, 6.058498], [80.787429, 6.058564], [80.787666, 6.059088], [80.787698, 6.059202], [80.787672, 6.059466], [80.78764, 6.059595], [80.787349, 6.05997], [80.787306, 6.059981], [80.786688, 6.059699], [80.786119, 6.059496], [80.785601, 6.059423], [80.785472, 6.059464], [80.785404, 6.059461], [80.785365, 6.059426], [80.785338, 6.05934], [80.785325, 6.059236], [80.785345, 6.058997], [80.785302, 6.058929], [80.785252, 6.058911], [80.784704, 6.059024]]}, "properties": {"id": 1016, "u": 3698310088, "v": 3698316803, "safety": "safe", "district": "tangalle", "source": "ground_truth"}}, {"type": "Feature", "geometry": {"type": "LineString", "coordinates": [[80.784594, 6.058073], [80.784853, 6.058068], [80.785019, 6.058081], [80.785047, 6.058108], [80.784704, 6.059024]]}, "properties": {"id": 1017, "u": 3698310088, "v": 3698326041, "safety": "safe", "district": "tangalle", "source": "ground_truth"}}, {"type": "Feature", "geometry": {"type": "LineString", "coordinates": [[80.784264, 6.059107], [80.78354, 6.059278]]}, "properties": {"id": 1018, "u": 3698310089, "v": 3698310090, "safety": "safe", "district": "tangalle", "source": "ground_truth"}}, {"type": "Feature", "geometry": {"type": "LineString", "coordinates": [[80.784594, 6.058073], [80.784555, 6.058306], [80.784414, 6.058706], [80.784264, 6.059107]]}, "properties": {"id": 1019, "u": 3698310089, "v": 3698326041, "safety": "safe", "district": "tangalle", "source": "ground_truth"}}, {"type": "Feature", "geometry": {"type": "LineString", "coordinates": [[80.78354, 6.059278], [80.7826, 6.059434]]}, "properties": {"id": 1020, "u": 3698310090, "v": 3698310091, "safety": "safe", "district": "tangalle", "source": "ground_truth"}}, {"type": "Feature", "geometry": {"type": "LineString", "coordinates": [[80.781553, 6.059569], [80.781627, 6.059503], [80.7826, 6.059434]]}, "properties": {"id": 1021, "u": 3698310091, "v": 3698317030, "safety": "safe", "district": "tangalle", "source": "ground_truth"}}, {"type": "Feature", "geometry": {"type": "LineString", "coordinates": [[80.788962, 6.058655], [80.788458, 6.058679], [80.788229, 6.05863], [80.787807, 6.05849], [80.787642, 6.058461]]}, "properties": {"id": 1022, "u": 3698316803, "v": 3698316808, "safety": "safe", "district": "tangalle", "source": "ground_truth"}}, {"type": "Feature", "geometry": {"type": "LineString", "coordinates": [[80.787544, 6.057559], [80.787585, 6.058092], [80.787642, 6.058461]]}, "properties": {"id": 1023, "u": 3698316803, "v": 3698326032, "safety": "safe", "district": "tangalle", "source": "ground_truth"}}, {"type": "Feature", "geometry": {"type": "LineString", "coordinates": [[80.789021, 6.057578], [80.788939, 6.058435], [80.788962, 6.058655]]}, "properties": {"id": 1024, "u": 3698316808, "v": 3698326034, "safety": "safe", "district": "tangalle", "source": "ground_truth"}}, {"type": "Feature", "geometry": {"type": "LineString", "coordinates": [[80.788729, 6.064288], [80.789047, 6.060418], [80.789068, 6.059525], [80.788962, 6.058655]]}, "properties": {"id": 1025, "u": 3698316808, "v": 3698317123, "safety": "safe", "district": "tangalle", "source": "ground_truth"}}, {"type": "Feature", "geometry": {"type": "LineString", "coordinates": [[80.781403, 6.060654], [80.78147, 6.060539], [80.781529, 6.060365], [80.78152, 6.059964], [80.781553, 6.059569]]}, "properties": {"id": 1026, "u": 3698317030, "v": 3698317045, "safety": "safe", "district": "tangalle", "source": "ground_truth"}}, {"type": "Feature", "geometry": {"type": "LineString", "coordinates": [[80.781403, 6.060654], [80.781999, 6.060723], [80.782547, 6.060849], [80.7828, 6.06087], [80.783072, 6.060861], [80.783605, 6.060804], [80.783841, 6.060667], [80.783943, 6.060643], [80.784418, 6.060628], [80.786113, 6.060475]]}, "properties": {"id": 1027, "u": 3698317039, "v": 3698317045, "safety": "safe", "district": "tangalle", "source": "ground_truth"}}, {"type": "Feature", "geometry": {"type": "LineString", "coordinates": [[80.779632, 6.063486], [80.779512, 6.062602], [80.779511, 6.062564], [80.779611, 6.062392], [80.779611, 6.061848], [80.779972, 6.060864], [80.780016, 6.060829], [80.780117, 6.06086], [80.780545, 6.061197], [80.780991, 6.061276], [80.781174, 6.061222], [80.781233, 6.061147], [80.781403, 6.060654]]}, "properties": {"id": 1028, "u": 3698317045, "v": 3698317099, "safety": "safe", "district": "tangalle", "source": "ground_truth"}}, {"type": "Feature", "geometry": {"type": "LineString", "coordinates": [[80.78134, 6.063601], [80.781507, 6.063436], [80.781637, 6.063013], [80.781678, 6.062671], [80.781746, 6.062428], [80.781819, 6.06232]]}, "properties": {"id": 1029, "u": 3698317066, "v": 3698317105, "safety": "safe", "district": "tangalle", "source": "ground_truth"}}, {"type": "Feature", "geometry": {"type": "LineString", "coordinates": [[80.782049, 6.063468], [80.78134, 6.063601]]}, "properties": {"id": 1030, "u": 3698317095, "v": 3698317105, "safety": "safe", "district": "tangalle", "source": "ground_truth"}}, {"type": "Feature", "geometry": {"type": "LineString", "coordinates": [[80.780925, 6.066132], [80.781444, 6.066148], [80.781733, 6.066099], [80.782307, 6.065934], [80.782276, 6.065613], [80.782313, 6.065313], [80.782396, 6.064936], [80.782396, 6.064636], [80.78225, 6.064046], [80.782049, 6.063468]]}, "properties": {"id": 1031, "u": 3698317095, "v": 3698317158, "safety": "safe", "district": "tangalle", "source": "ground_truth"}}, {"type": "Feature", "geometry": {"type": "LineString", "coordinates": [[80.788729, 6.064288], [80.788274, 6.064268], [80.787912, 6.06424], [80.787722, 6.064183], [80.787561, 6.064041], [80.787436, 6.063878], [80.786898, 6.063637], [80.786745, 6.063531], [80.786584, 6.063335], [80.78628, 6.062828], [80.786139, 6.062668], [80.786027, 6.062578], [80.785892, 6.062541], [80.785604, 6.062546], [80.785183, 6.062632], [80.783875, 6.06302], [80.782049, 6.063468]]}, "properties": {"id": 1032, "u": 3698317095, "v": 3698317123, "safety": "safe", "district": "tangalle", "source": "ground_truth"}}, {"type": "Feature", "geometry": {"type": "LineString", "coordinates": [[80.780757, 6.063557], [80.780438, 6.063487], [80.779632, 6.063486]]}, "properties": {"id": 1033, "u": 3698317099, "v": 3698317103, "safety": "safe", "district": "tangalle", "source": "ground_truth"}}, {"type": "Feature", "geometry": {"type": "LineString", "coordinates": [[80.780595, 6.066046], [80.780261, 6.066025], [80.779934, 6.066053], [80.77958, 6.065892], [80.779476, 6.065753], [80.779398, 6.065603], [80.779123, 6.065541], [80.778904, 6.065442], [80.778738, 6.065334], [80.778135, 6.065349], [80.777984, 6.065249], [80.777961, 6.065173], [80.777969, 6.064757], [80.777942, 6.064506], [80.777862, 6.064247], [80.777709, 6.064072], [80.777472, 6.06393], [80.777287, 6.063836], [80.777053, 6.063764], [80.777039, 6.063715], [80.777051, 6.063669], [80.777259, 6.063195], [80.777407, 6.063118], [80.777758, 6.063074], [80.77795, 6.06311], [80.778174, 6.063219], [80.778923, 6.063449], [80.77924, 6.063469], [80.779632, 6.063486]]}, "properties": {"id": 1034, "u": 3698317099, "v": 3698317152, "safety": "safe", "district": "tangalle", "source": "ground_truth"}}, {"type": "Feature", "geometry": {"type": "LineString", "coordinates": [[80.78134, 6.063601], [80.780865, 6.063591], [80.780757, 6.063557]]}, "properties": {"id": 1035, "u": 3698317103, "v": 3698317105, "safety": "safe", "district": "tangalle", "source": "ground_truth"}}, {"type": "Feature", "geometry": {"type": "LineString", "coordinates": [[80.780595, 6.066046], [80.780607, 6.065815], [80.780649, 6.06537], [80.780649, 6.065018], [80.780592, 6.064698], [80.780612, 6.064315], [80.78067, 6.063866], [80.780757, 6.063557]]}, "properties": {"id": 1036, "u": 3698317103, "v": 3698317152, "safety": "safe", "district": "tangalle", "source": "ground_truth"}}, {"type": "Feature", "geometry": {"type": "LineString", "coordinates": [[80.780925, 6.066132], [80.780826, 6.066089], [80.780595, 6.066046]]}, "properties": {"id": 1037, "u": 3698317152, "v": 3698317158, "safety": "safe", "district": "tangalle", "source": "ground_truth"}}, {"type": "Feature", "geometry": {"type": "LineString", "coordinates": [[80.780947, 6.066752], [80.781011, 6.066571], [80.781038, 6.066404], [80.781009, 6.066257], [80.780925, 6.066132]]}, "properties": {"id": 1038, "u": 3698317158, "v": 3698317162, "safety": "safe", "district": "tangalle", "source": "ground_truth"}}, {"type": "Feature", "geometry": {"type": "LineString", "coordinates": [[80.783413, 6.069139], [80.783465, 6.069071], [80.783511, 6.06872], [80.783579, 6.06841], [80.783673, 6.067003], [80.78334, 6.066905], [80.781411, 6.066791], [80.780947, 6.066752]]}, "properties": {"id": 1039, "u": 3698317162, "v": 3698553045, "safety": "safe", "district": "tangalle", "source": "ground_truth"}}, {"type": "Feature", "geometry": {"type": "LineString", "coordinates": [[80.783445, 6.050482], [80.783653, 6.050306], [80.783861, 6.049877], [80.784028, 6.049665], [80.784288, 6.04949]]}, "properties": {"id": 1040, "u": 3698325375, "v": 3698325395, "safety": "safe", "district": "tangalle", "source": "ground_truth"}}, {"type": "Feature", "geometry": {"type": "LineString", "coordinates": [[80.780381, 6.050327], [80.780857, 6.050306], [80.780948, 6.050284]]}, "properties": {"id": 1041, "u": 3698325389, "v": 3698325394, "safety": "safe", "district": "tangalle", "source": "ground_truth"}}, {"type": "Feature", "geometry": {"type": "LineString", "coordinates": [[80.783445, 6.050482], [80.783081, 6.050374], [80.782556, 6.049888], [80.782343, 6.049764], [80.78213, 6.049774], [80.781927, 6.049976], [80.781766, 6.050265], [80.781408, 6.050331], [80.780948, 6.050284]]}, "properties": {"id": 1042, "u": 3698325389, "v": 3698325395, "safety": "safe", "district": "tangalle", "source": "ground_truth"}}, {"type": "Feature", "geometry": {"type": "LineString", "coordinates": [[80.783305, 6.051744], [80.782994, 6.051792], [80.782687, 6.051735], [80.782323, 6.051616], [80.781975, 6.051539], [80.781548, 6.051539], [80.781174, 6.051482], [80.781132, 6.05114], [80.780948, 6.050284]]}, "properties": {"id": 1043, "u": 3698325389, "v": 3698325405, "safety": "safe", "district": "tangalle", "source": "ground_truth"}}, {"type": "Feature", "geometry": {"type": "LineString", "coordinates": [[80.783305, 6.051744], [80.783445, 6.050922], [80.783445, 6.050482]]}, "properties": {"id": 1044, "u": 3698325395, "v": 3698325405, "safety": "safe", "district": "tangalle", "source": "ground_truth"}}, {"type": "Feature", "geometry": {"type": "LineString", "coordinates": [[80.782931, 6.054433], [80.783014, 6.053998], [80.783329, 6.052857], [80.783311, 6.052266], [80.783305, 6.051744]]}, "properties": {"id": 1045, "u": 3698325405, "v": 3698325947, "safety": "safe", "district": "tangalle", "source": "ground_truth"}}, {"type": "Feature", "geometry": {"type": "LineString", "coordinates": [[80.784925, 6.054987], [80.784954, 6.054596], [80.784969, 6.054394], [80.784983, 6.054218], [80.785011, 6.053844], [80.785053, 6.053279], [80.785058, 6.053215], [80.785068, 6.053081], [80.785082, 6.052892], [80.785348, 6.052866], [80.785405, 6.052778], [80.78542, 6.0518]]}, "properties": {"id": 1046, "u": 3698325407, "v": 3698325974, "safety": "safe", "district": "tangalle", "source": "ground_truth"}}, {"type": "Feature", "geometry": {"type": "LineString", "coordinates": [[80.790872, 6.043211], [80.790724, 6.043472], [80.790234, 6.044241], [80.790162, 6.044414], [80.790129, 6.044559], [80.790074, 6.045076], [80.790063, 6.045204], [80.79005, 6.045334], [80.790083, 6.045583], [80.790146, 6.045778], [80.790257, 6.046029], [80.790387, 6.046289], [80.790472, 6.046567], [80.790484, 6.046918], [80.790433, 6.04729], [80.790364, 6.047535], [80.790303, 6.047655], [80.790277, 6.047798], [80.790268, 6.048157], [80.790221, 6.048301], [80.790026, 6.048602], [80.789934, 6.048834], [80.789944, 6.048979], [80.789985, 6.049101], [80.790311, 6.049677], [80.790604, 6.050136], [80.790673, 6.050335], [80.790723, 6.05063], [80.790732, 6.05108], [80.790549, 6.05178], [80.790516, 6.051915], [80.790305, 6.052701], [80.789945, 6.053646]]}, "properties": {"id": 1047, "u": 3698325423, "v": 13586593600, "safety": "unsafe", "district": "tangalle", "source": "ground_truth"}}, {"type": "Feature", "geometry": {"type": "LineString", "coordinates": [[80.789254, 6.055409], [80.789378, 6.054943], [80.789547, 6.054468], [80.789945, 6.053646]]}, "properties": {"id": 1048, "u": 3698325423, "v": 3698325991, "safety": "safe", "district": "tangalle", "source": "ground_truth"}}, {"type": "Feature", "geometry": {"type": "LineString", "coordinates": [[80.788901, 6.05422], [80.789593, 6.053683], [80.789786, 6.053621], [80.789945, 6.053646]]}, "properties": {"id": 1049, "u": 3698325423, "v": 3698325939, "safety": "safe", "district": "tangalle", "source": "ground_truth"}}, {"type": "Feature", "geometry": {"type": "LineString", "coordinates": [[80.778659, 6.054029], [80.779604, 6.054029]]}, "properties": {"id": 1050, "u": 3698325931, "v": 3698325932, "safety": "safe", "district": "tangalle", "source": "ground_truth"}}, {"type": "Feature", "geometry": {"type": "LineString", "coordinates": [[80.779598, 6.054921], [80.779567, 6.054682], [80.779604, 6.054029]]}, "properties": {"id": 1051, "u": 3698325932, "v": 3698325967, "safety": "safe", "district": "tangalle", "source": "ground_truth"}}, {"type": "Feature", "geometry": {"type": "LineString", "coordinates": [[80.780295, 6.05415], [80.779696, 6.054029], [80.779604, 6.054029]]}, "properties": {"id": 1052, "u": 3698325932, "v": 3698325937, "safety": "safe", "district": "tangalle", "source": "ground_truth"}}, {"type": "Feature", "geometry": {"type": "LineString", "coordinates": [[80.787654, 6.055229], [80.787423, 6.054886], [80.787246, 6.054584], [80.787148, 6.05431], [80.787088, 6.054044]]}, "properties": {"id": 1053, "u": 3698325934, "v": 3698325985, "safety": "safe", "district": "tangalle", "source": "ground_truth"}}, {"type": "Feature", "geometry": {"type": "LineString", "coordinates": [[80.780295, 6.05415], [80.78127, 6.054292]]}, "properties": {"id": 1054, "u": 3698325937, "v": 3698325940, "safety": "safe", "district": "tangalle", "source": "ground_truth"}}, {"type": "Feature", "geometry": {"type": "LineString", "coordinates": [[80.780321, 6.055009], [80.78029, 6.054615], [80.780295, 6.05415]]}, "properties": {"id": 1055, "u": 3698325937, "v": 3698325978, "safety": "safe", "district": "tangalle", "source": "ground_truth"}}, {"type": "Feature", "geometry": {"type": "LineString", "coordinates": [[80.788901, 6.05422], [80.788337, 6.054682]]}, "properties": {"id": 1056, "u": 3698325939, "v": 3698325958, "safety": "safe", "district": "tangalle", "source": "ground_truth"}}, {"type": "Feature", "geometry": {"type": "LineString", "coordinates": [[80.788337, 6.054682], [80.788047, 6.054077], [80.788104, 6.053901], [80.788302, 6.053777], [80.788588, 6.05371], [80.788901, 6.05422]]}, "properties": {"id": 1057, "u": 3698325939, "v": 3698325958, "safety": "safe", "district": "tangalle", "source": "ground_truth"}}, {"type": "Feature", "geometry": {"type": "LineString", "coordinates": [[80.780321, 6.055009], [80.781241, 6.054997], [80.781221, 6.054548], [80.78127, 6.054292]]}, "properties": {"id": 1058, "u": 3698325940, "v": 3698325978, "safety": "safe", "district": "tangalle", "source": "ground_truth"}}, {"type": "Feature", "geometry": {"type": "LineString", "coordinates": [[80.782931, 6.054433], [80.782827, 6.054381], [80.782317, 6.054428], [80.781954, 6.054366], [80.78127, 6.054292]]}, "properties": {"id": 1059, "u": 3698325940, "v": 3698325947, "safety": "safe", "district": "tangalle", "source": "ground_truth"}}, {"type": "Feature", "geometry": {"type": "LineString", "coordinates": [[80.78425, 6.054902], [80.784088, 6.054834], [80.783815, 6.054795], [80.783357, 6.054691], [80.783113, 6.054665], [80.782983, 6.054614], [80.782931, 6.054433]]}, "properties": {"id": 1060, "u": 3698325947, "v": 3698325965, "safety": "safe", "district": "tangalle", "source": "ground_truth"}}, {"type": "Feature", "geometry": {"type": "LineString", "coordinates": [[80.789254, 6.055409], [80.789589, 6.055439], [80.789883, 6.055425], [80.790225, 6.055374], [80.790321, 6.055322], [80.790394, 6.05514], [80.790413, 6.054931], [80.790376, 6.054569]]}, "properties": {"id": 1061, "u": 3698325951, "v": 3698325991, "safety": "safe", "district": "tangalle", "source": "ground_truth"}}, {"type": "Feature", "geometry": {"type": "LineString", "coordinates": [[80.788337, 6.054682], [80.787654, 6.055229]]}, "properties": {"id": 1062, "u": 3698325958, "v": 3698325985, "safety": "safe", "district": "tangalle", "source": "ground_truth"}}, {"type": "Feature", "geometry": {"type": "LineString", "coordinates": [[80.78425, 6.054902], [80.784114, 6.055342]]}, "properties": {"id": 1063, "u": 3698325965, "v": 3698325988, "safety": "safe", "district": "tangalle", "source": "ground_truth"}}, {"type": "Feature", "geometry": {"type": "LineString", "coordinates": [[80.78425, 6.054902], [80.784603, 6.054951]]}, "properties": {"id": 1064, "u": 3698325965, "v": 3698325972, "safety": "safe", "district": "tangalle", "source": "ground_truth"}}, {"type": "Feature", "geometry": {"type": "LineString", "coordinates": [[80.778897, 6.054904], [80.779598, 6.054921]]}, "properties": {"id": 1065, "u": 3698325966, "v": 3698325967, "safety": "safe", "district": "tangalle", "source": "ground_truth"}}, {"type": "Feature", "geometry": {"type": "LineString", "coordinates": [[80.780321, 6.055009], [80.780087, 6.055003], [80.779598, 6.054921]]}, "properties": {"id": 1066, "u": 3698325967, "v": 3698325978, "safety": "safe", "district": "tangalle", "source": "ground_truth"}}, {"type": "Feature", "geometry": {"type": "LineString", "coordinates": [[80.784603, 6.054951], [80.785087, 6.056103]]}, "properties": {"id": 1067, "u": 3698325972, "v": 3698326005, "safety": "safe", "district": "tangalle", "source": "ground_truth"}}, {"type": "Feature", "geometry": {"type": "LineString", "coordinates": [[80.784603, 6.054951], [80.784925, 6.054987]]}, "properties": {"id": 1068, "u": 3698325972, "v": 3698325974, "safety": "safe", "district": "tangalle", "source": "ground_truth"}}, {"type": "Feature", "geometry": {"type": "LineString", "coordinates": [[80.784925, 6.054987], [80.785285, 6.055023]]}, "properties": {"id": 1069, "u": 3698325974, "v": 3698325980, "safety": "safe", "district": "tangalle", "source": "ground_truth"}}, {"type": "Feature", "geometry": {"type": "LineString", "coordinates": [[80.782847, 6.054991], [80.784114, 6.055342]]}, "properties": {"id": 1070, "u": 3698325975, "v": 3698325988, "safety": "safe", "district": "tangalle", "source": "ground_truth"}}, {"type": "Feature", "geometry": {"type": "LineString", "coordinates": [[80.785285, 6.055023], [80.785601, 6.055873]]}, "properties": {"id": 1071, "u": 3698325980, "v": 3698326001, "safety": "safe", "district": "tangalle", "source": "ground_truth"}}, {"type": "Feature", "geometry": {"type": "LineString", "coordinates": [[80.786523, 6.05543], [80.786037, 6.055158], [80.785285, 6.055023]]}, "properties": {"id": 1072, "u": 3698325980, "v": 3698325994, "safety": "safe", "district": "tangalle", "source": "ground_truth"}}, {"type": "Feature", "geometry": {"type": "LineString", "coordinates": [[80.786523, 6.05543], [80.786708, 6.055508], [80.786848, 6.055531], [80.787014, 6.055503], [80.78736, 6.055371], [80.787654, 6.055229]]}, "properties": {"id": 1073, "u": 3698325985, "v": 3698325994, "safety": "safe", "district": "tangalle", "source": "ground_truth"}}, {"type": "Feature", "geometry": {"type": "LineString", "coordinates": [[80.784114, 6.055342], [80.784556, 6.056297]]}, "properties": {"id": 1074, "u": 3698325988, "v": 3698326008, "safety": "safe", "district": "tangalle", "source": "ground_truth"}}, {"type": "Feature", "geometry": {"type": "LineString", "coordinates": [[80.783886, 6.056576], [80.783827, 6.056395], [80.783805, 6.056164], [80.784114, 6.055342]]}, "properties": {"id": 1075, "u": 3698325988, "v": 3698326014, "safety": "safe", "district": "tangalle", "source": "ground_truth"}}, {"type": "Feature", "geometry": {"type": "LineString", "coordinates": [[80.785601, 6.055873], [80.786472, 6.05548], [80.786523, 6.05543]]}, "properties": {"id": 1076, "u": 3698325994, "v": 3698326001, "safety": "safe", "district": "tangalle", "source": "ground_truth"}}, {"type": "Feature", "geometry": {"type": "LineString", "coordinates": [[80.785601, 6.055873], [80.785087, 6.056103]]}, "properties": {"id": 1077, "u": 3698326001, "v": 3698326005, "safety": "safe", "district": "tangalle", "source": "ground_truth"}}, {"type": "Feature", "geometry": {"type": "LineString", "coordinates": [[80.785087, 6.056103], [80.784556, 6.056297]]}, "properties": {"id": 1078, "u": 3698326005, "v": 3698326008, "safety": "safe", "district": "tangalle", "source": "ground_truth"}}, {"type": "Feature", "geometry": {"type": "LineString", "coordinates": [[80.784556, 6.056297], [80.783886, 6.056576]]}, "properties": {"id": 1079, "u": 3698326008, "v": 3698326014, "safety": "safe", "district": "tangalle", "source": "ground_truth"}}, {"type": "Feature", "geometry": {"type": "LineString", "coordinates": [[80.783886, 6.056576], [80.783132, 6.056703]]}, "properties": {"id": 1080, "u": 3698326014, "v": 3698326017, "safety": "safe", "district": "tangalle", "source": "ground_truth"}}, {"type": "Feature", "geometry": {"type": "LineString", "coordinates": [[80.787544, 6.057559], [80.787148, 6.057449], [80.787048, 6.057445], [80.787048, 6.057157], [80.786706, 6.057087]]}, "properties": {"id": 1081, "u": 3698326023, "v": 3698326032, "safety": "safe", "district": "tangalle", "source": "ground_truth"}}, {"type": "Feature", "geometry": {"type": "LineString", "coordinates": [[80.789021, 6.057578], [80.78857, 6.057632], [80.788379, 6.057628], [80.787747, 6.057533], [80.787544, 6.057559]]}, "properties": {"id": 1082, "u": 3698326032, "v": 3698326034, "safety": "safe", "district": "tangalle", "source": "ground_truth"}}, {"type": "Feature", "geometry": {"type": "LineString", "coordinates": [[80.817332, 6.068766], [80.81716, 6.068722], [80.816875, 6.068673], [80.815732, 6.068696], [80.813057, 6.068698]]}, "properties": {"id": 1083, "u": 3698468208, "v": 3698468213, "safety": "safe", "district": "tangalle", "source": "ground_truth"}}, {"type": "Feature", "geometry": {"type": "LineString", "coordinates": [[80.773805, 6.088274], [80.773889, 6.088914]]}, "properties": {"id": 1084, "u": 3698544613, "v": 3698544617, "safety": "safe", "district": "tangalle", "source": "ground_truth"}}, {"type": "Feature", "geometry": {"type": "LineString", "coordinates": [[80.783551, 6.090198], [80.783407, 6.091053]]}, "properties": {"id": 1085, "u": 3698545707, "v": 3770135592, "safety": "safe", "district": "tangalle", "source": "ground_truth"}}, {"type": "Feature", "geometry": {"type": "LineString", "coordinates": [[80.783551, 6.090198], [80.782908, 6.090103]]}, "properties": {"id": 1086, "u": 3698545707, "v": 3698550093, "safety": "safe", "district": "tangalle", "source": "ground_truth"}}, {"type": "Feature", "geometry": {"type": "LineString", "coordinates": [[80.782908, 6.090103], [80.782913, 6.089819], [80.782944, 6.089475], [80.78291, 6.089175]]}, "properties": {"id": 1087, "u": 3698550086, "v": 3698550093, "safety": "safe", "district": "tangalle", "source": "ground_truth"}}, {"type": "Feature", "geometry": {"type": "LineString", "coordinates": [[80.78035, 6.090959], [80.780282, 6.090584], [80.780041, 6.090429], [80.779846, 6.090364], [80.779783, 6.090315], [80.77989, 6.090131], [80.780041, 6.090075], [80.780347, 6.09008], [80.780784, 6.090131], [80.78147, 6.090075], [80.782323, 6.090054], [80.782908, 6.090103]]}, "properties": {"id": 1088, "u": 3698550093, "v": 3698550103, "safety": "safe", "district": "tangalle", "source": "ground_truth"}}, {"type": "Feature", "geometry": {"type": "LineString", "coordinates": [[80.782926, 6.093527], [80.783085, 6.092756]]}, "properties": {"id": 1089, "u": 3770023007, "v": 3770135615, "safety": "safe", "district": "tangalle", "source": "ground_truth"}}, {"type": "Feature", "geometry": {"type": "LineString", "coordinates": [[80.783407, 6.091053], [80.783658, 6.09107], [80.784574, 6.091049], [80.784784, 6.091027], [80.784904, 6.090959], [80.785009, 6.090837], [80.785341, 6.09054], [80.78549, 6.090474], [80.785712, 6.090474], [80.785917, 6.090516], [80.786087, 6.090621]]}, "properties": {"id": 1090, "u": 3770135587, "v": 3770135592, "safety": "safe", "district": "tangalle", "source": "ground_truth"}}, {"type": "Feature", "geometry": {"type": "LineString", "coordinates": [[80.783407, 6.091053], [80.783085, 6.092756]]}, "properties": {"id": 1091, "u": 3770135592, "v": 3770135615, "safety": "safe", "district": "tangalle", "source": "ground_truth"}}, {"type": "Feature", "geometry": {"type": "LineString", "coordinates": [[80.783085, 6.092756], [80.783621, 6.092588], [80.783858, 6.092475], [80.784067, 6.092446], [80.784591, 6.092454], [80.784794, 6.092495], [80.784896, 6.092539], [80.785163, 6.092559], [80.785318, 6.092533], [80.785506, 6.092448], [80.785661, 6.092443], [80.786133, 6.092539], [80.786414, 6.092632], [80.786769, 6.092655], [80.786983, 6.092752], [80.787159, 6.092775], [80.787211, 6.092766], [80.787428, 6.092492], [80.787572, 6.092472], [80.787674, 6.092483], [80.788595, 6.092824], [80.7888, 6.092856], [80.788961, 6.09281], [80.789231, 6.092664], [80.78938, 6.09262], [80.789928, 6.092536]]}, "properties": {"id": 1092, "u": 3770135604, "v": 3770135615, "safety": "safe", "district": "tangalle", "source": "ground_truth"}}, {"type": "Feature", "geometry": {"type": "LineString", "coordinates": [[80.773668, 6.044592], [80.773632, 6.04444], [80.773849, 6.043398]]}, "properties": {"id": 1093, "u": 3771369280, "v": 3771369316, "safety": "safe", "district": "tangalle", "source": "ground_truth"}}, {"type": "Feature", "geometry": {"type": "LineString", "coordinates": [[80.791145, 6.028729], [80.791331, 6.029575]]}, "properties": {"id": 1094, "u": 3771391555, "v": 3771394558, "safety": "safe", "district": "tangalle", "source": "ground_truth"}}, {"type": "Feature", "geometry": {"type": "LineString", "coordinates": [[80.791331, 6.029575], [80.791707, 6.02954], [80.791603, 6.029082], [80.791493, 6.028661], [80.791145, 6.028729]]}, "properties": {"id": 1095, "u": 3771391555, "v": 3771394558, "safety": "safe", "district": "tangalle", "source": "ground_truth"}}, {"type": "Feature", "geometry": {"type": "LineString", "coordinates": [[80.792358, 6.030382], [80.792226, 6.030068], [80.792168, 6.029994], [80.792085, 6.029999], [80.791925, 6.030087], [80.791849, 6.030094], [80.791718, 6.030056], [80.791469, 6.030073]]}, "properties": {"id": 1096, "u": 3771394567, "v": 3771394574, "safety": "safe", "district": "tangalle", "source": "ground_truth"}}, {"type": "Feature", "geometry": {"type": "LineString", "coordinates": [[80.791384, 6.030858], [80.791258, 6.030486], [80.791275, 6.030385], [80.79149, 6.030276]]}, "properties": {"id": 1097, "u": 3771394572, "v": 3771394578, "safety": "safe", "district": "tangalle", "source": "ground_truth"}}, {"type": "Feature", "geometry": {"type": "LineString", "coordinates": [[80.792358, 6.030382], [80.791384, 6.030858]]}, "properties": {"id": 1098, "u": 3771394574, "v": 3771394578, "safety": "safe", "district": "tangalle", "source": "ground_truth"}}, {"type": "Feature", "geometry": {"type": "LineString", "coordinates": [[80.791384, 6.030858], [80.791098, 6.030985]]}, "properties": {"id": 1099, "u": 3771394578, "v": 3771394579, "safety": "safe", "district": "tangalle", "source": "ground_truth"}}, {"type": "Feature", "geometry": {"type": "LineString", "coordinates": [[80.791384, 6.030858], [80.791819, 6.031966]]}, "properties": {"id": 1100, "u": 3771394578, "v": 3771394585, "safety": "safe", "district": "tangalle", "source": "ground_truth"}}, {"type": "Feature", "geometry": {"type": "LineString", "coordinates": [[80.791098, 6.030985], [80.790856, 6.031092]]}, "properties": {"id": 1101, "u": 3771394579, "v": 3771394580, "safety": "safe", "district": "tangalle", "source": "ground_truth"}}, {"type": "Feature", "geometry": {"type": "LineString", "coordinates": [[80.790856, 6.031092], [80.78981, 6.031552]]}, "properties": {"id": 1102, "u": 3771394580, "v": 3771394582, "safety": "safe", "district": "tangalle", "source": "ground_truth"}}, {"type": "Feature", "geometry": {"type": "LineString", "coordinates": [[80.78981, 6.031552], [80.789948, 6.031869], [80.78995, 6.032058], [80.789923, 6.032246], [80.789629, 6.032335], [80.789595, 6.032379], [80.789587, 6.032452], [80.789625, 6.032657], [80.78967, 6.032701], [80.791015, 6.032488], [80.790989, 6.032011], [80.790925, 6.031506], [80.790856, 6.031092]]}, "properties": {"id": 1103, "u": 3771394580, "v": 3771394582, "safety": "unsafe", "district": "tangalle", "source": "ground_truth"}}, {"type": "Feature", "geometry": {"type": "LineString", "coordinates": [[80.777684, 6.037779], [80.776286, 6.038199]]}, "properties": {"id": 1104, "u": 3771394616, "v": 11524052424, "safety": "safe", "district": "tangalle", "source": "ground_truth"}}, {"type": "Feature", "geometry": {"type": "LineString", "coordinates": [[80.777684, 6.037779], [80.778745, 6.037461]]}, "properties": {"id": 1105, "u": 3771394616, "v": 9236982473, "safety": "safe", "district": "tangalle", "source": "ground_truth"}}, {"type": "Feature", "geometry": {"type": "LineString", "coordinates": [[80.777684, 6.037779], [80.777654, 6.0387]]}, "properties": {"id": 1106, "u": 3771394616, "v": 3771394622, "safety": "safe", "district": "tangalle", "source": "ground_truth"}}, {"type": "Feature", "geometry": {"type": "LineString", "coordinates": [[80.778522, 6.038468], [80.778381, 6.038735]]}, "properties": {"id": 1107, "u": 3771394617, "v": 3771394623, "safety": "safe", "district": "tangalle", "source": "ground_truth"}}, {"type": "Feature", "geometry": {"type": "LineString", "coordinates": [[80.78026, 6.038637], [80.779234, 6.038688], [80.778522, 6.038468]]}, "properties": {"id": 1108, "u": 3771394617, "v": 3771394619, "safety": "safe", "district": "tangalle", "source": "ground_truth"}}, {"type": "Feature", "geometry": {"type": "LineString", "coordinates": [[80.774841, 6.03866], [80.774416, 6.038803]]}, "properties": {"id": 1109, "u": 3771394620, "v": 3977279698, "safety": "safe", "district": "tangalle", "source": "ground_truth"}}, {"type": "Feature", "geometry": {"type": "LineString", "coordinates": [[80.775138, 6.038562], [80.774929, 6.038631], [80.774841, 6.03866]]}, "properties": {"id": 1110, "u": 3771394620, "v": 3977279697, "safety": "safe", "district": "tangalle", "source": "ground_truth"}}, {"type": "Feature", "geometry": {"type": "LineString", "coordinates": [[80.774849, 6.041384], [80.774826, 6.041325], [80.774794, 6.040925], [80.774821, 6.040837], [80.775016, 6.040766], [80.775196, 6.040774], [80.775334, 6.040736], [80.775402, 6.04068], [80.77542, 6.040563], [80.775228, 6.039869], [80.775009, 6.039351], [80.774921, 6.038933], [80.774841, 6.03866]]}, "properties": {"id": 1111, "u": 3771394620, "v": 3771394655, "safety": "safe", "district": "tangalle", "source": "ground_truth"}}, {"type": "Feature", "geometry": {"type": "LineString", "coordinates": [[80.778381, 6.038735], [80.777884, 6.03967]]}, "properties": {"id": 1112, "u": 3771394623, "v": 11524052422, "safety": "safe", "district": "tangalle", "source": "ground_truth"}}, {"type": "Feature", "geometry": {"type": "LineString", "coordinates": [[80.779825, 6.038983], [80.779132, 6.039041], [80.778381, 6.038735]]}, "properties": {"id": 1113, "u": 3771394623, "v": 3771394626, "safety": "safe", "district": "tangalle", "source": "ground_truth"}}, {"type": "Feature", "geometry": {"type": "LineString", "coordinates": [[80.780429, 6.038933], [80.779825, 6.038983]]}, "properties": {"id": 1114, "u": 3771394624, "v": 3771394626, "safety": "safe", "district": "tangalle", "source": "ground_truth"}}, {"type": "Feature", "geometry": {"type": "LineString", "coordinates": [[80.779825, 6.038983], [80.779857, 6.039755]]}, "properties": {"id": 1115, "u": 3771394626, "v": 3771394631, "safety": "safe", "district": "tangalle", "source": "ground_truth"}}, {"type": "Feature", "geometry": {"type": "LineString", "coordinates": [[80.777681, 6.040052], [80.777884, 6.03967]]}, "properties": {"id": 1116, "u": 3771394635, "v": 11524052422, "safety": "safe", "district": "tangalle", "source": "ground_truth"}}, {"type": "Feature", "geometry": {"type": "LineString", "coordinates": [[80.777282, 6.040823], [80.777451, 6.040465], [80.777681, 6.040052]]}, "properties": {"id": 1117, "u": 3771394635, "v": 11524052434, "safety": "safe", "district": "tangalle", "source": "ground_truth"}}, {"type": "Feature", "geometry": {"type": "LineString", "coordinates": [[80.779104, 6.041353], [80.778824, 6.039988], [80.778777, 6.039952], [80.777681, 6.040052]]}, "properties": {"id": 1118, "u": 3771394635, "v": 3771394653, "safety": "safe", "district": "tangalle", "source": "ground_truth"}}, {"type": "Feature", "geometry": {"type": "LineString", "coordinates": [[80.776119, 6.043175], [80.775999, 6.043063], [80.775931, 6.0429], [80.775856, 6.042738], [80.77577, 6.042612], [80.775663, 6.04254], [80.775526, 6.042388], [80.775408, 6.042281], [80.775264, 6.042209], [80.775113, 6.042174], [80.775043, 6.042096], [80.775014, 6.041996], [80.774993, 6.04187], [80.774923, 6.041576], [80.774849, 6.041384]]}, "properties": {"id": 1119, "u": 3771394655, "v": 11524311249, "safety": "safe", "district": "tangalle", "source": "ground_truth"}}, {"type": "Feature", "geometry": {"type": "LineString", "coordinates": [[80.777282, 6.040823], [80.77705, 6.04078], [80.7768, 6.04078], [80.776516, 6.040809], [80.776323, 6.040846], [80.776173, 6.040937], [80.775945, 6.041085], [80.775638, 6.041227], [80.775378, 6.041321], [80.775116, 6.041368], [80.774849, 6.041384]]}, "properties": {"id": 1120, "u": 3771394655, "v": 11524052434, "safety": "safe", "district": "tangalle", "source": "ground_truth"}}, {"type": "Feature", "geometry": {"type": "LineString", "coordinates": [[80.776198, 6.043026], [80.776119, 6.043175]]}, "properties": {"id": 1121, "u": 3771394678, "v": 11524311249, "safety": "safe", "district": "tangalle", "source": "ground_truth"}}, {"type": "Feature", "geometry": {"type": "LineString", "coordinates": [[80.776987, 6.044916], [80.776567, 6.043899], [80.776198, 6.043026]]}, "properties": {"id": 1122, "u": 3771394678, "v": 3771394698, "safety": "safe", "district": "tangalle", "source": "ground_truth"}}, {"type": "Feature", "geometry": {"type": "LineString", "coordinates": [[80.786627, 6.044662], [80.786643, 6.044857], [80.786673, 6.044932], [80.786831, 6.044981], [80.787838, 6.045173], [80.788409, 6.045214], [80.788684, 6.04526], [80.789136, 6.045449], [80.78928, 6.04556]]}, "properties": {"id": 1123, "u": 3771427475, "v": 3771437315, "safety": "safe", "district": "tangalle", "source": "ground_truth"}}, {"type": "Feature", "geometry": {"type": "LineString", "coordinates": [[80.787677, 6.045571], [80.787838, 6.045647], [80.788211, 6.045715], [80.788613, 6.045839], [80.788793, 6.045842], [80.789169, 6.045679], [80.78928, 6.04556]]}, "properties": {"id": 1124, "u": 3771427475, "v": 3771427476, "safety": "safe", "district": "tangalle", "source": "ground_truth"}}, {"type": "Feature", "geometry": {"type": "LineString", "coordinates": [[80.792882, 6.029], [80.792224, 6.028955]]}, "properties": {"id": 1125, "u": 3771437058, "v": 3771437059, "safety": "safe", "district": "tangalle", "source": "ground_truth"}}, {"type": "Feature", "geometry": {"type": "LineString", "coordinates": [[80.792224, 6.028955], [80.792222, 6.02939]]}, "properties": {"id": 1126, "u": 3771437059, "v": 3771437060, "safety": "safe", "district": "tangalle", "source": "ground_truth"}}, {"type": "Feature", "geometry": {"type": "LineString", "coordinates": [[80.781563, 6.043037], [80.781521, 6.042515], [80.78257, 6.042301]]}, "properties": {"id": 1127, "u": 3771437277, "v": 3771437297, "safety": "safe", "district": "tangalle", "source": "ground_truth"}}, {"type": "Feature", "geometry": {"type": "LineString", "coordinates": [[80.788151, 6.044759], [80.786959, 6.044675], [80.786627, 6.044662]]}, "properties": {"id": 1128, "u": 3771437315, "v": 3771437321, "safety": "safe", "district": "tangalle", "source": "ground_truth"}}, {"type": "Feature", "geometry": {"type": "LineString", "coordinates": [[80.774439, 6.007883], [80.774462, 6.008835]]}, "properties": {"id": 1129, "u": 3958198090, "v": 3958198094, "safety": "safe", "district": "tangalle", "source": "ground_truth"}}, {"type": "Feature", "geometry": {"type": "LineString", "coordinates": [[80.777197, 6.007403], [80.776704, 6.008718], [80.776404, 6.009649], [80.776333, 6.009791]]}, "properties": {"id": 1130, "u": 3958198114, "v": 5250435259, "safety": "safe", "district": "tangalle", "source": "ground_truth"}}, {"type": "Feature", "geometry": {"type": "LineString", "coordinates": [[80.777084, 6.009495], [80.776517, 6.009699], [80.776333, 6.009791]]}, "properties": {"id": 1131, "u": 3958198114, "v": 5252082956, "safety": "safe", "district": "tangalle", "source": "ground_truth"}}, {"type": "Feature", "geometry": {"type": "LineString", "coordinates": [[80.774825, 6.013786], [80.774803, 6.014278]]}, "properties": {"id": 1132, "u": 3959821732, "v": 3959821733, "safety": "safe", "district": "tangalle", "source": "ground_truth"}}, {"type": "Feature", "geometry": {"type": "LineString", "coordinates": [[80.77653, 6.013885], [80.776163, 6.013885], [80.775584, 6.013821], [80.77506, 6.013805], [80.774825, 6.013786]]}, "properties": {"id": 1133, "u": 3959821732, "v": 3960783037, "safety": "safe", "district": "tangalle", "source": "ground_truth"}}, {"type": "Feature", "geometry": {"type": "LineString", "coordinates": [[80.774803, 6.014278], [80.774642, 6.014685]]}, "properties": {"id": 1134, "u": 3959821733, "v": 3959821735, "safety": "safe", "district": "tangalle", "source": "ground_truth"}}, {"type": "Feature", "geometry": {"type": "LineString", "coordinates": [[80.776607, 6.014365], [80.775057, 6.014298], [80.774803, 6.014278]]}, "properties": {"id": 1135, "u": 3959821733, "v": 3960783055, "safety": "safe", "district": "tangalle", "source": "ground_truth"}}, {"type": "Feature", "geometry": {"type": "LineString", "coordinates": [[80.777424, 6.015213], [80.777289, 6.015184], [80.776928, 6.015198], [80.776884, 6.015173], [80.776829, 6.014755], [80.776431, 6.014744], [80.776044, 6.014759], [80.775671, 6.014806], [80.775127, 6.014813], [80.774889, 6.014748], [80.774642, 6.014685]]}, "properties": {"id": 1136, "u": 3959821735, "v": 3960783693, "safety": "safe", "district": "tangalle", "source": "ground_truth"}}, {"type": "Feature", "geometry": {"type": "LineString", "coordinates": [[80.778145, 6.018446], [80.777935, 6.018549], [80.77778, 6.018592], [80.777561, 6.01859], [80.777427, 6.018561], [80.777114, 6.018238], [80.776613, 6.017875], [80.77637, 6.017757], [80.776176, 6.017719], [80.775905, 6.017709], [80.775838, 6.017632], [80.77582, 6.017518], [80.775834, 6.017325]]}, "properties": {"id": 1137, "u": 3960775349, "v": 3960776012, "safety": "safe", "district": "tangalle", "source": "ground_truth"}}, {"type": "Feature", "geometry": {"type": "LineString", "coordinates": [[80.778017, 6.018053], [80.7778, 6.018], [80.777726, 6.017959], [80.777637, 6.017831], [80.777568, 6.017794], [80.77733, 6.017784], [80.777188, 6.017725], [80.776665, 6.017286], [80.776538, 6.0171], [80.776472, 6.017053], [80.776311, 6.017046], [80.776096, 6.01713], [80.775834, 6.017325]]}, "properties": {"id": 1138, "u": 3960775349, "v": 3960775993, "safety": "safe", "district": "tangalle", "source": "ground_truth"}}, {"type": "Feature", "geometry": {"type": "LineString", "coordinates": [[80.778017, 6.018053], [80.778145, 6.018446]]}, "properties": {"id": 1139, "u": 3960775993, "v": 3960776012, "safety": "safe", "district": "tangalle", "source": "ground_truth"}}, {"type": "Feature", "geometry": {"type": "LineString", "coordinates": [[80.78132, 6.018883], [80.78126, 6.01866], [80.781166, 6.018505], [80.780949, 6.018409], [80.780218, 6.018269], [80.779833, 6.018077], [80.779608, 6.018024], [80.779354, 6.017997], [80.778933, 6.017871], [80.77862, 6.017801], [80.778456, 6.017786], [80.778185, 6.017821], [80.77806, 6.017863], [80.778017, 6.018053]]}, "properties": {"id": 1140, "u": 3960775993, "v": 3960776026, "safety": "safe", "district": "tangalle", "source": "ground_truth"}}, {"type": "Feature", "geometry": {"type": "LineString", "coordinates": [[80.78078, 6.01471], [80.780819, 6.014679], [80.781103, 6.014631], [80.781379, 6.014602]]}, "properties": {"id": 1141, "u": 3960783665, "v": 3960783670, "safety": "safe", "district": "tangalle", "source": "ground_truth"}}, {"type": "Feature", "geometry": {"type": "LineString", "coordinates": [[80.779072, 6.014906], [80.779289, 6.014877], [80.780039, 6.014695], [80.780178, 6.014638], [80.780449, 6.01443], [80.780553, 6.014428], [80.780643, 6.014528], [80.78078, 6.01471]]}, "properties": {"id": 1142, "u": 3960783670, "v": 3960783683, "safety": "safe", "district": "tangalle", "source": "ground_truth"}}, {"type": "Feature", "geometry": {"type": "LineString", "coordinates": [[80.780214, 6.015625], [80.780506, 6.015211], [80.780638, 6.015109], [80.780728, 6.014944], [80.78078, 6.01471]]}, "properties": {"id": 1143, "u": 3960783670, "v": 3960783697, "safety": "safe", "district": "tangalle", "source": "ground_truth"}}, {"type": "Feature", "geometry": {"type": "LineString", "coordinates": [[80.787593, 6.020295], [80.787686, 6.02015], [80.787688, 6.020072], [80.787493, 6.019845]]}, "properties": {"id": 1144, "u": 3960786003, "v": 3960786010, "safety": "safe", "district": "tangalle", "source": "ground_truth"}}, {"type": "Feature", "geometry": {"type": "LineString", "coordinates": [[80.786937, 6.020243], [80.787237, 6.020068], [80.787493, 6.019845]]}, "properties": {"id": 1145, "u": 3960786003, "v": 3960786009, "safety": "safe", "district": "tangalle", "source": "ground_truth"}}, {"type": "Feature", "geometry": {"type": "LineString", "coordinates": [[80.786821, 6.021851], [80.787251, 6.021801]]}, "properties": {"id": 1146, "u": 3960786018, "v": 3977260746, "safety": "safe", "district": "tangalle", "source": "ground_truth"}}, {"type": "Feature", "geometry": {"type": "LineString", "coordinates": [[80.787714, 6.020655], [80.78745, 6.020739], [80.787199, 6.020883], [80.786954, 6.021024], [80.78678, 6.021156], [80.786797, 6.021386], [80.786821, 6.021851]]}, "properties": {"id": 1147, "u": 3960786018, "v": 13592817503, "safety": "safe", "district": "tangalle", "source": "ground_truth"}}, {"type": "Feature", "geometry": {"type": "LineString", "coordinates": [[80.794826, 6.021292], [80.794855, 6.021231], [80.794923, 6.021037], [80.794972, 6.020957]]}, "properties": {"id": 1148, "u": 3960797003, "v": 3960797020, "safety": "safe", "district": "tangalle", "source": "ground_truth"}}, {"type": "Feature", "geometry": {"type": "LineString", "coordinates": [[80.794826, 6.021292], [80.794762, 6.021192], [80.794751, 6.021037]]}, "properties": {"id": 1149, "u": 3960797005, "v": 3960797020, "safety": "safe", "district": "tangalle", "source": "ground_truth"}}, {"type": "Feature", "geometry": {"type": "LineString", "coordinates": [[80.79535, 6.02141], [80.795372, 6.021228], [80.795294, 6.02107]]}, "properties": {"id": 1150, "u": 3960797008, "v": 3960797026, "safety": "safe", "district": "tangalle", "source": "ground_truth"}}, {"type": "Feature", "geometry": {"type": "LineString", "coordinates": [[80.795506, 6.021456], [80.795403, 6.02143], [80.79535, 6.02141]]}, "properties": {"id": 1151, "u": 3960797026, "v": 3960797029, "safety": "safe", "district": "tangalle", "source": "ground_truth"}}, {"type": "Feature", "geometry": {"type": "LineString", "coordinates": [[80.790453, 6.024978], [80.790323, 6.024693], [80.790271, 6.024436]]}, "properties": {"id": 1152, "u": 3960797049, "v": 3960797051, "safety": "safe", "district": "tangalle", "source": "ground_truth"}}, {"type": "Feature", "geometry": {"type": "LineString", "coordinates": [[80.790935, 6.023727], [80.790938, 6.024128], [80.790935, 6.024154], [80.790919, 6.024176], [80.790847, 6.024241], [80.790818, 6.024248], [80.790788, 6.024256], [80.790768, 6.024275], [80.790578, 6.024564], [80.790547, 6.024629], [80.790453, 6.024978]]}, "properties": {"id": 1153, "u": 3960797051, "v": 3960800879, "safety": "safe", "district": "tangalle", "source": "ground_truth"}}, {"type": "Feature", "geometry": {"type": "LineString", "coordinates": [[80.786877, 6.023668], [80.786622, 6.023917], [80.786616, 6.024042], [80.786306, 6.024463], [80.786239, 6.025012], [80.786151, 6.025605]]}, "properties": {"id": 1154, "u": 3960797054, "v": 3977260889, "safety": "safe", "district": "tangalle", "source": "ground_truth"}}, {"type": "Feature", "geometry": {"type": "LineString", "coordinates": [[80.785996, 6.026893], [80.786011, 6.026535], [80.786063, 6.026066], [80.786151, 6.025605]]}, "properties": {"id": 1155, "u": 3960797054, "v": 3960797159, "safety": "safe", "district": "tangalle", "source": "ground_truth"}}, {"type": "Feature", "geometry": {"type": "LineString", "coordinates": [[80.793862, 6.027131], [80.794249, 6.027054], [80.794363, 6.026973]]}, "properties": {"id": 1156, "u": 3960797160, "v": 3960797163, "safety": "safe", "district": "tangalle", "source": "ground_truth"}}, {"type": "Feature", "geometry": {"type": "LineString", "coordinates": [[80.79312, 6.026691], [80.793221, 6.026903], [80.793258, 6.026923], [80.793307, 6.026915], [80.793393, 6.026858], [80.793527, 6.026789], [80.793696, 6.026795], [80.793742, 6.026805], [80.793854, 6.026867], [80.79387, 6.026925], [80.793862, 6.027131]]}, "properties": {"id": 1157, "u": 3960797163, "v": 12159123181, "safety": "safe", "district": "tangalle", "source": "ground_truth"}}, {"type": "Feature", "geometry": {"type": "LineString", "coordinates": [[80.783199, 6.02867], [80.783094, 6.028707], [80.782869, 6.028894], [80.782603, 6.028897], [80.782195, 6.028964], [80.782123, 6.0288], [80.782011, 6.02817], [80.781917, 6.028014], [80.781621, 6.027742], [80.781524, 6.027563], [80.781137, 6.027399], [80.780912, 6.02716]]}, "properties": {"id": 1158, "u": 3960797164, "v": 3960797202, "safety": "safe", "district": "tangalle", "source": "ground_truth"}}, {"type": "Feature", "geometry": {"type": "LineString", "coordinates": [[80.789063, 6.028282], [80.78883, 6.028261], [80.788409, 6.02825], [80.787992, 6.028189], [80.787471, 6.027845]]}, "properties": {"id": 1159, "u": 3960797171, "v": 3977261908, "safety": "safe", "district": "tangalle", "source": "ground_truth"}}, {"type": "Feature", "geometry": {"type": "LineString", "coordinates": [[80.786087, 6.02874], [80.786188, 6.028646], [80.78642, 6.02862], [80.786743, 6.028635], [80.786844, 6.028296], [80.78687, 6.027908], [80.786956, 6.027823], [80.787294, 6.0278], [80.787471, 6.027845]]}, "properties": {"id": 1160, "u": 3960797171, "v": 3960797206, "safety": "safe", "district": "tangalle", "source": "ground_truth"}}, {"type": "Feature", "geometry": {"type": "LineString", "coordinates": [[80.794716, 6.028473], [80.794703, 6.028484], [80.794692, 6.028498], [80.794684, 6.028514], [80.79468, 6.028532]]}, "properties": {"id": 1161, "u": 3960797183, "v": 3960797188, "safety": "unsafe", "district": "tangalle", "source": "ground_truth"}}, {"type": "Feature", "geometry": {"type": "LineString", "coordinates": [[80.794843, 6.028503], [80.794829, 6.028483], [80.794809, 6.028468], [80.794787, 6.028459], [80.794762, 6.028457], [80.794738, 6.028462], [80.794716, 6.028473]]}, "properties": {"id": 1162, "u": 3960797183, "v": 3960797187, "safety": "unsafe", "district": "tangalle", "source": "ground_truth"}}, {"type": "Feature", "geometry": {"type": "LineString", "coordinates": [[80.794853, 6.028537], [80.79485, 6.02852], [80.794843, 6.028503]]}, "properties": {"id": 1163, "u": 3960797187, "v": 3960797189, "safety": "unsafe", "district": "tangalle", "source": "ground_truth"}}, {"type": "Feature", "geometry": {"type": "LineString", "coordinates": [[80.79468, 6.028532], [80.79468, 6.028557], [80.794688, 6.028581], [80.794702, 6.028602], [80.794722, 6.028618], [80.794745, 6.028627]]}, "properties": {"id": 1164, "u": 3960797188, "v": 6545241017, "safety": "unsafe", "district": "tangalle", "source": "ground_truth"}}, {"type": "Feature", "geometry": {"type": "LineString", "coordinates": [[80.794765, 6.02863], [80.794789, 6.028627], [80.794811, 6.028618], [80.79483, 6.028603], [80.794843, 6.028583], [80.794851, 6.028561], [80.794853, 6.028537]]}, "properties": {"id": 1165, "u": 3960797189, "v": 6545241018, "safety": "unsafe", "district": "tangalle", "source": "ground_truth"}}, {"type": "Feature", "geometry": {"type": "LineString", "coordinates": [[80.786087, 6.02874], [80.785797, 6.028745], [80.785608, 6.028668], [80.785436, 6.028563], [80.785102, 6.028265], [80.784858, 6.028207], [80.784453, 6.02821], [80.784008, 6.028323], [80.783658, 6.028447], [80.783199, 6.02867]]}, "properties": {"id": 1166, "u": 3960797202, "v": 3960797206, "safety": "safe", "district": "tangalle", "source": "ground_truth"}}, {"type": "Feature", "geometry": {"type": "LineString", "coordinates": [[80.7838, 6.030305], [80.783555, 6.029855], [80.783394, 6.029423], [80.783282, 6.02899], [80.783244, 6.028726], [80.783199, 6.02867]]}, "properties": {"id": 1167, "u": 3960797202, "v": 3960797232, "safety": "safe", "district": "tangalle", "source": "ground_truth"}}, {"type": "Feature", "geometry": {"type": "LineString", "coordinates": [[80.785637, 6.030503], [80.785742, 6.030406], [80.785858, 6.030201], [80.785926, 6.029917], [80.785929, 6.029638], [80.786004, 6.029343], [80.786087, 6.02874]]}, "properties": {"id": 1168, "u": 3960797206, "v": 3960797237, "safety": "safe", "district": "tangalle", "source": "ground_truth"}}, {"type": "Feature", "geometry": {"type": "LineString", "coordinates": [[80.7838, 6.030305], [80.783095, 6.030436]]}, "properties": {"id": 1169, "u": 3960797232, "v": 3960797235, "safety": "safe", "district": "tangalle", "source": "ground_truth"}}, {"type": "Feature", "geometry": {"type": "LineString", "coordinates": [[80.785637, 6.030503], [80.785483, 6.030492], [80.784913, 6.030283], [80.784651, 6.030249], [80.7838, 6.030305]]}, "properties": {"id": 1170, "u": 3960797232, "v": 3960797237, "safety": "safe", "district": "tangalle", "source": "ground_truth"}}, {"type": "Feature", "geometry": {"type": "LineString", "coordinates": [[80.785949, 6.032052], [80.785909, 6.031784], [80.78573, 6.031049], [80.785637, 6.030503]]}, "properties": {"id": 1171, "u": 3960797237, "v": 9941727579, "safety": "safe", "district": "tangalle", "source": "ground_truth"}}, {"type": "Feature", "geometry": {"type": "LineString", "coordinates": [[80.790948, 6.022491], [80.790947, 6.02276], [80.790935, 6.023727]]}, "properties": {"id": 1172, "u": 3960800879, "v": 5968317664, "safety": "safe", "district": "tangalle", "source": "ground_truth"}}, {"type": "Feature", "geometry": {"type": "LineString", "coordinates": [[80.797873, 6.029006], [80.797514, 6.028948], [80.796857, 6.028903], [80.796565, 6.028903], [80.796428, 6.028926]]}, "properties": {"id": 1173, "u": 3960849394, "v": 3960849397, "safety": "unsafe", "district": "tangalle", "source": "ground_truth"}}, {"type": "Feature", "geometry": {"type": "LineString", "coordinates": [[80.795145, 6.030156], [80.795253, 6.029983], [80.795301, 6.029923], [80.795381, 6.029882], [80.795727, 6.029887]]}, "properties": {"id": 1174, "u": 3960868158, "v": 3960868162, "safety": "unsafe", "district": "tangalle", "source": "ground_truth"}}, {"type": "Feature", "geometry": {"type": "LineString", "coordinates": [[80.784573, 6.022568], [80.784623, 6.022025], [80.784706, 6.021681], [80.784703, 6.021542]]}, "properties": {"id": 1175, "u": 3960869404, "v": 3960869415, "safety": "safe", "district": "tangalle", "source": "ground_truth"}}, {"type": "Feature", "geometry": {"type": "LineString", "coordinates": [[80.786203, 6.023886], [80.786168, 6.023578], [80.786151, 6.02306], [80.786297, 6.022762], [80.786289, 6.022355], [80.786326, 6.022154], [80.786387, 6.021853]]}, "properties": {"id": 1176, "u": 3977260747, "v": 3977260890, "safety": "safe", "district": "tangalle", "source": "ground_truth"}}, {"type": "Feature", "geometry": {"type": "LineString", "coordinates": [[80.78837, 6.022503], [80.788328, 6.022217], [80.788284, 6.022105], [80.788319, 6.021884]]}, "properties": {"id": 1177, "u": 3977260748, "v": 3977260861, "safety": "safe", "district": "tangalle", "source": "ground_truth"}}, {"type": "Feature", "geometry": {"type": "LineString", "coordinates": [[80.790171, 6.022296], [80.790126, 6.02281]]}, "properties": {"id": 1178, "u": 3977260754, "v": 3977260870, "safety": "safe", "district": "tangalle", "source": "ground_truth"}}, {"type": "Feature", "geometry": {"type": "LineString", "coordinates": [[80.790948, 6.022491], [80.790725, 6.022431], [80.790171, 6.022296]]}, "properties": {"id": 1179, "u": 3977260754, "v": 5968317664, "safety": "safe", "district": "tangalle", "source": "ground_truth"}}, {"type": "Feature", "geometry": {"type": "LineString", "coordinates": [[80.788636, 6.023111], [80.788614, 6.023927]]}, "properties": {"id": 1180, "u": 3977260880, "v": 3977260891, "safety": "safe", "district": "tangalle", "source": "ground_truth"}}, {"type": "Feature", "geometry": {"type": "LineString", "coordinates": [[80.78758, 6.025388], [80.787566, 6.025708]]}, "properties": {"id": 1181, "u": 3977261875, "v": 3977261884, "safety": "safe", "district": "tangalle", "source": "ground_truth"}}, {"type": "Feature", "geometry": {"type": "LineString", "coordinates": [[80.789063, 6.028282], [80.7893, 6.027456], [80.789429, 6.026896]]}, "properties": {"id": 1182, "u": 3977261896, "v": 3977261908, "safety": "safe", "district": "tangalle", "source": "ground_truth"}}, {"type": "Feature", "geometry": {"type": "LineString", "coordinates": [[80.791451, 6.02725], [80.791184, 6.027192], [80.791083, 6.027146]]}, "properties": {"id": 1183, "u": 3977261899, "v": 3977261905, "safety": "safe", "district": "tangalle", "source": "ground_truth"}}, {"type": "Feature", "geometry": {"type": "LineString", "coordinates": [[80.775138, 6.038562], [80.775045, 6.038259], [80.775053, 6.037061], [80.774957, 6.036571], [80.774881, 6.036531], [80.774175, 6.03642], [80.773862, 6.036364]]}, "properties": {"id": 1184, "u": 3977279669, "v": 3977279697, "safety": "safe", "district": "tangalle", "source": "ground_truth"}}, {"type": "Feature", "geometry": {"type": "LineString", "coordinates": [[80.773625, 6.037352], [80.773621, 6.037138], [80.773625, 6.037083], [80.773661, 6.03707], [80.773766, 6.037059], [80.773802, 6.03703], [80.773815, 6.036965], [80.773862, 6.036364]]}, "properties": {"id": 1185, "u": 3977279669, "v": 13394826046, "safety": "safe", "district": "tangalle", "source": "ground_truth"}}, {"type": "Feature", "geometry": {"type": "LineString", "coordinates": [[80.774269, 6.038853], [80.774216, 6.037988], [80.774131, 6.037767], [80.774134, 6.03754], [80.774138, 6.037028]]}, "properties": {"id": 1186, "u": 3977279676, "v": 3977279699, "safety": "safe", "district": "tangalle", "source": "ground_truth"}}, {"type": "Feature", "geometry": {"type": "LineString", "coordinates": [[80.774416, 6.037787], [80.774416, 6.038803]]}, "properties": {"id": 1187, "u": 3977279688, "v": 3977279698, "safety": "safe", "district": "tangalle", "source": "ground_truth"}}, {"type": "Feature", "geometry": {"type": "LineString", "coordinates": [[80.776286, 6.038199], [80.775754, 6.038358], [80.775138, 6.038562]]}, "properties": {"id": 1188, "u": 3977279697, "v": 11524052424, "safety": "safe", "district": "tangalle", "source": "ground_truth"}}, {"type": "Feature", "geometry": {"type": "LineString", "coordinates": [[80.774416, 6.038803], [80.774269, 6.038853]]}, "properties": {"id": 1189, "u": 3977279698, "v": 3977279699, "safety": "safe", "district": "tangalle", "source": "ground_truth"}}, {"type": "Feature", "geometry": {"type": "LineString", "coordinates": [[80.799399, 6.037162], [80.799182, 6.037379]]}, "properties": {"id": 1190, "u": 3977287931, "v": 3977287933, "safety": "unsafe", "district": "tangalle", "source": "ground_truth"}}, {"type": "Feature", "geometry": {"type": "LineString", "coordinates": [[80.800274, 6.034122], [80.800243, 6.034549], [80.800271, 6.034916], [80.800297, 6.035258], [80.80027, 6.035557], [80.800216, 6.035899], [80.800135, 6.036136], [80.800093, 6.036261], [80.800024, 6.036403], [80.799953, 6.036549], [80.799844, 6.036695], [80.799567, 6.037016], [80.799399, 6.037162]]}, "properties": {"id": 1191, "u": 3977287931, "v": 3998516634, "safety": "unsafe", "district": "tangalle", "source": "ground_truth"}}, {"type": "Feature", "geometry": {"type": "LineString", "coordinates": [[80.799893, 6.037748], [80.800062, 6.037482], [80.799955, 6.0374], [80.79968, 6.037294], [80.799399, 6.037162]]}, "properties": {"id": 1192, "u": 3977287931, "v": 3977287938, "safety": "unsafe", "district": "tangalle", "source": "ground_truth"}}, {"type": "Feature", "geometry": {"type": "LineString", "coordinates": [[80.799893, 6.037748], [80.799454, 6.037595], [80.799278, 6.037498], [80.799182, 6.037379]]}, "properties": {"id": 1193, "u": 3977287933, "v": 3977287938, "safety": "unsafe", "district": "tangalle", "source": "ground_truth"}}, {"type": "Feature", "geometry": {"type": "LineString", "coordinates": [[80.799893, 6.037748], [80.799802, 6.037941]]}, "properties": {"id": 1194, "u": 3977287938, "v": 3977287939, "safety": "unsafe", "district": "tangalle", "source": "ground_truth"}}, {"type": "Feature", "geometry": {"type": "LineString", "coordinates": [[80.800274, 6.034122], [80.800367, 6.03407], [80.800485, 6.034074]]}, "properties": {"id": 1195, "u": 3998516633, "v": 3998516634, "safety": "unsafe", "district": "tangalle", "source": "ground_truth"}}, {"type": "Feature", "geometry": {"type": "LineString", "coordinates": [[80.837675, 6.064359], [80.837795, 6.064183], [80.837808, 6.064135], [80.837604, 6.063986]]}, "properties": {"id": 1196, "u": 4323161585, "v": 4323161664, "safety": "safe", "district": "tangalle", "source": "ground_truth"}}, {"type": "Feature", "geometry": {"type": "LineString", "coordinates": [[80.838249, 6.064732], [80.838309, 6.064663], [80.838415, 6.064425], [80.838412, 6.064347], [80.838466, 6.064303]]}, "properties": {"id": 1197, "u": 4323161656, "v": 4323161707, "safety": "safe", "district": "tangalle", "source": "ground_truth"}}, {"type": "Feature", "geometry": {"type": "LineString", "coordinates": [[80.837675, 6.064359], [80.838249, 6.064732]]}, "properties": {"id": 1198, "u": 4323161664, "v": 4323161707, "safety": "safe", "district": "tangalle", "source": "ground_truth"}}, {"type": "Feature", "geometry": {"type": "LineString", "coordinates": [[80.869651, 6.092866], [80.87068, 6.093567]]}, "properties": {"id": 1199, "u": 4343878229, "v": 4343878233, "safety": "safe", "district": "tangalle", "source": "ground_truth"}}, {"type": "Feature", "geometry": {"type": "LineString", "coordinates": [[80.861362, 6.052241], [80.861242, 6.05107], [80.861247, 6.050857], [80.861199, 6.050302], [80.861139, 6.050061], [80.860979, 6.049358], [80.860895, 6.048667]]}, "properties": {"id": 1200, "u": 5041655899, "v": 9408213322, "safety": "unsafe", "district": "tangalle", "source": "ground_truth"}}, {"type": "Feature", "geometry": {"type": "LineString", "coordinates": [[80.782286, 6.039028], [80.782336, 6.039684]]}, "properties": {"id": 1201, "u": 5919734901, "v": 13145059434, "safety": "safe", "district": "tangalle", "source": "ground_truth"}}, {"type": "Feature", "geometry": {"type": "LineString", "coordinates": [[80.782286, 6.039028], [80.782271, 6.038939]]}, "properties": {"id": 1202, "u": 5919734901, "v": 13145059421, "safety": "safe", "district": "tangalle", "source": "ground_truth"}}, {"type": "Feature", "geometry": {"type": "LineString", "coordinates": [[80.781625, 6.039414], [80.781736, 6.039214], [80.782143, 6.039084], [80.782286, 6.039028]]}, "properties": {"id": 1203, "u": 5919734901, "v": 5919734907, "safety": "safe", "district": "tangalle", "source": "ground_truth"}}, {"type": "Feature", "geometry": {"type": "LineString", "coordinates": [[80.781121, 6.03951], [80.781492, 6.03944], [80.781625, 6.039414]]}, "properties": {"id": 1204, "u": 5919734907, "v": 5919734911, "safety": "safe", "district": "tangalle", "source": "ground_truth"}}, {"type": "Feature", "geometry": {"type": "LineString", "coordinates": [[80.782336, 6.039684], [80.781669, 6.039712], [80.781602, 6.039698], [80.781606, 6.039546], [80.781625, 6.039414]]}, "properties": {"id": 1205, "u": 5919734907, "v": 13145059434, "safety": "safe", "district": "tangalle", "source": "ground_truth"}}, {"type": "Feature", "geometry": {"type": "LineString", "coordinates": [[80.794745, 6.028627], [80.794755, 6.028629], [80.794765, 6.02863]]}, "properties": {"id": 1206, "u": 6545241017, "v": 6545241018, "safety": "unsafe", "district": "tangalle", "source": "ground_truth"}}, {"type": "Feature", "geometry": {"type": "LineString", "coordinates": [[80.797185, 6.023217], [80.797102, 6.023621], [80.79706, 6.023686], [80.796949, 6.023742], [80.796786, 6.023878]]}, "properties": {"id": 1207, "u": 6609744665, "v": 6609744669, "safety": "safe", "district": "tangalle", "source": "ground_truth"}}, {"type": "Feature", "geometry": {"type": "LineString", "coordinates": [[80.87469, 6.064933], [80.874603, 6.065574]]}, "properties": {"id": 1208, "u": 7097769425, "v": 7097769433, "safety": "safe", "district": "tangalle", "source": "ground_truth"}}, {"type": "Feature", "geometry": {"type": "LineString", "coordinates": [[80.874603, 6.065574], [80.875529, 6.065634], [80.874916, 6.06494], [80.87469, 6.064933]]}, "properties": {"id": 1209, "u": 7097769425, "v": 7097769433, "safety": "safe", "district": "tangalle", "source": "ground_truth"}}, {"type": "Feature", "geometry": {"type": "LineString", "coordinates": [[80.873986, 6.065569], [80.874117, 6.064925], [80.87469, 6.064933]]}, "properties": {"id": 1210, "u": 7097769425, "v": 7097769432, "safety": "unsafe", "district": "tangalle", "source": "ground_truth"}}, {"type": "Feature", "geometry": {"type": "LineString", "coordinates": [[80.873986, 6.065569], [80.874603, 6.065574]]}, "properties": {"id": 1211, "u": 7097769432, "v": 7097769433, "safety": "safe", "district": "tangalle", "source": "ground_truth"}}, {"type": "Feature", "geometry": {"type": "LineString", "coordinates": [[80.873986, 6.065569], [80.87336, 6.065957]]}, "properties": {"id": 1212, "u": 7097769432, "v": 7097769435, "safety": "safe", "district": "tangalle", "source": "ground_truth"}}, {"type": "Feature", "geometry": {"type": "LineString", "coordinates": [[80.861442, 6.052651], [80.861362, 6.052241]]}, "properties": {"id": 1213, "u": 9408213320, "v": 9408213322, "safety": "unsafe", "district": "tangalle", "source": "ground_truth"}}, {"type": "Feature", "geometry": {"type": "LineString", "coordinates": [[80.859238, 6.052282], [80.859623, 6.052259], [80.859894, 6.052192], [80.860154, 6.052182], [80.8606, 6.052276], [80.860823, 6.052282], [80.861362, 6.052241]]}, "properties": {"id": 1214, "u": 9408213322, "v": 9408213328, "safety": "unsafe", "district": "tangalle", "source": "ground_truth"}}, {"type": "Feature", "geometry": {"type": "LineString", "coordinates": [[80.785949, 6.032052], [80.785815, 6.032031], [80.785652, 6.031987], [80.785548, 6.031924], [80.785298, 6.031756], [80.785229, 6.031731], [80.785169, 6.031741], [80.78504, 6.031786]]}, "properties": {"id": 1215, "u": 9941727575, "v": 9941727579, "safety": "safe", "district": "tangalle", "source": "ground_truth"}}, {"type": "Feature", "geometry": {"type": "LineString", "coordinates": [[80.785949, 6.032052], [80.785933, 6.032566], [80.785956, 6.032713], [80.78604, 6.03303]]}, "properties": {"id": 1216, "u": 9941727577, "v": 9941727579, "safety": "safe", "district": "tangalle", "source": "ground_truth"}}, {"type": "Feature", "geometry": {"type": "LineString", "coordinates": [[80.797607, 6.025359], [80.797423, 6.025754], [80.797262, 6.02595], [80.797097, 6.026045], [80.79703, 6.026072]]}, "properties": {"id": 1217, "u": 10748185177, "v": 12048751731, "safety": "safe", "district": "tangalle", "source": "ground_truth"}}, {"type": "Feature", "geometry": {"type": "LineString", "coordinates": [[80.777884, 6.03967], [80.77745, 6.039519], [80.777303, 6.03949], [80.776139, 6.039502]]}, "properties": {"id": 1218, "u": 11524052419, "v": 11524052422, "safety": "safe", "district": "tangalle", "source": "ground_truth"}}, {"type": "Feature", "geometry": {"type": "LineString", "coordinates": [[80.776307, 6.038837], [80.776286, 6.038199]]}, "properties": {"id": 1219, "u": 11524052423, "v": 11524052424, "safety": "safe", "district": "tangalle", "source": "ground_truth"}}, {"type": "Feature", "geometry": {"type": "LineString", "coordinates": [[80.776058, 6.043291], [80.775174, 6.043204], [80.775061, 6.043199], [80.774969, 6.043227], [80.774943, 6.043246], [80.774918, 6.043395]]}, "properties": {"id": 1220, "u": 11524311234, "v": 11524311239, "safety": "safe", "district": "tangalle", "source": "ground_truth"}}, {"type": "Feature", "geometry": {"type": "LineString", "coordinates": [[80.776058, 6.043291], [80.776119, 6.043175]]}, "properties": {"id": 1221, "u": 11524311239, "v": 11524311249, "safety": "safe", "district": "tangalle", "source": "ground_truth"}}, {"type": "Feature", "geometry": {"type": "LineString", "coordinates": [[80.866097, 6.056527], [80.866445, 6.056583], [80.866638, 6.056621], [80.866872, 6.056682], [80.867068, 6.056751], [80.867226, 6.056794], [80.867406, 6.056847], [80.867566, 6.056885], [80.867652, 6.056901], [80.867709, 6.056879]]}, "properties": {"id": 1222, "u": 11577965821, "v": 11577965830, "safety": "unsafe", "district": "tangalle", "source": "ground_truth"}}, {"type": "Feature", "geometry": {"type": "LineString", "coordinates": [[80.862723, 6.063841], [80.862609, 6.064137], [80.862593, 6.06429]]}, "properties": {"id": 1223, "u": 11607161857, "v": 11607181258, "safety": "safe", "district": "tangalle", "source": "ground_truth"}}, {"type": "Feature", "geometry": {"type": "LineString", "coordinates": [[80.861896, 6.06447], [80.862035, 6.064481], [80.862347, 6.064363], [80.862593, 6.06429]]}, "properties": {"id": 1224, "u": 11607161857, "v": 11607161860, "safety": "safe", "district": "tangalle", "source": "ground_truth"}}, {"type": "Feature", "geometry": {"type": "LineString", "coordinates": [[80.862277, 6.065324], [80.862121, 6.06526], [80.861928, 6.065062], [80.861617, 6.064758], [80.861359, 6.064502], [80.861139, 6.064284], [80.860822, 6.063997]]}, "properties": {"id": 1225, "u": 11607171842, "v": 11607180992, "safety": "safe", "district": "tangalle", "source": "ground_truth"}}, {"type": "Feature", "geometry": {"type": "LineString", "coordinates": [[80.860412, 6.063612], [80.860732, 6.063916], [80.860822, 6.063997]]}, "properties": {"id": 1226, "u": 11607171842, "v": 11607180985, "safety": "safe", "district": "tangalle", "source": "ground_truth"}}, {"type": "Feature", "geometry": {"type": "LineString", "coordinates": [[80.862913, 6.063302], [80.862593, 6.063398], [80.862293, 6.063521], [80.861949, 6.063622], [80.861649, 6.063702], [80.861322, 6.063814], [80.860822, 6.063997]]}, "properties": {"id": 1227, "u": 11607171842, "v": 11607171848, "safety": "safe", "district": "tangalle", "source": "ground_truth"}}, {"type": "Feature", "geometry": {"type": "LineString", "coordinates": [[80.862723, 6.063841], [80.862912, 6.063352], [80.862913, 6.063302]]}, "properties": {"id": 1228, "u": 11607171848, "v": 11607181258, "safety": "safe", "district": "tangalle", "source": "ground_truth"}}, {"type": "Feature", "geometry": {"type": "LineString", "coordinates": [[80.861483, 6.064044], [80.861671, 6.064134], [80.862084, 6.064017], [80.862395, 6.06391], [80.862723, 6.063841]]}, "properties": {"id": 1229, "u": 11607181258, "v": 11607181262, "safety": "safe", "district": "tangalle", "source": "ground_truth"}}, {"type": "Feature", "geometry": {"type": "LineString", "coordinates": [[80.793952, 6.022337], [80.794007, 6.023215]]}, "properties": {"id": 1230, "u": 12048751732, "v": 12048751733, "safety": "safe", "district": "tangalle", "source": "ground_truth"}}, {"type": "Feature", "geometry": {"type": "LineString", "coordinates": [[80.861625, 6.057296], [80.863103, 6.057523], [80.863296, 6.057501], [80.863786, 6.057372], [80.863968, 6.057355], [80.864262, 6.057289], [80.864493, 6.057253], [80.864615, 6.05726]]}, "properties": {"id": 1231, "u": 12928006828, "v": 12928006840, "safety": "safe", "district": "tangalle", "source": "ground_truth"}}, {"type": "Feature", "geometry": {"type": "LineString", "coordinates": [[80.861625, 6.057296], [80.861649, 6.056826], [80.861609, 6.056581], [80.861674, 6.056223], [80.861706, 6.055834], [80.861725, 6.055546], [80.861695, 6.055356], [80.861717, 6.055084], [80.861802, 6.054924], [80.861883, 6.054759], [80.86207, 6.054311]]}, "properties": {"id": 1232, "u": 12928006830, "v": 12928006840, "safety": "unsafe", "district": "tangalle", "source": "ground_truth"}}, {"type": "Feature", "geometry": {"type": "LineString", "coordinates": [[80.862124, 6.061219], [80.861966, 6.060155], [80.861802, 6.058901], [80.86162, 6.057456], [80.861625, 6.057296]]}, "properties": {"id": 1233, "u": 12928006840, "v": 12928006844, "safety": "safe", "district": "tangalle", "source": "ground_truth"}}, {"type": "Feature", "geometry": {"type": "LineString", "coordinates": [[80.859386, 6.062621], [80.859729, 6.062983], [80.859961, 6.063217], [80.860024, 6.063298], [80.86007, 6.063428]]}, "properties": {"id": 1234, "u": 12928006845, "v": 12928006849, "safety": "safe", "district": "tangalle", "source": "ground_truth"}}, {"type": "Feature", "geometry": {"type": "LineString", "coordinates": [[80.782336, 6.039684], [80.78254, 6.039671], [80.782787, 6.039633], [80.782819, 6.039597], [80.782818, 6.039439], [80.782728, 6.038733], [80.7827, 6.038722], [80.782339, 6.038917], [80.782271, 6.038939]]}, "properties": {"id": 1235, "u": 13145059421, "v": 13145059434, "safety": "safe", "district": "tangalle", "source": "ground_truth"}}, {"type": "Feature", "geometry": {"type": "LineString", "coordinates": [[80.799242, 6.038647], [80.799821, 6.038334]]}, "properties": {"id": 1236, "u": 13572979536, "v": 13572979537, "safety": "unsafe", "district": "tangalle", "source": "ground_truth"}}, {"type": "Feature", "geometry": {"type": "LineString", "coordinates": [[80.812606, 6.047772], [80.812499, 6.047755], [80.812465, 6.047778], [80.812457, 6.047836], [80.812456, 6.047921], [80.81244, 6.048109], [80.812402, 6.048334], [80.812326, 6.048543], [80.812242, 6.04871]]}, "properties": {"id": 1237, "u": 13584756679, "v": 13584756687, "safety": "unsafe", "district": "tangalle", "source": "ground_truth"}}]}